-- phpMyAdmin SQL Dump
-- version 4.5.1
-- http://www.phpmyadmin.net
--
-- Host: 127.0.0.1
-- Generation Time: Oct 30, 2019 at 08:47 AM
-- Server version: 10.1.8-MariaDB
-- PHP Version: 5.6.14

SET SQL_MODE = "NO_AUTO_VALUE_ON_ZERO";
SET time_zone = "+00:00";


/*!40101 SET @OLD_CHARACTER_SET_CLIENT=@@CHARACTER_SET_CLIENT */;
/*!40101 SET @OLD_CHARACTER_SET_RESULTS=@@CHARACTER_SET_RESULTS */;
/*!40101 SET @OLD_COLLATION_CONNECTION=@@COLLATION_CONNECTION */;
/*!40101 SET NAMES utf8mb4 */;

--
-- Database: `siperdis`
--

-- --------------------------------------------------------

--
-- Table structure for table `tb_gol`
--

CREATE TABLE `tb_gol` (
  `id_gol` int(11) NOT NULL,
  `kode_gol` int(1) NOT NULL,
  `gol` varchar(5) NOT NULL
) ENGINE=InnoDB DEFAULT CHARSET=latin1;

--
-- Dumping data for table `tb_gol`
--

INSERT INTO `tb_gol` (`id_gol`, `kode_gol`, `gol`) VALUES
(0, 1, 'I/B'),
(1, 1, 'I/D'),
(2, 1, 'I/E'),
(3, 2, 'II/A'),
(4, 2, 'II/B'),
(5, 2, 'II/C'),
(6, 3, 'III/A'),
(7, 3, 'III/B'),
(8, 3, 'III/C'),
(9, 3, 'III/D'),
(11, 4, 'IV/A'),
(12, 4, 'IV/B'),
(13, 4, 'IV/C'),
(14, 4, 'IV/D'),
(15, 4, 'IV/E'),
(16, 2, 'II/D');

-- --------------------------------------------------------

--
-- Table structure for table `tb_kelengkapan`
--

CREATE TABLE `tb_kelengkapan` (
  `id_kelengkapan` int(11) NOT NULL,
  `uraian` varchar(255) NOT NULL
) ENGINE=InnoDB DEFAULT CHARSET=latin1;

--
-- Dumping data for table `tb_kelengkapan`
--

INSERT INTO `tb_kelengkapan` (`id_kelengkapan`, `uraian`) VALUES
(1, 'Surat Pemanggilan / ST dari Dirjen atau Instansi terkait'),
(2, 'Surat Perintah Tugas dari Kepala'),
(3, 'Surat Perjalanan Dinas'),
(4, 'Tiket Pesawat / Bis / Kereta api'),
(5, 'Boarding Pas'),
(6, 'Bukti Pembayaran Penginapan / Hotel'),
(7, 'Laporan Pelaksanaan Tugas'),
(8, 'Daftar Agenda');

-- --------------------------------------------------------

--
-- Table structure for table `tb_kwitansi`
--

CREATE TABLE `tb_kwitansi` (
  `id_kwitansi` int(11) NOT NULL,
  `id_spd` int(11) NOT NULL,
  `id_peg` int(11) NOT NULL,
  `id_satker` int(11) NOT NULL,
  `id_rincian` int(11) NOT NULL,
  `id_user` varchar(50) NOT NULL DEFAULT '',
  `jumlah` double NOT NULL,
  `ta` int(11) NOT NULL,
  `jns_tuj` varchar(16) NOT NULL
) ENGINE=InnoDB DEFAULT CHARSET=latin1;

--
-- Dumping data for table `tb_kwitansi`
--

INSERT INTO `tb_kwitansi` (`id_kwitansi`, `id_spd`, `id_peg`, `id_satker`, `id_rincian`, `id_user`, `jumlah`, `ta`, `jns_tuj`) VALUES
(3, 16, 500, 1, 14, '', 3680000, 62, 'Dalam Negeri'),
(4, 16, 254, 1, 15, '', 6140000, 62, 'Dalam Negeri'),
(5, 16, 223, 1, 17, '', 4540000, 62, 'Dalam Negeri'),
(6, 16, 224, 1, 18, '', 3680000, 62, 'Dalam Negeri'),
(7, 16, 227, 1, 19, '', 3680000, 62, 'Dalam Negeri'),
(8, 16, 231, 1, 20, '', 3680000, 62, 'Dalam Negeri'),
(9, 16, 497, 1, 22, '', 6140000, 62, 'Dalam Negeri'),
(10, 16, 408, 1, 21, '', 3680000, 62, 'Dalam Negeri'),
(11, 15, 347, 2, 7, '', 680000, 63, 'Dalam Negeri'),
(12, 15, 329, 2, 8, '', 550000, 63, 'Dalam Negeri'),
(13, 15, 330, 2, 9, '', 680000, 63, 'Dalam Negeri'),
(14, 15, 351, 2, 10, '', 680000, 63, 'Dalam Negeri'),
(15, 15, 343, 2, 11, '', 680000, 63, 'Dalam Negeri'),
(16, 15, 91, 2, 12, '', 680000, 63, 'Dalam Negeri'),
(17, 15, 336, 2, 13, '', 680000, 63, 'Dalam Negeri'),
(18, 52, 118, 4, 35, '', 3668000, 65, 'Dalam Negeri'),
(19, 52, 549, 4, 36, '', 3668000, 65, 'Dalam Negeri'),
(20, 52, 547, 4, 37, '', 3668000, 65, 'Dalam Negeri'),
(21, 52, 517, 4, 38, '', 3668000, 65, 'Dalam Negeri'),
(22, 59, 87, 4, 47, '', 1080000, 65, 'Dalam Negeri'),
(23, 59, 85, 4, 48, '', 1080000, 65, 'Dalam Negeri'),
(24, 59, 101, 4, 49, '', 1080000, 65, 'Dalam Negeri'),
(25, 61, 84, 4, 50, '', 1080000, 65, 'Dalam Negeri'),
(26, 61, 85, 4, 51, '', 1080000, 65, 'Dalam Negeri'),
(27, 61, 108, 4, 52, '', 2160000, 65, 'Dalam Negeri'),
(28, 61, 87, 4, 53, '', 1610000, 65, 'Dalam Negeri'),
(29, 61, 121, 4, 54, '', 2160000, 65, 'Dalam Negeri'),
(30, 61, 120, 4, 55, '', 2160000, 65, 'Dalam Negeri'),
(31, 28, 188, 1, 69, '', 3240000, 62, 'Dalam Negeri'),
(32, 68, 329, 2, 70, '', 550000, 63, 'Dalam Negeri'),
(33, 68, 347, 2, 71, '', 680000, 63, 'Dalam Negeri'),
(34, 68, 330, 2, 73, '', 680000, 63, 'Dalam Negeri'),
(35, 68, 275, 2, 74, '', 680000, 63, 'Dalam Negeri'),
(36, 68, 351, 2, 75, '', 680000, 63, 'Dalam Negeri'),
(37, 68, 336, 2, 76, '', 680000, 63, 'Dalam Negeri'),
(38, 68, 334, 2, 79, '', 680000, 63, 'Dalam Negeri'),
(39, 112, 93, 4, 107, '', 5500000, 65, 'Dalam Negeri'),
(40, 113, 88, 4, 108, '', 5500000, 65, 'Dalam Negeri'),
(41, 115, 315, 2, 109, '', 1910000, 63, 'Dalam Negeri'),
(42, 115, 316, 2, 110, '', 1910000, 63, 'Dalam Negeri'),
(43, 115, 307, 2, 111, '', 1910000, 63, 'Dalam Negeri'),
(44, 115, 311, 2, 112, '', 1910000, 63, 'Dalam Negeri'),
(45, 115, 318, 2, 113, '', 1910000, 63, 'Dalam Negeri'),
(46, 115, 321, 2, 114, '', 1910000, 63, 'Dalam Negeri'),
(47, 115, 314, 2, 115, '', 1910000, 63, 'Dalam Negeri'),
(48, 115, 326, 2, 116, '', 1910000, 63, 'Dalam Negeri'),
(49, 118, 3, 4, 118, '', 0, 65, 'Dalam Negeri'),
(50, 84, 87, 4, 124, '', 2390000, 65, 'Dalam Negeri'),
(51, 84, 101, 4, 123, '', 2390000, 65, 'Dalam Negeri'),
(52, 84, 121, 4, 122, '', 2390000, 65, 'Dalam Negeri'),
(53, 84, 84, 4, 94, '', 2690000, 65, 'Dalam Negeri'),
(54, 84, 120, 4, 121, '', 2390000, 65, 'Dalam Negeri'),
(55, 84, 94, 4, 120, '', 2390000, 65, 'Dalam Negeri'),
(56, 84, 85, 4, 95, '', 2390000, 65, 'Dalam Negeri'),
(58, 136, 76, 4, 242, '', 1080000, 65, 'Dalam Negeri'),
(59, 136, 82, 4, 243, '', 1080000, 65, 'Dalam Negeri'),
(60, 136, 24, 4, 244, '', 1080000, 65, 'Dalam Negeri'),
(61, 139, 24, 4, 256, '', 1080000, 65, 'Dalam Negeri'),
(62, 138, 81, 4, 253, '', 1080000, 65, 'Dalam Negeri'),
(63, 138, 80, 4, 252, '', 1080000, 65, 'Dalam Negeri'),
(64, 138, 76, 4, 251, '', 1080000, 65, 'Dalam Negeri'),
(65, 138, 74, 4, 250, '', 1080000, 65, 'Dalam Negeri'),
(66, 138, 83, 4, 249, '', 1080000, 65, 'Dalam Negeri'),
(67, 139, 78, 4, 255, '', 1080000, 65, 'Dalam Negeri'),
(68, 139, 74, 4, 254, '', 1080000, 65, 'Dalam Negeri'),
(69, 139, 82, 4, 257, '', 1080000, 65, 'Dalam Negeri'),
(70, 84, 118, 4, 339, '', 2265000, 65, 'Dalam Negeri'),
(71, 84, 154, 4, 340, '', 2265000, 65, 'Dalam Negeri'),
(72, 84, 122, 4, 341, '', 2265000, 65, 'Dalam Negeri'),
(73, 84, 72, 4, 342, '', 2265000, 65, 'Dalam Negeri'),
(74, 153, 273, 2, 324, '', 3930000, 63, 'Dalam Negeri'),
(75, 30, 308, 2, 28, '', 3360000, 63, 'Dalam Negeri'),
(76, 30, 288, 2, 29, '', 3360000, 63, 'Dalam Negeri'),
(77, 30, 317, 2, 31, '', 3360000, 63, 'Dalam Negeri'),
(78, 30, 324, 2, 33, '', 3360000, 63, 'Dalam Negeri'),
(79, 30, 328, 2, 34, '', 3360000, 63, 'Dalam Negeri'),
(80, 152, 274, 2, 338, '', 550000, 63, 'Dalam Negeri'),
(81, 203, 99, 4, 469, '', 3794000, 65, 'Dalam Negeri'),
(82, 251, 166, 1, 616, '', 4638000, 62, 'Dalam Negeri'),
(83, 262, 146, 4, 682, '', 426000, 65, 'Dalam Negeri'),
(84, 262, 143, 4, 681, '', 676000, 65, 'Dalam Negeri'),
(85, 262, 563, 4, 683, '', 426000, 65, 'Dalam Negeri'),
(86, 262, 562, 4, 689, '', 426000, 65, 'Dalam Negeri'),
(87, 262, 561, 4, 690, '', 426000, 65, 'Dalam Negeri'),
(88, 262, 566, 4, 691, '', 426000, 65, 'Dalam Negeri'),
(89, 155, 143, 4, 326, '', 29896120, 65, 'Luar Negeri'),
(90, 78, 281, 2, 649, '', 5775690, 63, 'Dalam Negeri'),
(91, 78, 282, 2, 648, '', 4230500, 63, 'Dalam Negeri'),
(92, 78, 503, 2, 650, '', 5775690, 63, 'Dalam Negeri'),
(93, 78, 280, 2, 647, '', 6485690, 63, 'Dalam Negeri'),
(94, 290, 315, 2, 0, '', 1140000, 63, 'Dalam Negeri'),
(95, 290, 321, 2, 712, '', 1790000, 63, 'Dalam Negeri'),
(96, 290, 315, 2, 707, '', 1790000, 63, 'Dalam Negeri'),
(97, 290, 81, 2, 708, '', 1790000, 63, 'Dalam Negeri'),
(98, 290, 316, 2, 709, '', 1790000, 63, 'Dalam Negeri'),
(99, 290, 91, 2, 710, '', 1790000, 63, 'Dalam Negeri'),
(100, 295, 143, 4, 0, '', 0, 65, 'Dalam Negeri'),
(101, 295, 143, 4, 716, '', 5640000, 65, 'Dalam Negeri'),
(102, 295, 566, 4, 717, '', 2776000, 65, 'Dalam Negeri'),
(103, 295, 565, 4, 718, '', 1876000, 65, 'Dalam Negeri'),
(104, 295, 564, 4, 719, '', 2010000, 65, 'Dalam Negeri'),
(105, 295, 560, 4, 720, '', 1460000, 65, 'Dalam Negeri'),
(106, 295, 147, 4, 721, '', 2776000, 65, 'Dalam Negeri'),
(107, 303, 123, 4, 0, '', 1060000, 65, 'Dalam Negeri'),
(108, 303, 103, 4, 0, '', 1060000, 65, 'Dalam Negeri'),
(109, 167, 237, 1, 0, '', 1290000, 62, 'Dalam Negeri'),
(110, 167, 237, 1, 740, '', 2762000, 62, 'Dalam Negeri'),
(111, 315, 238, 1, 0, '', 530000, 62, 'Dalam Negeri'),
(112, 315, 236, 1, 0, '', 530000, 62, 'Dalam Negeri'),
(113, 315, 238, 1, 745, '', 810000, 62, 'Dalam Negeri'),
(114, 315, 236, 1, 746, '', 810000, 62, 'Dalam Negeri'),
(115, 317, 710, 4, 0, '', 1640000, 65, 'Dalam Negeri'),
(116, 202, 282, 4, 706, '', 2890000, 63, 'Dalam Negeri'),
(117, 202, 88, 4, 711, '', 2890000, 63, 'Dalam Negeri'),
(118, 317, 24, 4, 0, '', 1640000, 65, 'Dalam Negeri'),
(119, 202, 700, 4, 713, '', 2490000, 63, 'Dalam Negeri'),
(120, 202, 699, 4, 714, '', 2490000, 63, 'Dalam Negeri'),
(121, 317, 707, 4, 0, '', 1640000, 65, 'Dalam Negeri'),
(122, 202, 705, 4, 715, '', 2490000, 63, 'Dalam Negeri'),
(123, 317, 710, 4, 750, '', 10419426, 65, 'Dalam Negeri'),
(124, 317, 24, 4, 751, '', 10419426, 65, 'Dalam Negeri'),
(125, 317, 707, 4, 752, '', 10419426, 65, 'Dalam Negeri');

-- --------------------------------------------------------

--
-- Table structure for table `tb_logo`
--

CREATE TABLE `tb_logo` (
  `id_logo` int(11) NOT NULL,
  `logo1` varchar(255) NOT NULL,
  `logo2` varchar(255) NOT NULL
) ENGINE=InnoDB DEFAULT CHARSET=latin1;

--
-- Dumping data for table `tb_logo`
--

INSERT INTO `tb_logo` (`id_logo`, `logo1`, `logo2`) VALUES
(1, '20190830-111641-APP.jpg', '20190715-171742-PRINT.jpg');

-- --------------------------------------------------------

--
-- Table structure for table `tb_nominatif`
--

CREATE TABLE `tb_nominatif` (
  `id_nominatif` int(11) NOT NULL,
  `id_spd` int(11) NOT NULL,
  `pegawai` varchar(255) NOT NULL,
  `id_satker` int(11) DEFAULT NULL,
  `id_user` varchar(50) DEFAULT NULL
) ENGINE=InnoDB DEFAULT CHARSET=latin1;

--
-- Dumping data for table `tb_nominatif`
--

INSERT INTO `tb_nominatif` (`id_nominatif`, `id_spd`, `pegawai`, `id_satker`, `id_user`) VALUES
(912, 1, '70', 4, 'keu1'),
(913, 2, '262', 1, 'kontra1'),
(915, 4, '399', 3, 'amerop1'),
(932, 8, '239', 1, 'pengawasan1'),
(933, 8, '243', 1, 'pengawasan1'),
(945, 10, '185', 1, 'binmas1'),
(987, 15, '329', 2, 'anev1'),
(988, 15, '347', 2, 'anev1'),
(989, 15, '330', 2, 'anev1'),
(990, 15, '351', 2, 'anev1'),
(991, 15, '343', 2, 'anev1'),
(992, 15, '91', 2, 'anev1'),
(993, 15, '336', 2, 'anev1'),
(1010, 17, '273', 2, 'sisop1'),
(1011, 17, '515', 2, 'sisop1'),
(1041, 21, '271', 2, 'sisop1'),
(1042, 21, '315', 2, 'sisop1'),
(1043, 21, '306', 2, 'sisop1'),
(1044, 21, '322', 2, 'sisop1'),
(1045, 21, '316', 2, 'sisop1'),
(1046, 21, '309', 2, 'sisop1'),
(1047, 21, '308', 2, 'sisop1'),
(1048, 21, '307', 2, 'sisop1'),
(1049, 21, '311', 2, 'sisop1'),
(1050, 21, '318', 2, 'sisop1'),
(1051, 21, '312', 2, 'sisop1'),
(1052, 21, '319', 2, 'sisop1'),
(1053, 21, '321', 2, 'sisop1'),
(1054, 21, '325', 2, 'sisop1'),
(1055, 21, '314', 2, 'sisop1'),
(1056, 21, '326', 2, 'sisop1'),
(1057, 21, '328', 2, 'sisop1'),
(1058, 21, '502', 2, 'sisop1'),
(1059, 21, '501', 2, 'sisop1'),
(1060, 21, '111', 2, 'sisop1'),
(1101, 26, '185', 1, 'binmas1'),
(1102, 26, '187', 1, 'binmas1'),
(1103, 26, '186', 1, 'binmas1'),
(1104, 26, '190', 1, 'binmas1'),
(1105, 26, '192', 1, 'binmas1'),
(1106, 26, '194', 1, 'binmas1'),
(1107, 26, '191', 1, 'binmas1'),
(1108, 26, '193', 1, 'binmas1'),
(1109, 26, '453', 1, 'binmas1'),
(1110, 26, '458', 1, 'binmas1'),
(1111, 26, '452', 1, 'binmas1'),
(1112, 27, '252', 1, 'binmas1'),
(1153, 31, '340', 2, 'hubal1'),
(1154, 31, '353', 2, 'hubal1'),
(1155, 31, '345', 2, 'hubal1'),
(1156, 32, '341', 2, 'hubal1'),
(1157, 32, '335', 2, 'hubal1'),
(1158, 33, '536', 2, 'hubal1'),
(1159, 34, '140', 4, 'inspek1'),
(1160, 34, '142', 4, 'inspek1'),
(1226, 41, '344', 2, 'hubal1'),
(1227, 41, '333', 2, 'hubal1'),
(1228, 41, '338', 2, 'hubal1'),
(1229, 41, '277', 2, 'hubal1'),
(1230, 41, '409', 2, 'hubal1'),
(1231, 41, '416', 2, 'hubal1'),
(1232, 41, '538', 2, 'hubal1'),
(1233, 41, '540', 2, 'hubal1'),
(1234, 41, '541', 2, 'hubal1'),
(1253, 40, '274', 2, 'hubal1'),
(1254, 40, '526', 2, 'hubal1'),
(1255, 40, '528', 2, 'hubal1'),
(1256, 40, '527', 2, 'hubal1'),
(1257, 40, '339', 2, 'hubal1'),
(1258, 40, '519', 2, 'hubal1'),
(1259, 40, '529', 2, 'hubal1'),
(1260, 40, '520', 2, 'hubal1'),
(1261, 40, '533', 2, 'hubal1'),
(1262, 40, '534', 2, 'hubal1'),
(1271, 37, '129', 4, 'inspek1'),
(1272, 37, '138', 4, 'inspek1'),
(1273, 37, '139', 4, 'inspek1'),
(1274, 37, '137', 4, 'inspek1'),
(1275, 37, '141', 4, 'inspek1'),
(1276, 37, '140', 4, 'inspek1'),
(1293, 39, '535', 2, 'hubal1'),
(1294, 39, '543', 2, 'hubal1'),
(1295, 39, '545', 2, 'hubal1'),
(1296, 39, '544', 2, 'hubal1'),
(1297, 39, '539', 2, 'hubal1'),
(1298, 39, '546', 2, 'hubal1'),
(1299, 39, '542', 2, 'hubal1'),
(1300, 42, '58', 4, 'keu1'),
(1301, 42, '59', 4, 'keu1'),
(1302, 42, '65', 4, 'keu1'),
(1303, 42, '64', 4, 'keu1'),
(1304, 42, '67', 4, 'keu1'),
(1305, 42, '68', 4, 'keu1'),
(1306, 42, '70', 4, 'keu1'),
(1307, 42, '71', 4, 'keu1'),
(1308, 42, '73', 4, 'keu1'),
(1478, 49, '255', 4, 'dapel1'),
(1479, 49, '224', 4, 'dapel1'),
(1480, 49, '188', 4, 'dapel1'),
(1481, 49, '199', 4, 'dapel1'),
(1482, 49, '257', 4, 'dapel1'),
(1483, 49, '259', 4, 'dapel1'),
(1484, 49, '176', 4, 'dapel1'),
(1485, 49, '258', 4, 'dapel1'),
(1486, 49, '27', 4, 'dapel1'),
(1487, 50, '275', 4, 'dapel1'),
(1488, 50, '341', 4, 'dapel1'),
(1489, 50, '309', 4, 'dapel1'),
(1490, 50, '343', 4, 'dapel1'),
(1491, 50, '332', 4, 'dapel1'),
(1492, 50, '312', 4, 'dapel1'),
(1493, 50, '286', 4, 'dapel1'),
(1494, 51, '397', 4, 'dapel1'),
(1495, 51, '364', 4, 'dapel1'),
(1496, 51, '369', 4, 'dapel1'),
(1497, 51, '383', 4, 'dapel1'),
(1498, 51, '378', 4, 'dapel1'),
(1499, 51, '398', 4, 'dapel1'),
(1500, 51, '390', 4, 'dapel1'),
(1501, 51, '333', 4, 'dapel1'),
(1502, 51, '358', 4, 'dapel1'),
(1503, 51, '172', 4, 'dapel1'),
(1521, 52, '517', 4, 'rumga2'),
(1522, 52, '547', 4, 'rumga2'),
(1523, 52, '549', 4, 'rumga2'),
(1524, 52, '118', 4, 'rumga2'),
(1553, 44, '57', 4, 'keu2'),
(1554, 44, '59', 4, 'keu2'),
(1555, 44, '62', 4, 'keu2'),
(1556, 44, '65', 4, 'keu2'),
(1557, 44, '73', 4, 'keu2'),
(1558, 45, '153', 4, 'dapel1'),
(1559, 45, '59', 4, 'dapel1'),
(1560, 45, '85', 4, 'dapel1'),
(1561, 45, '48', 4, 'dapel1'),
(1562, 45, '60', 4, 'dapel1'),
(1563, 45, '131', 4, 'dapel1'),
(1564, 45, '87', 4, 'dapel1'),
(1565, 45, '44', 4, 'dapel1'),
(1566, 45, '154', 4, 'dapel1'),
(1587, 47, '274', 2, 'linkum1'),
(1588, 47, '346', 2, 'linkum1'),
(1589, 47, '348', 2, 'linkum1'),
(1590, 47, '332', 2, 'linkum1'),
(1591, 47, '331', 2, 'linkum1'),
(1592, 47, '343', 2, 'linkum1'),
(1593, 47, '350', 2, 'linkum1'),
(1594, 47, '63', 2, 'linkum1'),
(1595, 47, '154', 2, 'linkum1'),
(1596, 47, '279', 2, 'linkum1'),
(1613, 36, '130', 4, 'inspek1'),
(1614, 36, '132', 4, 'inspek1'),
(1615, 36, '133', 4, 'inspek1'),
(1616, 36, '134', 4, 'inspek1'),
(1617, 36, '135', 4, 'inspek1'),
(1618, 36, '131', 4, 'inspek1'),
(1619, 36, '136', 4, 'inspek1'),
(1620, 36, '142', 4, 'inspek1'),
(1621, 35, '130', 4, 'inspek1'),
(1622, 35, '131', 4, 'inspek1'),
(1669, 16, '254', 1, 'pamling1'),
(1670, 16, '223', 1, 'pamling1'),
(1671, 16, '224', 1, 'pamling1'),
(1672, 16, '227', 1, 'pamling1'),
(1673, 16, '231', 1, 'pamling1'),
(1674, 16, '408', 1, 'pamling1'),
(1675, 16, '497', 1, 'pamling1'),
(1676, 16, '500', 1, 'pamling1'),
(1677, 56, '254', 1, 'pamling1'),
(1678, 56, '223', 1, 'pamling1'),
(1679, 56, '225', 1, 'pamling1'),
(1680, 56, '227', 1, 'pamling1'),
(1681, 56, '229', 1, 'pamling1'),
(1682, 56, '230', 1, 'pamling1'),
(1683, 56, '445', 1, 'pamling1'),
(1684, 56, '446', 1, 'pamling1'),
(1685, 56, '497', 1, 'pamling1'),
(1686, 56, '499', 1, 'pamling1'),
(1687, 57, '408', 1, 'kontra1'),
(1688, 57, '410', 1, 'kontra1'),
(1691, 59, '85', 4, 'rumga2'),
(1692, 59, '87', 4, 'rumga2'),
(1693, 59, '101', 4, 'rumga2'),
(1695, 60, '143', 3, 'stafppk3'),
(1696, 61, '84', 4, 'rumga2'),
(1697, 61, '85', 4, 'rumga2'),
(1698, 61, '87', 4, 'rumga2'),
(1699, 61, '121', 4, 'rumga2'),
(1700, 61, '120', 4, 'rumga2'),
(1701, 61, '108', 4, 'rumga2'),
(1702, 58, '396', 3, 'amerop1'),
(1703, 58, '366', 3, 'amerop1'),
(1724, 63, '151', 4, 'roum'),
(1725, 63, '518', 4, 'roum'),
(1726, 63, '423', 4, 'roum'),
(1727, 63, '155', 4, 'roum'),
(1744, 46, '57', 4, 'keu2'),
(1745, 46, '58', 4, 'keu2'),
(1746, 46, '62', 4, 'keu2'),
(1747, 46, '64', 4, 'keu2'),
(1748, 46, '67', 4, 'keu2'),
(1749, 46, '66', 4, 'keu2'),
(1750, 46, '70', 4, 'keu2'),
(1751, 46, '72', 4, 'keu2'),
(1756, 65, '203', 1, 'kontra1'),
(1757, 65, '413', 1, 'kontra1'),
(1762, 66, '196', 1, 'kontra1'),
(1763, 66, '200', 1, 'kontra1'),
(1774, 28, '188', 1, 'binmas1'),
(1775, 28, '454', 1, 'binmas1'),
(1776, 28, '447', 1, 'binmas1'),
(1789, 68, '329', 2, 'anev1'),
(1790, 68, '347', 2, 'anev1'),
(1791, 68, '330', 2, 'anev1'),
(1792, 68, '275', 2, 'anev1'),
(1793, 68, '351', 2, 'anev1'),
(1794, 68, '336', 2, 'anev1'),
(1795, 68, '334', 2, 'anev1'),
(1796, 64, '550', 3, 'multi1'),
(1797, 64, '368', 3, 'multi1'),
(1798, 64, '378', 3, 'multi1'),
(1799, 64, '372', 3, 'multi1'),
(1811, 70, '274', 2, 'linkum1'),
(1812, 70, '346', 2, 'linkum1'),
(1813, 70, '348', 2, 'linkum1'),
(1814, 70, '350', 2, 'linkum1'),
(1815, 70, '62', 2, 'linkum1'),
(1816, 70, '332', 2, 'linkum1'),
(1817, 70, '331', 2, 'linkum1'),
(1818, 70, '343', 2, 'linkum1'),
(1819, 70, '338', 2, 'linkum1'),
(1820, 70, '502', 2, 'linkum1'),
(1821, 71, '48', 4, 'kepeg1'),
(1822, 71, '50', 4, 'kepeg1'),
(1823, 71, '51', 4, 'kepeg1'),
(1824, 71, '52', 4, 'kepeg1'),
(1825, 71, '54', 4, 'kepeg1'),
(1826, 71, '53', 4, 'kepeg1'),
(1827, 71, '56', 4, 'kepeg1'),
(1828, 71, '553', 4, 'kepeg1'),
(1829, 71, '55', 4, 'kepeg1'),
(1831, 72, '239', 1, 'pengawasan1'),
(1895, 77, '240', 1, 'pengawasan1'),
(1896, 77, '246', 1, 'pengawasan1'),
(1897, 76, '359', 3, 'amerop1'),
(1930, 78, '280', 2, 'siaga1'),
(1931, 78, '282', 2, 'siaga1'),
(1932, 78, '281', 2, 'siaga1'),
(1933, 78, '503', 2, 'siaga1'),
(1934, 79, '239', 1, 'pengawasan1'),
(1935, 79, '244', 1, 'pengawasan1'),
(1936, 80, '382', 3, 'pwni1'),
(1937, 80, '385', 3, 'pwni1'),
(2081, 87, '57', 4, 'keu2'),
(2082, 87, '58', 4, 'keu2'),
(2083, 87, '59', 4, 'keu2'),
(2084, 87, '62', 4, 'keu2'),
(2085, 87, '65', 4, 'keu2'),
(2086, 87, '70', 4, 'keu2'),
(2141, 90, '362', 3, 'aspasaf1'),
(2147, 82, '130', 4, 'inspek1'),
(2227, 92, '197', 1, 'kontra1'),
(2228, 92, '364', 3, 'aspasaf1'),
(2229, 92, '365', 3, 'aspasaf1'),
(2230, 92, '357', 3, 'aspasaf1'),
(2231, 92, '358', 3, 'aspasaf1'),
(2232, 92, '352', 3, 'aspasaf1'),
(2233, 92, '367', 3, 'aspasaf1'),
(2234, 92, '361', 3, 'aspasaf1'),
(2235, 92, '399', 3, 'aspasaf1'),
(2236, 92, '555', 3, 'aspasaf1'),
(2237, 92, '364', 3, 'aspasaf1'),
(2238, 92, '365', 3, 'aspasaf1'),
(2239, 92, '357', 3, 'aspasaf1'),
(2240, 92, '358', 3, 'aspasaf1'),
(2241, 92, '352', 3, 'aspasaf1'),
(2242, 92, '367', 3, 'aspasaf1'),
(2243, 92, '361', 3, 'aspasaf1'),
(2244, 92, '399', 3, 'aspasaf1'),
(2245, 92, '555', 3, 'aspasaf1'),
(2255, 30, '308', 2, 'latih1'),
(2256, 30, '288', 2, 'latih1'),
(2257, 30, '317', 2, 'latih1'),
(2258, 30, '324', 2, 'latih1'),
(2259, 30, '328', 2, 'latih1'),
(2374, 81, '60', 4, 'keu2'),
(2375, 81, '62', 4, 'keu2'),
(2376, 81, '64', 4, 'keu2'),
(2377, 81, '70', 4, 'keu2'),
(2378, 81, '71', 4, 'keu2'),
(2379, 81, '73', 4, 'keu2'),
(2380, 81, '72', 4, 'keu2'),
(2404, 93, '365', 3, 'aspasaf1'),
(2405, 93, '399', 3, 'aspasaf1'),
(2406, 93, '357', 3, 'aspasaf1'),
(2407, 93, '361', 3, 'aspasaf1'),
(2408, 93, '352', 3, 'aspasaf1'),
(2409, 93, '555', 3, 'aspasaf1'),
(2410, 93, '367', 3, 'aspasaf1'),
(2411, 93, '358', 3, 'aspasaf1'),
(2412, 93, '364', 3, 'aspasaf1'),
(2413, 100, '41', 4, 'humas1'),
(2414, 100, '45', 4, 'humas1'),
(2415, 100, '42', 4, 'humas1'),
(2416, 100, '46', 4, 'humas1'),
(2417, 100, '28', 4, 'humas1'),
(2418, 101, '240', 1, 'pengawasan1'),
(2419, 101, '248', 1, 'pengawasan1'),
(2468, 104, '252', 1, 'binmas1'),
(2554, 106, '235', 1, 'obvit1'),
(2555, 106, '236', 1, 'obvit1'),
(2556, 106, '237', 1, 'obvit1'),
(2557, 106, '222', 1, 'obvit1'),
(2558, 106, '238', 1, 'obvit1'),
(2559, 106, '443', 1, 'obvit1'),
(2560, 106, '444', 1, 'obvit1'),
(2561, 106, '442', 1, 'obvit1'),
(2577, 107, '234', 1, 'obvit1'),
(2580, 103, '185', 1, 'binmas1'),
(2581, 103, '189', 1, 'binmas1'),
(2582, 103, '188', 1, 'binmas1'),
(2583, 103, '186', 1, 'binmas1'),
(2584, 103, '195', 1, 'binmas1'),
(2585, 103, '187', 1, 'binmas1'),
(2586, 103, '448', 1, 'binmas1'),
(2587, 103, '458', 1, 'binmas1'),
(2588, 103, '192', 1, 'binmas1'),
(2589, 103, '450', 1, 'binmas1'),
(2590, 103, '459', 1, 'binmas1'),
(2591, 103, '456', 1, 'binmas1'),
(2592, 103, '455', 1, 'binmas1'),
(2593, 103, '447', 1, 'binmas1'),
(2595, 109, '454', 1, 'obvit1'),
(2596, 110, '190', 1, 'binmas1'),
(2599, 112, '93', 4, 'rumga1'),
(2601, 113, '88', 4, 'rumga1'),
(2602, 113, '13', 4, 'dapel1'),
(2603, 114, '13', 4, 'dapel1'),
(2612, 67, '253', 1, 'kontra1'),
(2613, 67, '412', 1, 'kontra1'),
(2614, 67, '258', 1, 'kontra1'),
(2615, 67, '203', 1, 'kontra1'),
(2616, 67, '419', 1, 'kontra1'),
(2617, 67, '199', 1, 'kontra1'),
(2618, 67, '256', 1, 'kontra1'),
(2619, 67, '198', 1, 'kontra1'),
(2620, 67, '205', 1, 'kontra1'),
(2621, 67, '413', 1, 'kontra1'),
(2622, 67, '425', 1, 'kontra1'),
(2623, 67, '421', 1, 'kontra1'),
(2626, 117, '3', 4, 'dapel1'),
(2627, 118, '3', 4, 'dapel1'),
(2636, 115, '315', 2, 'sisop1'),
(2637, 115, '316', 2, 'sisop1'),
(2638, 115, '307', 2, 'sisop1'),
(2639, 115, '311', 2, 'sisop1'),
(2640, 115, '318', 2, 'sisop1'),
(2641, 115, '321', 2, 'sisop1'),
(2642, 115, '314', 2, 'sisop1'),
(2643, 115, '326', 2, 'sisop1'),
(2644, 119, '253', 1, 'kontra1'),
(2645, 119, '258', 1, 'kontra1'),
(2651, 120, '152', 4, 'humas1'),
(2652, 120, '38', 4, 'humas1'),
(2653, 120, '8', 4, 'humas1'),
(2654, 116, '175', 1, 'binlapsus1'),
(2655, 116, '586', 1, 'binlapsus1'),
(2656, 116, '476', 1, 'binlapsus1'),
(2673, 105, '254', 1, 'obvit1'),
(2674, 105, '232', 1, 'obvit1'),
(2675, 105, '557', 1, 'obvit1'),
(2676, 105, '323', 1, 'obvit1'),
(2677, 105, '558', 1, 'obvit1'),
(2678, 105, '234', 1, 'obvit1'),
(2679, 105, '233', 1, 'obvit1'),
(2735, 108, '226', 1, 'obvit1'),
(2736, 108, '228', 1, 'obvit1'),
(2737, 108, '243', 1, 'obvit1'),
(2738, 108, '231', 1, 'obvit1'),
(2739, 108, '262', 1, 'obvit1'),
(2740, 108, '66', 1, 'obvit1'),
(2741, 108, '407', 1, 'obvit1'),
(2742, 108, '422', 1, 'obvit1'),
(2743, 108, '266', 1, 'obvit1'),
(2744, 108, '559', 1, 'obvit1'),
(2762, 122, '339', 2, 'hubal1'),
(2763, 122, '340', 2, 'hubal1'),
(2764, 122, '341', 2, 'hubal1'),
(2765, 122, '344', 2, 'hubal1'),
(2766, 122, '333', 2, 'hubal1'),
(2767, 122, '335', 2, 'hubal1'),
(2768, 122, '345', 2, 'hubal1'),
(2769, 122, '567', 2, 'hubal1'),
(2770, 122, '569', 2, 'hubal1'),
(2771, 122, '573', 2, 'hubal1'),
(2772, 122, '577', 2, 'hubal1'),
(2773, 122, '579', 2, 'hubal1'),
(2774, 123, '567', 2, 'hubal1'),
(2775, 123, '571', 2, 'hubal1'),
(2776, 123, '572', 2, 'hubal1'),
(2777, 123, '573', 2, 'hubal1'),
(2778, 123, '574', 2, 'hubal1'),
(2779, 123, '575', 2, 'hubal1'),
(2780, 123, '576', 2, 'hubal1'),
(2781, 123, '578', 2, 'hubal1'),
(2782, 123, '582', 2, 'hubal1'),
(2783, 123, '581', 2, 'hubal1'),
(2784, 123, '580', 2, 'hubal1'),
(2785, 123, '579', 2, 'hubal1'),
(2786, 124, '567', 2, 'hubal1'),
(2787, 124, '571', 2, 'hubal1'),
(2788, 124, '572', 2, 'hubal1'),
(2789, 124, '573', 2, 'hubal1'),
(2790, 124, '574', 2, 'hubal1'),
(2791, 124, '575', 2, 'hubal1'),
(2792, 124, '576', 2, 'hubal1'),
(2793, 124, '578', 2, 'hubal1'),
(2794, 124, '582', 2, 'hubal1'),
(2795, 124, '581', 2, 'hubal1'),
(2796, 124, '580', 2, 'hubal1'),
(2797, 124, '579', 2, 'hubal1'),
(2810, 126, '567', 2, 'hubal1'),
(2811, 126, '571', 2, 'hubal1'),
(2812, 126, '572', 2, 'hubal1'),
(2813, 126, '573', 2, 'hubal1'),
(2814, 126, '574', 2, 'hubal1'),
(2815, 126, '575', 2, 'hubal1'),
(2816, 126, '576', 2, 'hubal1'),
(2817, 126, '578', 2, 'hubal1'),
(2818, 126, '582', 2, 'hubal1'),
(2819, 126, '581', 2, 'hubal1'),
(2820, 126, '580', 2, 'hubal1'),
(2821, 126, '579', 2, 'hubal1'),
(2822, 127, '568', 2, 'hubal1'),
(2823, 127, '569', 2, 'hubal1'),
(2824, 127, '570', 2, 'hubal1'),
(2825, 127, '575', 2, 'hubal1'),
(2826, 127, '576', 2, 'hubal1'),
(2827, 127, '573', 2, 'hubal1'),
(2828, 127, '574', 2, 'hubal1'),
(2829, 127, '577', 2, 'hubal1'),
(2830, 127, '579', 2, 'hubal1'),
(2831, 127, '580', 2, 'hubal1'),
(2832, 127, '581', 2, 'hubal1'),
(2833, 127, '582', 2, 'hubal1'),
(2850, 130, '453', 1, 'binmas1'),
(2858, 102, '252', 4, 'humas1'),
(2859, 102, '274', 4, 'humas1'),
(2860, 102, '196', 4, 'humas1'),
(2861, 102, '363', 4, 'humas1'),
(2862, 102, '217', 4, 'humas1'),
(2863, 102, '556', 4, 'humas1'),
(2864, 38, '525', 2, 'hubal1'),
(2865, 38, '521', 2, 'hubal1'),
(2866, 38, '522', 2, 'hubal1'),
(2867, 38, '583', 2, 'hubal1'),
(2868, 38, '584', 2, 'hubal1'),
(2869, 38, '530', 2, 'hubal1'),
(2870, 38, '532', 2, 'hubal1'),
(2871, 38, '531', 2, 'hubal1'),
(2901, 97, '152', 4, 'humas1'),
(2902, 97, '35', 4, 'humas1'),
(2903, 97, '74', 4, 'humas1'),
(2904, 97, '36', 4, 'humas1'),
(2905, 97, '38', 4, 'humas1'),
(2906, 97, '76', 4, 'humas1'),
(2907, 97, '44', 4, 'humas1'),
(2908, 97, '8', 4, 'humas1'),
(2909, 97, '22', 4, 'humas1'),
(2914, 125, '568', 2, 'hubal1'),
(2915, 125, '569', 2, 'hubal1'),
(2916, 125, '570', 2, 'hubal1'),
(2917, 125, '575', 2, 'hubal1'),
(2918, 125, '576', 2, 'hubal1'),
(2919, 125, '573', 2, 'hubal1'),
(2920, 125, '574', 2, 'hubal1'),
(2921, 125, '577', 2, 'hubal1'),
(2922, 125, '579', 2, 'hubal1'),
(2923, 125, '580', 2, 'hubal1'),
(2924, 125, '581', 2, 'hubal1'),
(2925, 125, '582', 2, 'hubal1'),
(2926, 99, '151', 4, 'humas1'),
(2927, 99, '57', 4, 'humas1'),
(2928, 99, '84', 4, 'humas1'),
(2929, 99, '86', 4, 'humas1'),
(2930, 99, '59', 4, 'humas1'),
(2931, 99, '49', 4, 'humas1'),
(2932, 99, '50', 4, 'humas1'),
(2933, 99, '92', 4, 'humas1'),
(2934, 99, '27', 4, 'humas1'),
(2935, 99, '119', 4, 'humas1'),
(2936, 132, '129', 4, 'inspek1'),
(2937, 132, '136', 4, 'inspek1'),
(2938, 133, '190', 1, 'binmas1'),
(2942, 134, '552', 3, 'multi1'),
(2959, 135, '363', 3, 'aspasaf1'),
(2960, 136, '76', 4, 'ren1'),
(2961, 136, '82', 4, 'ren1'),
(2962, 136, '24', 4, 'ren1'),
(2963, 136, '551', 3, 'pwni1'),
(2964, 136, '389', 3, 'pwni1'),
(2965, 136, '390', 3, 'pwni1'),
(2966, 136, '384', 3, 'pwni1'),
(2967, 137, '551', 3, 'pwni1'),
(2968, 137, '389', 3, 'pwni1'),
(2969, 137, '390', 3, 'pwni1'),
(2970, 137, '384', 3, 'pwni1'),
(2971, 138, '74', 4, 'ren1'),
(2972, 138, '76', 4, 'ren1'),
(2973, 138, '80', 4, 'ren1'),
(2974, 138, '81', 4, 'ren1'),
(2975, 138, '83', 4, 'ren1'),
(2976, 139, '74', 4, 'ren1'),
(2977, 139, '78', 4, 'ren1'),
(2978, 139, '82', 4, 'ren1'),
(2979, 139, '24', 4, 'ren1'),
(2980, 128, '567', 2, 'hubal1'),
(2981, 128, '571', 2, 'hubal1'),
(2982, 128, '572', 2, 'hubal1'),
(2983, 128, '573', 2, 'hubal1'),
(2984, 128, '574', 2, 'hubal1'),
(2985, 128, '575', 2, 'hubal1'),
(2986, 128, '576', 2, 'hubal1'),
(2987, 128, '578', 2, 'hubal1'),
(2988, 128, '582', 2, 'hubal1'),
(2989, 128, '581', 2, 'hubal1'),
(2990, 128, '580', 2, 'hubal1'),
(2991, 128, '579', 2, 'hubal1'),
(2992, 140, '406', 1, 'kontra1'),
(3007, 142, '196', 1, 'kontra1'),
(3008, 142, '199', 1, 'kontra1'),
(3009, 142, '421', 1, 'kontra1'),
(3044, 144, '363', 1, 'kontra1'),
(3045, 144, '552', 1, 'kontra1'),
(3046, 144, '197', 1, 'kontra1'),
(3047, 144, '198', 1, 'kontra1'),
(3048, 144, '424', 1, 'kontra1'),
(3049, 144, '204', 1, 'kontra1'),
(3050, 144, '425', 1, 'kontra1'),
(3051, 145, '203', 1, 'kontra1'),
(3052, 145, '404', 1, 'kontra1'),
(3053, 145, '408', 1, 'kontra1'),
(3054, 145, '410', 1, 'kontra1'),
(3055, 145, '417', 1, 'kontra1'),
(3056, 145, '415', 1, 'kontra1'),
(3057, 145, '416', 1, 'kontra1'),
(3058, 146, '198', 1, 'kontra1'),
(3059, 146, '405', 1, 'kontra1'),
(3060, 146, '421', 1, 'kontra1'),
(3069, 141, '329', 2, 'anev1'),
(3070, 141, '347', 2, 'anev1'),
(3071, 141, '330', 2, 'anev1'),
(3072, 141, '351', 2, 'anev1'),
(3073, 141, '343', 2, 'anev1'),
(3074, 141, '334', 2, 'anev1'),
(3075, 141, '277', 2, 'anev1'),
(3076, 121, '568', 2, 'hubal1'),
(3077, 121, '569', 2, 'hubal1'),
(3078, 121, '575', 2, 'hubal1'),
(3079, 121, '574', 2, 'hubal1'),
(3080, 121, '579', 2, 'hubal1'),
(3081, 121, '576', 2, 'hubal1'),
(3082, 121, '577', 2, 'hubal1'),
(3083, 121, '570', 2, 'hubal1'),
(3084, 121, '582', 2, 'hubal1'),
(3085, 121, '573', 2, 'hubal1'),
(3086, 121, '581', 2, 'hubal1'),
(3087, 121, '580', 2, 'hubal1'),
(3088, 147, '157', 1, 'dalpas1'),
(3124, 148, '151', 4, 'kepeg1'),
(3125, 148, '49', 4, 'kepeg1'),
(3126, 148, '50', 4, 'kepeg1'),
(3137, 149, '47', 4, 'kepeg1'),
(3138, 149, '48', 4, 'kepeg1'),
(3139, 149, '51', 4, 'kepeg1'),
(3140, 149, '52', 4, 'kepeg1'),
(3141, 149, '53', 4, 'kepeg1'),
(3142, 149, '54', 4, 'kepeg1'),
(3143, 149, '55', 4, 'kepeg1'),
(3144, 149, '56', 4, 'kepeg1'),
(3145, 149, '553', 4, 'kepeg1'),
(3146, 149, '155', 4, 'kepeg1'),
(3147, 149, '423', 4, 'kepeg1'),
(3148, 149, '112', 4, 'kepeg1'),
(3149, 149, '147', 4, 'kepeg1'),
(3152, 150, '57', 4, 'keu1'),
(3153, 150, '58', 4, 'keu1'),
(3154, 150, '59', 4, 'keu1'),
(3155, 150, '62', 4, 'keu1'),
(3156, 150, '66', 4, 'keu1'),
(3157, 150, '72', 4, 'keu1'),
(3159, 152, '274', 2, 'linkum1'),
(3160, 152, '346', 2, 'linkum1'),
(3161, 152, '348', 2, 'linkum1'),
(3162, 152, '585', 2, 'linkum1'),
(3163, 152, '350', 2, 'linkum1'),
(3164, 152, '332', 2, 'linkum1'),
(3165, 152, '331', 2, 'linkum1'),
(3166, 152, '343', 2, 'linkum1'),
(3167, 152, '91', 2, 'linkum1'),
(3168, 152, '73', 2, 'linkum1'),
(3169, 151, '143', 4, 'tuka'),
(3203, 154, '322', 2, 'gunkuat1'),
(3204, 154, '312', 2, 'gunkuat1'),
(3205, 154, '320', 2, 'gunkuat1'),
(3206, 154, '318', 2, 'gunkuat1'),
(3207, 154, '319', 2, 'gunkuat1'),
(3208, 154, '313', 2, 'gunkuat1'),
(3209, 154, '325', 2, 'gunkuat1'),
(3210, 154, '327', 2, 'gunkuat1'),
(3211, 154, '328', 2, 'gunkuat1'),
(3212, 154, '326', 2, 'gunkuat1'),
(3213, 154, '515', 2, 'gunkuat1'),
(3214, 69, '274', 2, 'linkum1'),
(3215, 69, '346', 2, 'linkum1'),
(3216, 69, '348', 2, 'linkum1'),
(3217, 69, '585', 2, 'linkum1'),
(3218, 69, '275', 2, 'linkum1'),
(3219, 69, '350', 2, 'linkum1'),
(3220, 69, '331', 2, 'linkum1'),
(3221, 69, '332', 2, 'linkum1'),
(3222, 69, '95', 2, 'linkum1'),
(3223, 69, '98', 2, 'linkum1'),
(3224, 69, '102', 2, 'linkum1'),
(3236, 155, '143', 4, 'tuka'),
(3280, 156, '150', 4, 'ren1'),
(3281, 156, '156', 4, 'ren1'),
(3282, 156, '587', 4, 'ren1'),
(3285, 158, '152', 4, 'dapel1'),
(3286, 158, '5', 4, 'dapel1'),
(3287, 158, '74', 4, 'ren1'),
(3288, 158, '76', 4, 'ren1'),
(3289, 158, '78', 4, 'ren1'),
(3290, 158, '79', 4, 'ren1'),
(3291, 158, '80', 4, 'ren1'),
(3292, 158, '82', 4, 'ren1'),
(3293, 158, '81', 4, 'ren1'),
(3294, 158, '24', 4, 'ren1'),
(3295, 158, '83', 4, 'ren1'),
(3309, 84, '84', 4, 'rumga2'),
(3310, 84, '87', 4, 'rumga2'),
(3311, 84, '122', 4, 'rumga2'),
(3312, 84, '94', 4, 'rumga2'),
(3313, 84, '101', 4, 'rumga2'),
(3314, 84, '154', 4, 'rumga2'),
(3315, 84, '120', 4, 'rumga2'),
(3316, 84, '72', 4, 'rumga2'),
(3317, 84, '85', 4, 'rumga2'),
(3318, 84, '121', 4, 'rumga2'),
(3319, 84, '118', 4, 'rumga2'),
(3320, 161, '186', 1, 'binmas1'),
(3321, 161, '192', 1, 'binmas1'),
(3322, 161, '193', 1, 'binmas1'),
(3323, 161, '191', 1, 'binmas1'),
(3324, 161, '195', 1, 'binmas1'),
(3325, 161, '194', 1, 'binmas1'),
(3326, 162, '186', 1, 'binmas1'),
(3327, 162, '192', 1, 'binmas1'),
(3328, 162, '193', 1, 'binmas1'),
(3329, 162, '191', 1, 'binmas1'),
(3330, 162, '195', 1, 'binmas1'),
(3331, 162, '194', 1, 'binmas1'),
(3332, 163, '185', 1, 'binmas1'),
(3333, 163, '187', 1, 'binmas1'),
(3334, 163, '189', 1, 'binmas1'),
(3335, 163, '458', 1, 'binmas1'),
(3336, 163, '455', 1, 'binmas1'),
(3337, 164, '252', 1, 'binmas1'),
(3342, 165, '243', 1, 'pengawasan1'),
(3343, 166, '58', 4, 'keu2'),
(3344, 166, '65', 4, 'keu2'),
(3350, 3, '338', 2, 'ti1'),
(3351, 3, '337', 2, 'ti1'),
(3352, 3, '345', 2, 'ti1'),
(3353, 3, '67', 2, 'ti1'),
(3494, 157, '152', 4, 'ren1'),
(3495, 157, '35', 4, 'ren1'),
(3496, 157, '57', 4, 'ren1'),
(3497, 157, '84', 4, 'ren1'),
(3498, 157, '296', 4, 'ren1'),
(3499, 157, '130', 4, 'ren1'),
(3500, 157, '363', 4, 'ren1'),
(3501, 157, '239', 4, 'ren1'),
(3502, 157, '377', 4, 'ren1'),
(3503, 157, '49', 4, 'ren1'),
(3504, 157, '174', 4, 'ren1'),
(3505, 170, '196', 4, 'ren1'),
(3506, 170, '197', 4, 'ren1'),
(3507, 170, '209', 4, 'ren1'),
(3508, 170, '368', 4, 'ren1'),
(3509, 170, '387', 4, 'ren1'),
(3510, 170, '223', 4, 'ren1'),
(3511, 170, '232', 4, 'ren1'),
(3512, 170, '290', 4, 'ren1'),
(3513, 170, '322', 4, 'ren1'),
(3514, 170, '346', 4, 'ren1'),
(3515, 170, '4', 4, 'ren1'),
(3516, 171, '309', 4, 'ren1'),
(3517, 171, '190', 4, 'ren1'),
(3518, 171, '207', 4, 'ren1'),
(3519, 171, '355', 4, 'ren1'),
(3520, 171, '219', 4, 'ren1'),
(3521, 171, '340', 4, 'ren1'),
(3522, 171, '283', 4, 'ren1'),
(3523, 171, '8', 4, 'ren1'),
(3524, 171, '11', 4, 'ren1'),
(3525, 172, '74', 4, 'ren1'),
(3526, 172, '76', 4, 'ren1'),
(3527, 172, '78', 4, 'ren1'),
(3528, 172, '79', 4, 'ren1'),
(3529, 172, '80', 4, 'ren1'),
(3530, 172, '82', 4, 'ren1'),
(3531, 172, '81', 4, 'ren1'),
(3532, 172, '24', 4, 'ren1'),
(3533, 172, '83', 4, 'ren1'),
(3568, 153, '273', 2, 'gunkuat1'),
(3569, 153, '315', 2, 'gunkuat1'),
(3570, 153, '306', 2, 'gunkuat1'),
(3571, 153, '308', 2, 'gunkuat1'),
(3572, 153, '307', 2, 'gunkuat1'),
(3573, 153, '316', 2, 'gunkuat1'),
(3574, 153, '309', 2, 'gunkuat1'),
(3575, 153, '311', 2, 'gunkuat1'),
(3576, 153, '310', 2, 'gunkuat1'),
(3577, 153, '317', 2, 'gunkuat1'),
(3578, 153, '279', 2, 'gunkuat1'),
(3579, 173, '185', 1, 'binmas1'),
(3580, 167, '237', 1, 'obvit1'),
(3593, 176, '254', 1, 'pamling1'),
(3594, 176, '223', 1, 'pamling1'),
(3595, 176, '225', 1, 'pamling1'),
(3596, 176, '497', 1, 'pamling1'),
(3597, 176, '5', 4, 'dapel1'),
(3598, 176, '7', 4, 'dapel1'),
(3599, 177, '5', 4, 'dapel1'),
(3600, 177, '7', 4, 'dapel1'),
(3601, 177, '224', 1, 'pamling1'),
(3602, 177, '228', 1, 'pamling1'),
(3603, 177, '231', 1, 'pamling1'),
(3604, 178, '224', 1, 'pamling1'),
(3605, 178, '228', 1, 'pamling1'),
(3606, 178, '231', 1, 'pamling1'),
(3609, 175, '59', 4, 'keu2'),
(3614, 180, '388', 3, 'pwni1'),
(3615, 180, '383', 3, 'pwni1'),
(3621, 181, '254', 1, 'pamling1'),
(3622, 181, '223', 1, 'pamling1'),
(3623, 181, '551', 1, 'pamling1'),
(3624, 181, '225', 1, 'pamling1'),
(3625, 181, '229', 1, 'pamling1'),
(3633, 182, '394', 3, 'pwni1'),
(3634, 182, '550', 3, 'pwni1'),
(3635, 182, '552', 3, 'pwni1'),
(3636, 182, '376', 3, 'pwni1'),
(3637, 182, '369', 3, 'pwni1'),
(3638, 182, '378', 3, 'pwni1'),
(3639, 182, '370', 3, 'pwni1'),
(3652, 183, '371', 3, 'pwni1'),
(3653, 183, '379', 3, 'pwni1'),
(3654, 183, '380', 3, 'pwni1'),
(3655, 183, '372', 3, 'pwni1'),
(3656, 183, '398', 3, 'pwni1'),
(3657, 183, '373', 3, 'pwni1'),
(3658, 183, '401', 3, 'pwni1'),
(3659, 184, '408', 1, 'kontra1'),
(3660, 184, '424', 1, 'kontra1'),
(3667, 185, '233', 1, 'obvit1'),
(3677, 186, '251', 1, 'binmas1'),
(3678, 186, '268', 1, 'binmas1'),
(3679, 186, '269', 1, 'binmas1'),
(3680, 186, '264', 1, 'binmas1'),
(3688, 188, '196', 1, 'kontra1'),
(3689, 188, '200', 1, 'kontra1'),
(3690, 189, '92', 4, 'rumga1'),
(3691, 189, '124', 4, 'rumga1'),
(3692, 190, '158', 1, 'dalpas1'),
(3693, 190, '159', 1, 'dalpas1'),
(3694, 190, '173', 1, 'dalpas1'),
(3708, 193, '186', 1, 'binmas1'),
(3709, 193, '190', 1, 'binmas1'),
(3710, 193, '449', 1, 'binmas1'),
(3711, 194, '186', 1, 'binmas1'),
(3712, 194, '449', 1, 'binmas1'),
(3713, 14, '206', 1, 'fkpt'),
(3714, 14, '207', 1, 'fkpt'),
(3715, 14, '211', 1, 'fkpt'),
(3716, 14, '438', 1, 'fkpt'),
(3717, 14, '214', 1, 'fkpt'),
(3725, 196, '129', 4, 'inspek1'),
(3736, 197, '684', 1, 'fkpt'),
(3737, 195, '253', 1, 'fkpt'),
(3738, 195, '270', 1, 'fkpt'),
(3739, 195, '427', 1, 'fkpt'),
(3740, 195, '271', 2, 'latih1'),
(3741, 195, '273', 2, 'latih1'),
(3742, 195, '306', 2, 'latih1'),
(3743, 195, '322', 2, 'latih1'),
(3744, 195, '315', 2, 'latih1'),
(3745, 195, '308', 2, 'latih1'),
(3746, 195, '307', 2, 'latih1'),
(3747, 195, '85', 2, 'latih1'),
(3748, 195, '311', 2, 'latih1'),
(3749, 195, '310', 2, 'latih1'),
(3750, 195, '317', 2, 'latih1'),
(3751, 195, '319', 2, 'latih1'),
(3752, 195, '320', 2, 'latih1'),
(3753, 195, '324', 2, 'latih1'),
(3754, 195, '328', 2, 'latih1'),
(3755, 195, '326', 2, 'latih1'),
(3756, 195, '353', 2, 'latih1'),
(3757, 195, '501', 2, 'latih1'),
(3758, 195, '502', 2, 'latih1'),
(3759, 195, '515', 2, 'latih1'),
(3810, 200, '85', 4, 'rumga1'),
(3811, 200, '86', 4, 'rumga1'),
(3812, 200, '87', 4, 'rumga1'),
(3813, 200, '94', 4, 'rumga1'),
(3814, 200, '101', 4, 'rumga1'),
(3815, 200, '93', 4, 'rumga1'),
(3816, 200, '92', 4, 'rumga1'),
(3817, 200, '260', 4, 'rumga1'),
(3818, 200, '121', 4, 'rumga1'),
(3819, 200, '120', 4, 'rumga1'),
(3820, 200, '108', 4, 'rumga1'),
(3821, 200, '26', 4, 'humas1'),
(3822, 200, '695', 4, 'humas1'),
(3823, 200, '124', 4, 'humas1'),
(3824, 201, '26', 4, 'humas1'),
(3825, 201, '124', 4, 'humas1'),
(3826, 201, '695', 4, 'humas1'),
(3831, 192, '459', 1, 'binmas1'),
(3832, 192, '448', 1, 'binmas1'),
(3833, 192, '449', 1, 'binmas1'),
(3856, 204, '196', 1, 'kontra1'),
(3857, 204, '200', 1, 'kontra1'),
(3864, 205, '409', 1, 'kontra1'),
(3865, 205, '415', 1, 'kontra1'),
(3909, 206, '84', 4, 'rumga2'),
(3910, 206, '85', 4, 'rumga2'),
(3911, 206, '87', 4, 'rumga2'),
(3912, 206, '132', 4, 'rumga2'),
(3913, 206, '94', 4, 'rumga2'),
(3914, 206, '78', 4, 'rumga2'),
(3915, 206, '121', 4, 'rumga2'),
(3916, 206, '120', 4, 'rumga2'),
(3917, 206, '81', 4, 'rumga2'),
(3938, 207, '208', 1, 'kontra1'),
(3939, 207, '240', 1, 'kontra1'),
(3940, 207, '204', 1, 'kontra1'),
(3963, 191, '254', 1, 'dalpas1'),
(3964, 191, '252', 1, 'dalpas1'),
(3965, 191, '217', 1, 'dalpas1'),
(3966, 208, '84', 4, 'rumga1'),
(3967, 208, '85', 4, 'rumga1'),
(3968, 208, '86', 4, 'rumga1'),
(3969, 208, '92', 4, 'rumga1'),
(3970, 208, '93', 4, 'rumga1'),
(3971, 208, '260', 4, 'rumga1'),
(3972, 208, '91', 4, 'rumga1'),
(3973, 208, '87', 4, 'rumga1'),
(3974, 209, '94', 4, 'rumga1'),
(3975, 209, '101', 4, 'rumga1'),
(3976, 209, '121', 4, 'rumga1'),
(3977, 209, '120', 4, 'rumga1'),
(3978, 209, '108', 4, 'rumga1'),
(3979, 209, '122', 4, 'rumga1'),
(3980, 209, '155', 4, 'rumga1'),
(3981, 209, '125', 4, 'rumga1'),
(3982, 210, '152', 4, 'dapel1'),
(3983, 210, '4', 4, 'dapel1'),
(3984, 210, '8', 4, 'dapel1'),
(3987, 129, '85', 4, 'rumga2'),
(3988, 129, '87', 4, 'rumga2'),
(3993, 211, '138', 4, 'inspek1'),
(3994, 211, '139', 4, 'inspek1'),
(3995, 212, '129', 4, 'inspek1'),
(4000, 203, '98', 4, 'rumga1'),
(4001, 203, '698', 4, 'rumga1'),
(4002, 203, '100', 4, 'rumga1'),
(4003, 203, '99', 4, 'rumga1'),
(4004, 213, '64', 4, 'keu2'),
(4012, 214, '59', 4, 'keu2'),
(4013, 214, '63', 4, 'keu2'),
(4014, 215, '174', 1, 'binlapsus1'),
(4015, 215, '175', 1, 'binlapsus1'),
(4016, 215, '160', 1, 'binlapsus1'),
(4017, 215, '184', 1, 'binlapsus1'),
(4018, 215, '181', 1, 'binlapsus1'),
(4019, 215, '178', 1, 'binlapsus1'),
(4026, 216, '174', 1, 'binlapsus1'),
(4027, 216, '175', 1, 'binlapsus1'),
(4028, 216, '160', 1, 'binlapsus1'),
(4029, 216, '181', 1, 'binlapsus1'),
(4030, 216, '184', 1, 'binlapsus1'),
(4031, 216, '178', 1, 'binlapsus1'),
(4032, 217, '357', 3, 'aspasaf1'),
(4033, 217, '352', 3, 'aspasaf1'),
(4034, 217, '362', 3, 'aspasaf1'),
(4035, 218, '357', 3, 'aspasaf1'),
(4036, 218, '352', 3, 'aspasaf1'),
(4037, 218, '362', 3, 'aspasaf1'),
(4038, 219, '357', 3, 'aspasaf1'),
(4039, 219, '352', 3, 'aspasaf1'),
(4040, 219, '362', 3, 'aspasaf1'),
(4041, 220, '357', 3, 'aspasaf1'),
(4042, 220, '352', 3, 'aspasaf1'),
(4043, 220, '362', 3, 'aspasaf1'),
(4044, 221, '394', 3, 'multi1'),
(4045, 221, '550', 3, 'multi1'),
(4046, 221, '552', 3, 'multi1'),
(4047, 221, '376', 3, 'multi1'),
(4048, 221, '369', 3, 'multi1'),
(4049, 221, '378', 3, 'multi1'),
(4050, 221, '370', 3, 'multi1'),
(4051, 221, '371', 3, 'multi1'),
(4052, 221, '380', 3, 'multi1'),
(4053, 221, '379', 3, 'multi1'),
(4054, 221, '372', 3, 'multi1'),
(4055, 221, '398', 3, 'multi1'),
(4056, 221, '373', 3, 'multi1'),
(4057, 221, '401', 3, 'multi1'),
(4058, 222, '454', 1, 'binmas1'),
(4071, 224, '568', 2, 'hubal1'),
(4072, 224, '569', 2, 'hubal1'),
(4073, 224, '570', 2, 'hubal1'),
(4074, 224, '575', 2, 'hubal1'),
(4075, 224, '576', 2, 'hubal1'),
(4076, 224, '573', 2, 'hubal1'),
(4077, 224, '574', 2, 'hubal1'),
(4078, 224, '577', 2, 'hubal1'),
(4079, 224, '579', 2, 'hubal1'),
(4080, 224, '580', 2, 'hubal1'),
(4081, 224, '581', 2, 'hubal1'),
(4082, 224, '582', 2, 'hubal1'),
(4083, 225, '567', 2, 'hubal1'),
(4084, 225, '571', 2, 'hubal1'),
(4085, 225, '572', 2, 'hubal1'),
(4086, 225, '573', 2, 'hubal1'),
(4087, 225, '574', 2, 'hubal1'),
(4088, 225, '575', 2, 'hubal1'),
(4089, 225, '576', 2, 'hubal1'),
(4090, 225, '578', 2, 'hubal1'),
(4091, 225, '582', 2, 'hubal1'),
(4092, 225, '581', 2, 'hubal1'),
(4093, 225, '580', 2, 'hubal1'),
(4094, 225, '579', 2, 'hubal1'),
(4095, 226, '341', 2, 'hubal1'),
(4096, 226, '344', 2, 'hubal1'),
(4097, 226, '333', 2, 'hubal1'),
(4098, 226, '335', 2, 'hubal1'),
(4099, 226, '426', 2, 'hubal1'),
(4100, 226, '568', 2, 'hubal1'),
(4101, 226, '570', 2, 'hubal1'),
(4102, 226, '571', 2, 'hubal1'),
(4103, 226, '574', 2, 'hubal1'),
(4104, 226, '575', 2, 'hubal1'),
(4105, 226, '578', 2, 'hubal1'),
(4106, 226, '580', 2, 'hubal1'),
(4107, 227, '568', 2, 'hubal1'),
(4108, 227, '569', 2, 'hubal1'),
(4109, 227, '570', 2, 'hubal1'),
(4110, 227, '573', 2, 'hubal1'),
(4111, 227, '574', 2, 'hubal1'),
(4112, 227, '575', 2, 'hubal1'),
(4113, 227, '576', 2, 'hubal1'),
(4114, 227, '577', 2, 'hubal1'),
(4115, 227, '579', 2, 'hubal1'),
(4116, 227, '580', 2, 'hubal1'),
(4117, 227, '581', 2, 'hubal1'),
(4118, 227, '582', 2, 'hubal1'),
(4186, 231, '151', 4, 'kepeg1'),
(4187, 231, '48', 4, 'kepeg1'),
(4188, 231, '50', 4, 'kepeg1'),
(4189, 231, '60', 4, 'kepeg1'),
(4190, 231, '51', 4, 'kepeg1'),
(4191, 231, '52', 4, 'kepeg1'),
(4192, 231, '70', 4, 'kepeg1'),
(4193, 231, '553', 4, 'kepeg1'),
(4194, 231, '56', 4, 'kepeg1'),
(4195, 232, '47', 4, 'kepeg1'),
(4196, 232, '53', 4, 'kepeg1'),
(4197, 232, '55', 4, 'kepeg1'),
(4198, 232, '54', 4, 'kepeg1'),
(4199, 232, '423', 4, 'kepeg1'),
(4200, 232, '518', 4, 'kepeg1'),
(4201, 232, '155', 4, 'kepeg1'),
(4202, 232, '154', 4, 'kepeg1'),
(4203, 233, '49', 4, 'kepeg1'),
(4204, 234, '394', 3, 'amerop1'),
(4205, 234, '396', 3, 'amerop1'),
(4206, 234, '363', 3, 'amerop1'),
(4207, 234, '356', 3, 'amerop1'),
(4208, 234, '355', 3, 'amerop1'),
(4209, 234, '364', 3, 'amerop1'),
(4210, 234, '357', 3, 'amerop1'),
(4211, 234, '358', 3, 'amerop1'),
(4212, 234, '366', 3, 'amerop1'),
(4213, 235, '352', 3, 'amerop1'),
(4214, 235, '360', 3, 'amerop1'),
(4215, 235, '359', 3, 'amerop1'),
(4216, 235, '367', 3, 'amerop1'),
(4217, 235, '361', 3, 'amerop1'),
(4218, 235, '399', 3, 'amerop1'),
(4219, 235, '362', 3, 'amerop1'),
(4220, 235, '555', 3, 'amerop1'),
(4221, 235, '401', 3, 'amerop1'),
(4222, 228, '394', 3, 'aspasaf1'),
(4223, 228, '396', 3, 'aspasaf1'),
(4224, 228, '363', 3, 'aspasaf1'),
(4225, 228, '356', 3, 'aspasaf1'),
(4226, 228, '355', 3, 'aspasaf1'),
(4227, 228, '364', 3, 'aspasaf1'),
(4228, 228, '357', 3, 'aspasaf1'),
(4229, 228, '358', 3, 'aspasaf1'),
(4230, 228, '366', 3, 'aspasaf1'),
(4248, 237, '130', 4, 'inspek1'),
(4256, 237, '208', 1, 'fkpt'),
(4302, 241, '152', 4, 'dapel1'),
(4303, 241, '4', 4, 'dapel1'),
(4304, 242, '409', 1, 'kontra1'),
(4305, 242, '412', 1, 'kontra1'),
(4310, 229, '377', 3, 'multi1'),
(4311, 229, '371', 3, 'multi1'),
(4330, 243, '208', 1, 'fkpt'),
(4331, 243, '646', 1, 'fkpt'),
(4332, 243, '649', 1, 'fkpt'),
(4333, 243, '155', 1, 'fkpt'),
(4334, 243, '437', 1, 'fkpt'),
(4335, 243, '436', 1, 'fkpt'),
(4341, 239, '646', 1, 'fkpt'),
(4342, 239, '650', 1, 'fkpt'),
(4343, 239, '68', 1, 'fkpt'),
(4344, 239, '437', 1, 'fkpt'),
(4345, 239, '436', 1, 'fkpt'),
(4346, 240, '208', 1, 'fkpt'),
(4361, 230, '352', 3, 'aspasaf1'),
(4362, 230, '360', 3, 'aspasaf1'),
(4363, 230, '359', 3, 'aspasaf1'),
(4364, 230, '367', 3, 'aspasaf1'),
(4365, 230, '361', 3, 'aspasaf1'),
(4366, 230, '399', 3, 'aspasaf1'),
(4367, 230, '362', 3, 'aspasaf1'),
(4368, 230, '555', 3, 'aspasaf1'),
(4369, 230, '401', 3, 'aspasaf1'),
(4399, 246, '329', 2, 'anev1'),
(4400, 246, '347', 2, 'anev1'),
(4401, 246, '330', 2, 'anev1'),
(4402, 246, '343', 2, 'anev1'),
(4403, 246, '91', 2, 'anev1'),
(4404, 246, '336', 2, 'anev1'),
(4405, 246, '334', 2, 'anev1'),
(4412, 248, '196', 1, 'kontra1'),
(4413, 248, '407', 1, 'kontra1'),
(4414, 249, '203', 1, 'kontra1'),
(4415, 249, '424', 1, 'kontra1'),
(4428, 250, '465', 1, 'dalpas1'),
(4429, 250, '242', 1, 'dalpas1'),
(4430, 250, '171', 1, 'dalpas1'),
(4431, 251, '158', 1, 'dalpas1'),
(4432, 251, '256', 1, 'dalpas1'),
(4433, 251, '166', 1, 'dalpas1'),
(4434, 251, '164', 1, 'dalpas1'),
(4467, 247, '57', NULL, NULL),
(4468, 247, '65', NULL, NULL),
(4469, 247, '71', NULL, NULL),
(4470, 247, '72', NULL, NULL),
(4471, 253, '162', 1, 'dalpas1'),
(4472, 253, '464', 1, 'dalpas1'),
(4473, 253, '463', 1, 'dalpas1'),
(4474, 253, '165', 1, 'dalpas1'),
(4505, 254, '161', 1, 'dalpas1'),
(4506, 254, '460', 1, 'dalpas1'),
(4507, 254, '163', 1, 'dalpas1'),
(4508, 254, '167', 1, 'dalpas1'),
(4509, 254, '263', 1, 'dalpas1'),
(4570, 198, '273', 2, 'latih1'),
(4571, 198, '322', 2, 'latih1'),
(4572, 198, '85', 2, 'latih1'),
(4573, 198, '311', 2, 'latih1'),
(4574, 198, '319', 2, 'latih1'),
(4575, 198, '320', 2, 'latih1'),
(4576, 198, '70', 2, 'latih1'),
(4577, 198, '326', 2, 'latih1'),
(4578, 198, '353', 2, 'latih1'),
(4588, 169, '251', 1, 'binmas1'),
(4589, 169, '252', 1, 'binmas1'),
(4590, 169, '185', 1, 'binmas1'),
(4591, 169, '187', 1, 'binmas1'),
(4592, 169, '365', 1, 'binmas1'),
(4593, 169, '190', 1, 'binmas1'),
(4599, 160, '188', 1, 'binmas1'),
(4600, 160, '451', 1, 'binmas1'),
(4601, 160, '453', 1, 'binmas1'),
(4602, 160, '447', 1, 'binmas1'),
(4603, 160, '456', 1, 'binmas1'),
(4604, 256, '240', 1, 'pengawasan1'),
(4605, 256, '248', 1, 'pengawasan1'),
(4620, 259, '159', 1, 'dalpas2'),
(4621, 259, '255', 1, 'dalpas2'),
(4622, 259, '170', 1, 'dalpas2'),
(4623, 259, '466', 1, 'dalpas2'),
(4624, 259, '168', 1, 'dalpas2'),
(4625, 258, '239', NULL, NULL),
(4626, 258, '249', NULL, NULL),
(4673, 261, '567', 2, 'hubal1'),
(4674, 261, '571', 2, 'hubal1'),
(4675, 261, '572', 2, 'hubal1'),
(4676, 261, '575', 2, 'hubal1'),
(4677, 261, '576', 2, 'hubal1'),
(4678, 261, '573', 2, 'hubal1'),
(4679, 261, '574', 2, 'hubal1'),
(4680, 261, '578', 2, 'hubal1'),
(4681, 261, '581', 2, 'hubal1'),
(4682, 261, '582', 2, 'hubal1'),
(4683, 261, '579', 2, 'hubal1'),
(4684, 261, '580', 2, 'hubal1'),
(4691, 262, '143', 4, 'tuka'),
(4692, 262, '562', 4, 'tuka'),
(4693, 262, '561', 4, 'tuka'),
(4694, 262, '563', 4, 'tuka'),
(4695, 262, '146', 4, 'tuka'),
(4696, 262, '566', 4, 'tuka'),
(4698, 264, '209', 1, 'fkpt'),
(4700, 266, '440', 1, 'fkpt'),
(4701, 265, '440', NULL, NULL),
(4702, 267, '157', 1, 'dalpas2'),
(4703, 267, '173', 1, 'dalpas2'),
(4704, 267, '462', 1, 'dalpas2'),
(4705, 267, '172', 1, 'dalpas2'),
(4706, 267, '461', 1, 'dalpas2'),
(4707, 268, '239', 1, 'fkpt'),
(4726, 272, '703', 1, 'fkpt'),
(4727, 273, '266', 1, 'fkpt'),
(4728, 273, '427', 1, 'fkpt'),
(4729, 274, '206', 1, 'fkpt'),
(4730, 274, '633', 1, 'fkpt'),
(4741, 275, '432', 1, 'fkpt'),
(4742, 275, '434', 1, 'fkpt'),
(4743, 275, '435', 1, 'fkpt'),
(4744, 276, '217', 1, 'fkpt'),
(4745, 276, '620', 1, 'fkpt'),
(4746, 276, '215', 1, 'fkpt'),
(4747, 276, '433', 1, 'fkpt'),
(4748, 276, '441', 1, 'fkpt'),
(4759, 277, '207', 1, 'fkpt'),
(4760, 277, '704', 1, 'fkpt'),
(4761, 278, '429', 1, 'fkpt'),
(4762, 278, '428', 1, 'fkpt'),
(4775, 279, '554', 4, 'inspek1'),
(4776, 279, '130', 4, 'inspek1'),
(4777, 279, '132', 4, 'inspek1'),
(4778, 279, '134', 4, 'inspek1'),
(4817, 280, '607', 1, 'fkpt'),
(4818, 269, '253', NULL, NULL),
(4819, 269, '258', NULL, NULL),
(4820, 271, '257', NULL, NULL),
(4821, 271, '431', NULL, NULL),
(4822, 271, '408', NULL, NULL),
(4823, 281, '517', 4, 'rumga1'),
(4824, 281, '548', 4, 'rumga1'),
(4825, 281, '549', 4, 'rumga1'),
(4826, 281, '92', 4, 'rumga1'),
(4827, 281, '118', 4, 'rumga1'),
(4828, 263, '209', NULL, NULL),
(4829, 282, '253', 1, 'kontra1'),
(4830, 282, '258', 1, 'kontra1'),
(4831, 283, '253', 1, 'kontra1'),
(4832, 283, '258', 1, 'kontra1'),
(4833, 284, '86', 4, 'rumga1'),
(4834, 284, '517', 4, 'rumga1'),
(4835, 284, '547', 4, 'rumga1'),
(4836, 284, '118', 4, 'rumga1'),
(4837, 284, '108', 4, 'rumga1'),
(4838, 143, '274', 2, 'hubal1'),
(4839, 143, '339', 2, 'hubal1'),
(4840, 143, '340', 2, 'hubal1'),
(4841, 143, '275', 2, 'hubal1'),
(4842, 143, '341', 2, 'hubal1'),
(4843, 143, '344', 2, 'hubal1'),
(4844, 143, '333', 2, 'hubal1'),
(4845, 143, '335', 2, 'hubal1'),
(4846, 143, '337', 2, 'hubal1'),
(4847, 143, '338', 2, 'hubal1'),
(4848, 143, '67', 2, 'hubal1'),
(4849, 143, '426', 2, 'hubal1'),
(4850, 260, '568', NULL, NULL),
(4851, 260, '569', NULL, NULL),
(4852, 260, '570', NULL, NULL),
(4853, 260, '573', NULL, NULL),
(4854, 260, '574', NULL, NULL),
(4855, 260, '575', NULL, NULL),
(4856, 260, '576', NULL, NULL),
(4857, 260, '577', NULL, NULL),
(4858, 260, '579', NULL, NULL),
(4859, 260, '580', NULL, NULL),
(4860, 260, '581', NULL, NULL),
(4861, 260, '582', NULL, NULL),
(4880, 285, '315', 2, 'latih1'),
(4890, 286, '135', 4, 'inspek1'),
(4891, 286, '137', 4, 'inspek1'),
(4892, 202, '282', 2, 'latih1'),
(4893, 202, '88', 2, 'latih1'),
(4894, 202, '700', 2, 'latih1'),
(4895, 202, '699', 2, 'latih1'),
(4896, 202, '705', 2, 'latih1'),
(4897, 223, '567', NULL, NULL),
(4898, 223, '571', NULL, NULL),
(4899, 223, '572', NULL, NULL),
(4900, 223, '575', NULL, NULL),
(4901, 223, '576', NULL, NULL),
(4902, 223, '573', NULL, NULL),
(4903, 223, '574', NULL, NULL),
(4904, 223, '578', NULL, NULL),
(4905, 223, '581', NULL, NULL),
(4906, 223, '582', NULL, NULL),
(4907, 223, '579', NULL, NULL),
(4908, 223, '580', NULL, NULL),
(4909, 199, '306', 2, 'latih1'),
(4910, 199, '308', 2, 'latih1'),
(4911, 199, '307', 2, 'latih1'),
(4912, 199, '310', 2, 'latih1'),
(4913, 199, '515', 2, 'latih1'),
(4914, 199, '317', 2, 'latih1'),
(4915, 199, '324', 2, 'latih1'),
(4916, 199, '328', 2, 'latih1'),
(4917, 199, '501', 2, 'latih1'),
(4918, 199, '502', 2, 'latih1'),
(4933, 288, '26', 4, 'humas1'),
(4934, 288, '696', 4, 'humas1'),
(4935, 288, '695', 4, 'humas1'),
(4938, 287, '186', 1, 'binmas1'),
(4939, 287, '193', 1, 'binmas1'),
(4940, 287, '194', 1, 'binmas1'),
(4941, 287, '191', 1, 'binmas1'),
(4947, 290, '315', 2, 'sisop1'),
(4948, 290, '316', 2, 'sisop1'),
(4949, 290, '91', 2, 'sisop1'),
(4950, 290, '321', 2, 'sisop1'),
(4951, 290, '81', 2, 'sisop1'),
(4952, 291, '129', 4, 'inspek1'),
(4953, 291, '141', 4, 'inspek1'),
(4957, 293, '150', 4, 'dapel1'),
(4958, 293, '152', 4, 'dapel1'),
(4959, 293, '134', 4, 'dapel1'),
(4960, 293, '8', 4, 'dapel1'),
(4961, 293, '156', 4, 'dapel1'),
(4962, 293, '10', 4, 'dapel1'),
(4963, 293, '12', 4, 'dapel1'),
(4964, 293, '13', 4, 'dapel1'),
(4965, 293, '706', 4, 'dapel1'),
(4966, 293, '707', 4, 'dapel1'),
(4967, 293, '709', 4, 'dapel1'),
(4977, 295, '143', 4, 'tuka'),
(4978, 295, '560', 4, 'tuka'),
(4979, 295, '564', 4, 'tuka'),
(4980, 295, '565', 4, 'tuka'),
(4981, 295, '566', 4, 'tuka'),
(4982, 295, '147', 4, 'tuka'),
(4983, 296, '410', 1, 'kontra1'),
(4984, 296, '420', 1, 'kontra1'),
(4994, 86, '223', 4, 'inspek1'),
(4995, 86, '387', 4, 'inspek1'),
(4996, 86, '255', 4, 'inspek1'),
(4997, 86, '58', 4, 'inspek1'),
(4998, 86, '341', 4, 'inspek1'),
(4999, 86, '369', 4, 'inspek1'),
(5000, 86, '257', 4, 'inspek1'),
(5001, 86, '162', 4, 'inspek1'),
(5002, 86, '227', 4, 'inspek1'),
(5014, 199, '306', 4, 'latih1'),
(5015, 199, '308', 4, 'latih1'),
(5016, 199, '307', 4, 'latih1'),
(5017, 199, '310', 4, 'latih1'),
(5018, 199, '317', 4, 'latih1'),
(5019, 199, '324', 4, 'latih1'),
(5020, 199, '328', 4, 'latih1'),
(5021, 199, '501', 4, 'latih1'),
(5022, 199, '502', 4, 'latih1'),
(5023, 199, '515', 4, 'latih1'),
(5024, 91, '554', 4, 'inspek1'),
(5025, 91, '132', 4, 'inspek1'),
(5026, 91, '133', 4, 'inspek1'),
(5027, 91, '131', 4, 'inspek1'),
(5028, 91, '134', 4, 'inspek1'),
(5029, 91, '135', 4, 'inspek1'),
(5030, 91, '139', 4, 'inspek1'),
(5031, 91, '137', 4, 'inspek1'),
(5032, 91, '141', 4, 'inspek1'),
(5033, 91, '140', 4, 'inspek1'),
(5034, 91, '142', 4, 'inspek1'),
(5035, 94, '91', 4, 'inspek1'),
(5036, 94, '80', 4, 'inspek1'),
(5037, 94, '338', 4, 'inspek1'),
(5038, 94, '261', 4, 'inspek1'),
(5039, 94, '52', 4, 'inspek1'),
(5068, 43, '58', 4, 'keu2'),
(5069, 43, '66', 4, 'keu2'),
(5070, 43, '63', 4, 'keu2'),
(5081, 300, '240', 1, 'pengawasan1'),
(5082, 300, '450', 1, 'pengawasan1'),
(5093, 301, '196', 1, 'kontra1'),
(5094, 301, '200', 1, 'kontra1'),
(5095, 302, '409', 1, 'kontra1'),
(5096, 303, '108', 4, 'rumga1'),
(5097, 303, '123', 4, 'rumga1'),
(5098, 303, '103', 4, 'rumga1'),
(5099, 304, '84', 4, 'dapel1'),
(5100, 304, '85', 4, 'dapel1'),
(5101, 304, '58', 4, 'dapel1'),
(5102, 304, '59', 4, 'dapel1'),
(5103, 304, '5', 4, 'dapel1'),
(5104, 304, '81', 4, 'dapel1'),
(5105, 304, '76', 4, 'dapel1'),
(5106, 304, '38', 4, 'dapel1'),
(5107, 297, '275', NULL, NULL),
(5108, 297, '87', NULL, NULL),
(5109, 297, '399', NULL, NULL),
(5110, 252, '274', 2, 'linkum1'),
(5111, 252, '346', 2, 'linkum1'),
(5112, 252, '348', 2, 'linkum1'),
(5113, 252, '585', 2, 'linkum1'),
(5114, 252, '350', 2, 'linkum1'),
(5115, 252, '332', 2, 'linkum1'),
(5116, 252, '331', 2, 'linkum1'),
(5117, 252, '343', 2, 'linkum1'),
(5118, 252, '338', 2, 'linkum1'),
(5119, 252, '279', 2, 'linkum1'),
(5120, 299, '240', NULL, NULL),
(5121, 299, '450', NULL, NULL),
(5122, 289, '25', NULL, NULL),
(5123, 289, '694', NULL, NULL),
(5133, 305, '74', 4, 'ren1'),
(5134, 305, '86', 4, 'ren1'),
(5135, 305, '87', 4, 'ren1'),
(5136, 305, '78', 4, 'ren1'),
(5137, 305, '82', 4, 'ren1'),
(5138, 245, '74', NULL, NULL),
(5139, 245, '87', NULL, NULL),
(5140, 245, '82', NULL, NULL),
(5141, 245, '78', NULL, NULL),
(5142, 245, '86', NULL, NULL),
(5153, 307, '3', 4, 'dapel1'),
(5154, 307, '4', 4, 'dapel1'),
(5155, 307, '710', 4, 'dapel1'),
(5156, 307, '5', 4, 'dapel1'),
(5157, 307, '7', 4, 'dapel1'),
(5158, 307, '39', 4, 'dapel1'),
(5159, 307, '43', 4, 'dapel1'),
(5160, 307, '9', 4, 'dapel1'),
(5166, 306, '206', NULL, NULL),
(5167, 306, '207', NULL, NULL),
(5168, 306, '211', NULL, NULL),
(5169, 306, '440', NULL, NULL),
(5170, 306, '213', NULL, NULL),
(5210, 308, '152', 4, 'dapel1'),
(5211, 308, '3', 4, 'dapel1'),
(5212, 308, '74', 4, 'dapel1'),
(5213, 308, '4', 4, 'dapel1'),
(5214, 308, '77', 4, 'dapel1'),
(5215, 308, '153', 4, 'dapel1'),
(5216, 308, '255', 4, 'dapel1'),
(5217, 308, '275', 4, 'dapel1'),
(5218, 308, '397', 4, 'dapel1'),
(5219, 308, '224', 4, 'dapel1'),
(5220, 308, '59', 4, 'dapel1'),
(5221, 309, '85', 4, 'dapel1'),
(5222, 309, '341', 4, 'dapel1'),
(5223, 309, '364', 4, 'dapel1'),
(5224, 309, '369', 4, 'dapel1'),
(5225, 309, '48', 4, 'dapel1'),
(5226, 309, '309', 4, 'dapel1'),
(5227, 309, '383', 4, 'dapel1'),
(5228, 309, '710', 4, 'dapel1'),
(5229, 309, '188', 4, 'dapel1'),
(5230, 309, '378', 4, 'dapel1'),
(5231, 309, '131', 4, 'dapel1'),
(5232, 310, '5', 4, 'dapel1'),
(5233, 310, '60', 4, 'dapel1'),
(5234, 310, '87', 4, 'dapel1'),
(5235, 310, '199', 4, 'dapel1'),
(5236, 310, '257', 4, 'dapel1'),
(5237, 310, '259', 4, 'dapel1'),
(5238, 310, '176', 4, 'dapel1'),
(5239, 310, '398', 4, 'dapel1'),
(5240, 310, '343', 4, 'dapel1'),
(5241, 310, '390', 4, 'dapel1'),
(5242, 310, '333', 4, 'dapel1'),
(5243, 311, '39', 4, 'dapel1'),
(5244, 311, '7', 4, 'dapel1'),
(5245, 311, '78', 4, 'dapel1'),
(5246, 311, '358', 4, 'dapel1'),
(5247, 311, '332', 4, 'dapel1'),
(5248, 311, '258', 4, 'dapel1'),
(5249, 311, '312', 4, 'dapel1'),
(5250, 311, '43', 4, 'dapel1'),
(5251, 311, '286', 4, 'dapel1'),
(5252, 311, '172', 4, 'dapel1'),
(5253, 311, '244', 4, 'dapel1'),
(5254, 312, '154', 4, 'dapel1'),
(5255, 312, '8', 4, 'dapel1'),
(5256, 312, '81', 4, 'dapel1'),
(5257, 312, '9', 4, 'dapel1'),
(5258, 312, '119', 4, 'dapel1'),
(5259, 313, '196', 1, 'kontra1'),
(5260, 313, '404', 1, 'kontra1'),
(5261, 313, '407', 1, 'kontra1'),
(5262, 313, '410', 1, 'kontra1'),
(5263, 292, '3', 4, 'dapel1'),
(5264, 292, '150', 4, 'dapel1'),
(5265, 314, '232', 1, 'obvit1'),
(5266, 314, '234', 1, 'obvit1'),
(5267, 314, '233', 1, 'obvit1'),
(5268, 314, '711', 1, 'obvit1'),
(5273, 316, '3', 4, 'dapel1'),
(5274, 316, '7', 4, 'dapel1'),
(5275, 316, '43', 4, 'dapel1'),
(5276, 315, '236', NULL, NULL),
(5277, 315, '238', NULL, NULL),
(5278, 315, '236', 1, 'obvit1'),
(5279, 315, '238', 1, 'obvit1'),
(5280, 317, '710', 4, 'dapel1'),
(5281, 317, '24', 4, 'dapel1'),
(5282, 317, '707', 4, 'dapel1'),
(5284, 298, '138', NULL, NULL);

-- --------------------------------------------------------

--
-- Table structure for table `tb_pegawai`
--

CREATE TABLE `tb_pegawai` (
  `id_peg` int(11) NOT NULL,
  `nip_val` varchar(64) NOT NULL,
  `nip` varchar(64) NOT NULL,
  `nama` varchar(255) NOT NULL,
  `pangkat` varchar(64) NOT NULL,
  `gol` int(11) NOT NULL,
  `jab` varchar(64) NOT NULL,
  `satker` int(11) NOT NULL,
  `foto` varchar(255) NOT NULL
) ENGINE=InnoDB DEFAULT CHARSET=latin1;

--
-- Dumping data for table `tb_pegawai`
--

INSERT INTO `tb_pegawai` (`id_peg`, `nip_val`, `nip`, `nama`, `pangkat`, `gol`, `jab`, `satker`, `foto`) VALUES
(3, 'NIP', '11938/P', 'Agus Purwanto', 'Kolonel Laut (T)', 0, 'Kabag Data dan Pelaporan', 4, 'avatar.jpg'),
(4, 'NIP', '196707141988031001', 'Eddy Purwanto, S.Pd.', 'Penata Tk. I', 9, 'Kasubbag Pelaporan', 4, 'avatar.jpg'),
(5, 'NIP', '198903182014032001', 'Rizky Nikita Anggraeni, S.A.P.', 'Penata Muda Tk. I', 7, 'Analis Data Intelijen', 4, 'avatar.jpg'),
(6, 'NIP', '198507262015031002', 'Haris Munandar, S.E.', 'Penata Muda Tk. I', 7, 'Pemeriksa Intelijen                                ', 4, 'avatar.jpg'),
(7, 'NIP', '198508052018011001', 'Ricki Gushendrio, S.T.', 'Penata Muda', 6, 'Analis Data dan Informasi', 4, 'avatar.jpg'),
(8, 'NIP', '197903112017010311001', 'Ary Firansyah', 'PTT', 0, 'Staf Biro Perencanaan, Hukum dan Humas', 4, 'avatar.jpg'),
(9, 'NIP', '198604022017010311068', 'Raimon Andri Ticoalu', 'PTT', 0, 'Staf Biro Perencanaan, Hukum dan Humas', 4, 'avatar.jpg'),
(10, 'NIP', '12/SP-12/PPK-2/BNPT/01/2019', 'Emely Kurmilawati', '-', 0, 'Konsultan Individu Sinergisitas Bidang PMK', 4, 'avatar.jpg'),
(11, 'NIP', '09/SP-09/PPK-2/BNPT/01/2019', 'Dani Subagja ', '-', 0, 'Konsultan Individu', 4, 'avatar.jpg'),
(12, 'NIP', '14/SP-14/PPK-2/BNPT/01/2019', 'Syahied Aryo Laksono', '-', 0, 'Konsultan Individu Sinergisitas Bidang Polhukam', 4, 'avatar.jpg'),
(13, 'NIP', '15/SP-15/PPK-2/BNPT/01/2019', 'Laily Hikmawati', '-', 0, 'Konsultan Individu Sinergisitas Bidang Kemaritiman', 4, 'avatar.jpg'),
(14, 'NIP', '16/SP-16/PPK-2/BNPT/01/2019', 'Gandes Rasyida', '-', 0, 'Konsultan Individu Pengadministrasi Sinergisitas Antar K/L', 4, 'avatar.jpg'),
(15, 'NIP', '17/SP-17/PPK-2/BNPT/01/2019', 'Widi Budjia', '-', 0, 'Konsultan Individu Pengadministrasi Sinergitas Antar K/L', 4, 'avatar.jpg'),
(16, 'NIP', '18/SP-18/PPK-2/BNPT/01/2019', 'Sarah Tifanny Delizza', '-', 0, 'Konsultan Individu Pengadministrasi Sinergitas Antar K/L', 4, 'avatar.jpg'),
(17, 'NIP', '19/SP-19/PPK-2/BNPT/01/2019', 'Rizka Egiawidanti', '-', 0, 'Konsultan Individu Pengolah Bahan Informasi dan Publikasi Sinerg', 4, 'avatar.jpg'),
(18, 'NIP', '20/SP-20/PPK-2/BNPT/01/201', 'Robi Hermawan Suryana', '-', 0, 'Konsultan Individu Pengolah Bahan Informasi dan Publikasi Sinerg', 4, 'avatar.jpg'),
(19, 'NIP', '21/SP-21/PPK-2/BNPT/01/2019', 'Rizky Abdul Azis', '-', 0, 'Konsultan Individu Pengolah Bahan Informasi dan Publikasi Sinerg', 4, 'avatar.jpg'),
(20, 'NIP', '22/SP-22/PPK-2/BNPT/01/2019', 'Eko Wibowo', '-', 0, 'Satpam Sinergitas', 4, 'avatar.jpg'),
(21, 'NIP', '23/SP-23/PPK-2/BNPT/01/2019', 'Anggi Supratama', '-', 0, 'Pramubakti Sinergitas', 4, 'avatar.jpg'),
(22, 'NIP', '02/JKI-17/PPK IV/04/2019', 'Filza Alyani', '-', 6, 'Tenaga Ahli Administrasi Perencanaan', 4, 'avatar.jpg'),
(23, 'NIP', '02/JKI-18/PPK IV/04/2019', 'Wiend Sakti M', '-', 0, '-', 4, 'avatar.jpg'),
(24, 'NIP', '07/SP-07/PPK-2/BNPT/01/2019', 'M. Yulianto', '-', 0, '-', 4, 'avatar.jpg'),
(25, 'NIP', '10/SP-10/PPK-2/BNPT/01/2019', 'Dinda Previanti, S.Sos', '-', 0, 'Konsultan Individu Pengelola Media Center dan Kemitraan Media', 4, 'avatar.jpg'),
(26, 'NIP', '04/SP-04/PPK-2/BNPT/01/2019', 'Heleconia de Hanna Swastika, S.I.P', '-', 0, 'Konsultan Individu Pengelola Media Center dan Kemitraan Media', 4, 'avatar.jpg'),
(27, 'NIP', '05/SP-05/PPK-2/BNPT/01/2019', 'Dona Putri Metri, S.Hum.', '-', 0, 'Konsultan Individu Pengelola Terjemahan dan Kerja Sama', 4, 'avatar.jpg'),
(28, 'NIP', '11/SP-11/PPK-2/BNPT/01/2019', 'Wisnu Muswanto, S.E., M.M.', '-', 0, 'Konsultan Individu Analis Kerja Sama', 4, 'avatar.jpg'),
(29, 'NIP', '08/SP-08/PPK-2/BNPT/01/2019', 'Muhammad Jaelani, S.H.', '-', 0, 'Konsultan Individu Analis Peraturan Perundang-Undangan dan Ranca', 4, 'avatar.jpg'),
(30, 'NIP', '03/SP-03/PPK-2/BNPT/01/2019', 'Masita Dwi Mandini Manessa', '-', 0, 'Konsultan Individu Analis Peraturan Administrasi', 4, 'avatar.jpg'),
(31, 'NIP', '3174041008770000', 'Kumpul Trimorejo', '-', 0, 'BKO TNI Sinergitas', 4, 'avatar.jpg'),
(32, 'NIP', '3174042711750000', 'Prayitno', '-', 0, 'BKO TNI Sinergitas', 4, 'avatar.jpg'),
(33, 'NIP', '529715', 'TH. Anang Riyadi', '-', 0, 'BKO TNI Sinergitas', 4, 'avatar.jpg'),
(34, 'NIP', '2112008681090,00', 'Moh. Imam Afandi', '-', 0, 'BKO TNI Sinergitas', 4, 'avatar.jpg'),
(35, 'NIP', '197606202001122001', 'Pudiastuti Citra Adi, S.H., M.H.', 'Pembina', 0, 'Kabag Hukum dan Hubungan Masyarakat', 4, 'avatar.jpg'),
(36, 'NIP', '198306162009121001', 'Tatu Aditya, S.H., M.H.', 'Penata Tk.I', 0, 'Kasubbag Hukum', 4, 'avatar.jpg'),
(37, 'NIP', '198309082014032002', 'Artha Medita, S.Sos.', 'Penata Muda Tk. I', 0, 'Analis Kerjasama', 4, 'avatar.jpg'),
(38, 'NIP', '198409222015031001', 'Muhammad Resha Aniskurli, S.E.', 'Penata Muda Tk. I', 9, 'Kasubbag Humas                             ', 4, 'avatar.jpg'),
(39, 'NIP', '199005012018011001', 'Aditya Wisnu Wardana, S.S.', 'Penata Muda', 0, 'Analis Kerjasama', 4, 'avatar.jpg'),
(40, 'NIP', '199309022018012001', 'Putri Susilawati, S.I.Kom.', 'Penata Muda', 0, 'Pranata Hubungan Masyarakat', 4, 'avatar.jpg'),
(41, 'NIP', '199412262018011001', 'Yogie Indra Kurniawan, S.H.', 'Penata Muda', 0, 'Analis Produk Hukum', 4, 'avatar.jpg'),
(42, 'NIP', '199606032019021001', 'Muhammad Afif Imaduddin', 'Penata Muda', 0, 'Analis Hukum ', 4, 'avatar.jpg'),
(43, 'NIP', '199404062019021004', 'Ahmadulloh', 'Penata Muda', 0, 'Analis Perencanaa, Evaluasi dan Pelaporan ', 4, 'avatar.jpg'),
(44, 'NIP', '199603032019022005', 'Yohana Putri Lusita', 'Penata Muda', 0, 'Penyusun Rencana Kehumasan dan Perpustakaan ', 4, 'avatar.jpg'),
(45, 'NIP', '1995030019021002', 'Gilang Faiz Pangestu', 'Penata Muda', 0, 'Perancang Peraturan Peraturan Perundang-Undang Ahli Pertama ', 4, 'avatar.jpg'),
(46, 'NIP', '06/SP-06/PPK-2/BNPT/01/2019', 'Salman Akbar Matonang', '-', 0, 'Tenaga Administrasi Hukum dan Hubungan Masyarakat', 4, 'avatar.jpg'),
(47, 'NIP', '196804281996032001', 'Suniah Setiyawati, S.Kom., M.M.', 'Pembina Tk. I  ', 0, 'Kabag Kepegawaian dan  Organisasi', 4, 'avatar.jpg'),
(48, 'NIP', '198412182014032001', 'Dewi Anggraini Rubiyanti, S.Hum.', 'Penata Muda Tk. I', 0, 'Kasubbag Kepegawaian', 4, 'avatar.jpg'),
(49, 'NIP', '197312201999032001', 'Weti Deswiyati, S.Sos., M.Si.', 'Pembina', 0, 'Kasubbag Organisasi dan Tata Laksana', 4, 'avatar.jpg'),
(50, 'NIP', '196908021995031001', 'Isheri, S.Sos., M.T.', 'Pembina Tk. I  ', 0, 'Analis Kelembagaan', 4, 'avatar.jpg'),
(51, 'NIP', '199310272019021003', 'Heri Setiawan Suhandi', 'Penata Muda', 0, 'Analis Sumber Daya Aparatur ', 4, 'avatar.jpg'),
(52, 'NIP', '199707152018121001', 'Maurice Mario Putra Saragih', 'CPNS Pengatur', 0, 'Pengelola Keuangan', 4, 'avatar.jpg'),
(53, 'NIP', '198706272017010311042', 'Trio Prakarsa', 'PTT', 0, 'Staf Kepegawaian ', 4, 'avatar.jpg'),
(54, 'NIP', '198609032017010311049', 'Deni', 'PTT', 0, 'Staf Kepegawaian ', 4, 'avatar.jpg'),
(55, 'NIP', '199101032017010311058', 'Budi Kurniawan', 'PTT', 0, 'Staf Kepegawaian ', 4, 'avatar.jpg'),
(56, 'NIP', '199010182017010321072', 'Melisa Suvia Arfiyanti', 'PTT', 0, 'Staf Kepegawaian ', 4, 'avatar.jpg'),
(57, 'NIP', '196811081989031001', 'Syaiful Rachman, Ak.', 'Pembina ', 12, 'Kabag Keuangan', 4, 'avatar.jpg'),
(58, 'NIP', '197705242002121001', 'Iwan Dwi Susanto, S.E., M.Ak.', 'Pembina', 11, 'Kasubbag Akutansi dan Verifikasi ', 4, 'avatar.jpg'),
(59, 'NIP', '197209051993021001', 'Edi Setiawan, Ak.', 'Penata Tk. I', 9, 'Kasubbag Administrasi Keuangan', 4, 'avatar.jpg'),
(60, 'NIP', '198707042014032001', 'Yani Yuliani, S.E.', 'Penata Muda', 7, 'Auditor', 4, 'avatar.jpg'),
(61, 'NIP', '199011122014031002', 'Artdeansyah Utama Dilaga, S.E.', 'Penata Muda', 7, 'Analis Pengembangan Sistem Informasi', 4, 'avatar.jpg'),
(62, 'NIP', '198104082015031001', 'Anwar Shadat, S.T.', 'Penata Muda Tk.I', 7, 'Analis Pengembangan Jaringan', 4, 'avatar.jpg'),
(63, 'NIP', '198601282018011002', 'Tri Jananto', 'Pengatur', 5, 'Pengelola Database SPM', 4, 'avatar.jpg'),
(64, 'NIP', '199412192019022002', 'Luna Putri Tiara Rossa', 'Penata Muda', 6, 'Penata Laporan Keuangan ', 4, 'avatar.jpg'),
(65, 'NIP', '199403032019021003', 'Yahya Nuur Hidayat', 'Penata Muda', 6, 'Analis Laporan Keuangan', 4, 'avatar.jpg'),
(66, 'NIP', '200001082018122003', 'Ayudyah Fitriani Hidayat', 'CPNS Pengatur Muda', 3, 'Pengadminstrasi Keuangan', 4, 'avatar.jpg'),
(67, 'NIP', '199810132018122001', 'Nia Nurul Mahmudah', 'CPNS Pengatur Muda', 3, 'Pengadminstrasi Keuangan', 4, 'avatar.jpg'),
(68, 'NIP', '200002292018122001', 'Veny Febri Putri Purba', 'CPNS Pengatur Muda', 3, 'Pengadminstrasi Keuangan', 4, 'avatar.jpg'),
(69, 'NIP', '199910292018122004', 'Maria Aurelia Patricia', 'CPNS Pengatur Muda', 3, 'Pengadminstrasi Keuangan', 4, 'avatar.jpg'),
(70, 'NIP', '199910082018121003', 'Muhammad Farhan Azhar', 'CPNS Pengatur Muda', 3, 'Pengadminstrasi Keuangan', 4, 'avatar.jpg'),
(71, 'NIP', '198205242017010311002', 'Mayosi Swantika', 'PTT', 0, 'Staf Keuangan', 4, 'avatar.jpg'),
(72, 'NIP', '198512262017010311060', 'Gusti Muhammad Permadi', 'PTT', 0, 'Staf Keuangan', 4, 'avatar.jpg'),
(73, 'NIP', '199704022017010311087', 'Tabah Hegar Pamungkas', 'PTT', 0, 'Staf Keuangan', 4, 'avatar.jpg'),
(74, 'NIP', '197306231994031001', 'Ahmad Zainal Arifin, S.ST., Ak.', 'Penata Tk. I  ', 9, 'Kabag Perencanaan', 4, 'avatar.jpg'),
(75, 'NIP', '198308142008031001', 'M. Unggul Abdul Fatah, S.T.P., M.M.', 'Penata  ', 9, 'Kasubbag Penyusunan Anggaran', 4, 'avatar.jpg'),
(76, 'NIP', '197309122009031001', 'Amir Mahmud, S.T.', 'Penata Tk. I', 9, 'Kasubbag Data', 4, 'avatar.jpg'),
(77, 'NIP', '520796', 'Muhamad Djuhaimi Al Anshori', 'Letkol Adm.', 0, 'Kasubbag Penyusunan Program', 4, 'avatar.jpg'),
(78, 'NIP', '198706292018012001', 'Sonya Christi Yunika, S.H.', 'Penata Muda', 6, 'Penyusun Program dan Kegiatan', 4, 'avatar.jpg'),
(79, 'NIP', '199406012019022003', 'Juanita Manifesti', 'Penata Muda', 6, 'Analis Perencanaan', 4, 'avatar.jpg'),
(80, 'NIP', '199711182018122003', 'Aulia Amani Wahdah', 'CPNS Pengatur', 5, 'Verifikator Keuangan', 4, 'avatar.jpg'),
(81, 'NIP', '19860507201201111055', 'Wisnu Saputro', 'PTT', 0, 'Staf Biro Perencanaan, Hukum dan Humas', 4, 'avatar.jpg'),
(82, 'NIP', '198610012017010311064', 'Dudih Rahmat Nurdiansyah', 'PTT', 0, 'Staf Biro Perencanaan, Hukum dan Humas', 4, 'avatar.jpg'),
(83, 'NIP', '24/SP-24/PPK-2/BNPT/01/2019', 'Ayu Intan N., S.Psi.', '-', 0, 'Tenaga Administrasi Hukum dan Hubungan Masyarakat', 4, 'avatar.jpg'),
(84, 'NIP', '196604131987031001', 'Rachmat Surawibawa, S.Sos.', 'Pembina Tk. I  ', 12, 'Kabag Tata Usaha dan Rumah Tangga', 4, 'avatar.jpg'),
(85, 'NIP', '197711282006041001', 'Moch. Andriansyah, S.T., M.M.', 'Penata Tk. I', 9, 'Kasubbag Rumah Tangga, dan Perlengkapan', 4, 'avatar.jpg'),
(86, 'NIP', '198403122014031001', 'Bukhori, S.Kom. ', 'Penata Muda Tk. I', 7, 'Kasubbag Tata Usaha, Protokol, dan Pengamanan', 4, 'avatar.jpg'),
(87, 'NIP', '198506132014031001', 'Aristio Yudhanto, S.IKom.', 'Penata Muda Tk. I', 7, 'Analis Kerjasama', 4, 'avatar.jpg'),
(88, 'NIP', '198208212015031001', 'Trigus Sinduwarno, S.T.', 'Penata Muda Tk. I', 7, 'Analis Pengembangan Jaringan', 4, 'avatar.jpg'),
(89, 'NIP', '198711192018012000', 'dr. Pika Novriani Lubis', 'Penata Muda Tk. I', 7, 'Dokter Ahli Pertama', 4, 'avatar.jpg'),
(90, 'NIP', '199002082018012000', 'Drg. Pebrina Dwi Arianti', 'Penata Muda Tk. I', 7, 'Dokter Gigi Ahli Pertama', 4, 'avatar.jpg'),
(91, 'NIP', '199010082018011001', 'Putra Jody Susetyo, S.I.A.', 'Penata Muda', 6, 'Pranata Kearsipan', 2, 'avatar.jpg'),
(92, 'NIP', '199212072018011002', 'Ardian Fauzi Rahman, S.Sos.', 'Penata Muda', 6, 'Pranata Kearsipan', 4, 'avatar.jpg'),
(93, 'NIP', '199410032018011001', 'Sigih Sinaga, S.T.', 'Penata Muda', 6, 'Analis Data dan Informasi', 4, 'avatar.jpg'),
(94, 'NIP', '198709212018011001', 'Depri Hadianto', 'Pengatur', 5, 'Teknisi Pemeliharaan Sarana dan Prasarana', 4, 'avatar.jpg'),
(95, 'NIP', '199002262018011001', 'Adi Rahmatullah, A.Md. Kep', 'Pengatur', 5, 'Perawat Terampil', 4, 'avatar.jpg'),
(96, 'NIP', '199306142018011001', 'Henri Prasetya, A.Md.', 'Pengatur', 5, 'Perawat Terampil', 4, 'avatar.jpg'),
(97, 'NIP', '197909042008101001', 'Addy Kusnadi', 'Pengatur', 5, 'Protokol', 4, 'avatar.jpg'),
(98, 'NIP', '199405102019022005', 'Afina Muthi Tsanya', 'Penata Muda Tk. I', 7, 'Apoteker Ahli Pertama ', 1, 'avatar.jpg'),
(99, 'NIP', '199210152019022002', 'Sayyidati Oktia Padma Firdausi', 'Penata Muda', 6, 'Perawat Ahli Pertama ', 4, 'avatar.jpg'),
(100, 'NIP', '199605042019021004', 'Raditya Ndaru Aji', 'Pengatur', 5, 'Perawat Gigi Terampil ', 4, 'avatar.jpg'),
(101, 'NIP', '199705022019022003', 'Dewi Mustika Sari', 'Pengatur', 5, 'Pranata Komputer Terampil ', 4, 'avatar.jpg'),
(102, 'NIP', '198102022017010310076', 'Agus Sutono', 'PTT', 0, 'Koordinator Pamdal / UKD', 4, 'avatar.jpg'),
(103, 'NIP', '197005132017010310029', 'Rudy', 'PTT', 0, 'Staf TU dan Rumga', 4, 'avatar.jpg'),
(104, 'NIP', '197704192017010310014', 'Irwan Y', 'PTT', 0, 'Pamdal / UKD', 4, 'avatar.jpg'),
(105, 'NIP', '198501022017010310033', 'Fadli Sunarto', 'PTT', 0, 'Pamdal / UKD', 4, 'avatar.jpg'),
(106, 'NIP', '198505112017010310071', 'Syafriadi', 'PTT', 0, 'Pamdal / UKD', 4, 'avatar.jpg'),
(107, 'NIP', '198802062017010310041', 'Budi Wibowo', 'PTT', 0, 'Pengemudi Inspektur', 4, 'avatar.jpg'),
(108, 'NIP', '198708082017010310022', 'Dede Sulaeman', 'PTT', 0, 'Pengemudi Operasional', 4, 'avatar.jpg'),
(109, 'NIP', '197708142017010310030', 'Muryadi', 'PTT', 0, 'Pengemudi Operasional', 4, 'avatar.jpg'),
(110, 'NIP', '197309252017010310037', 'Tirto', 'PTT', 0, 'Pengemudi Operasional', 4, 'avatar.jpg'),
(111, 'NIP', '198808172017010310063', 'Agus Budiono', 'PTT', 0, 'Pengemudi Operasional', 4, 'avatar.jpg'),
(112, 'NIP', '199111142017010310009', 'Aditya Adzhar', 'PTT', 0, 'Pramubakti', 4, 'avatar.jpg'),
(113, 'NIP', '198104812017010310012', 'Muhammad Masturo', 'PTT', 0, 'Pramubakti', 4, 'avatar.jpg'),
(114, 'NIP', '199103092017010310013', 'Erwin Jaelani', 'PTT', 0, 'Pramubakti', 4, 'avatar.jpg'),
(115, 'NIP', '195807252017010310036', 'Husein Kuntum', 'PTT', 0, 'Pramubakti', 4, 'avatar.jpg'),
(116, 'NIP', '199101062017010311004', 'Mirza Wahyudi', 'PTT', 0, 'Perawat Poliklinik', 4, 'avatar.jpg'),
(117, 'NIP', '198302272017010311074', 'Rudi Hartono', 'PTT', 0, 'Staf Protokol Bandara', 4, 'avatar.jpg'),
(118, 'NIP', '198605162017010311017', 'Armana AF', 'PTT', 0, 'Staf TU dan Rumga', 4, 'avatar.jpg'),
(119, 'NIP', '199504022017010311010', 'Ega Pratama', 'PTT', 0, 'Staf TU dan Rumga', 4, 'avatar.jpg'),
(120, 'NIP', '199502232017010311011', 'Gama Ramdani R', 'PTT', 0, 'Staf TU dan Rumga', 4, 'avatar.jpg'),
(121, 'NIP', '198904302017010311050', 'Rahmad Hariyadi', 'PTT', 0, 'Staf TU dan Rumga', 4, 'avatar.jpg'),
(122, 'NIP', '199112052017010311062', 'Dani Ardinanta Barmintoro', 'PTT', 0, 'Staf TU dan Rumga', 4, 'avatar.jpg'),
(123, 'NIP', '196412042017010311077', 'Riyan Rakasiwi', 'PTT', 0, 'Staf TU dan Rumga', 4, 'avatar.jpg'),
(124, 'NIP', '197909142017010311082', 'Teguh Machyudien', 'PTT', 0, 'Staf TU dan Rumga', 4, 'avatar.jpg'),
(125, 'NIP', '197710052017010311084', 'Judo Prasetyo Buwono', 'PTT', 0, 'Staf TU dan Rumga', 4, 'avatar.jpg'),
(126, 'NIP', '198512132017010321086', 'Monica Natalia Cesaria', 'PTT', 0, 'Dokter Poliklinik', 4, 'avatar.jpg'),
(127, 'NIP', '198608022017010311087', 'M. Risal Efendi', 'PTT', 0, 'Staf Perawat Poliklinik', 4, 'avatar.jpg'),
(128, 'NIP', '195908121981021004', 'Dr. Amrizal, M.M.', 'Pembina Utama Madya ', 14, 'Inspektur', 4, 'avatar.jpg'),
(129, 'NIP', '11050003330967', 'Drs. Aripuddin, M.Si.', 'Letkol (Inf)', 0, 'Kasubbag Tata Usaha Inspektorat', 4, 'avatar.jpg'),
(130, 'NIP', '196601061987031001', 'Ade Hermana, S.E., M.M.', 'Pembina Tk. I', 12, ' Auditor Madya', 4, 'avatar.jpg'),
(131, 'NIP', '197908232014031001', 'Purwo Hadi Wibowo, S.E.', 'Penata Muda Tk. I', 7, 'Auditor Ahli Pertama', 4, 'avatar.jpg'),
(132, 'NIP', '198901162014031002', 'Anwar Suhartono, S.E.', 'Penata Muda Tk.I', 7, 'Auditor Ahli Pertama', 4, 'avatar.jpg'),
(133, 'NIP', '198505302014031001', 'Chandra Kurniawan Nababan, S.E.', 'Penata Muda', 7, 'Auditor Ahli Pertama', 4, 'avatar.jpg'),
(134, 'NIP', '198803022015031003', 'Mohammad Nuhwana Saputra, S.E.', 'Penata Muda', 7, 'Pemeriksa Intelijen                                ', 4, 'avatar.jpg'),
(135, 'NIP', '198909032015032002', 'Nilam Ayuningtyas, S.Psi.', 'Penata Muda Tk. I', 7, 'Analis Hubungan Kelembagaan', 4, 'avatar.jpg'),
(136, 'NIP', '199408182018012001', 'Safira Insani, S.Sos.', 'Penata Muda', 6, 'Penyusun Program dan Kegiatan', 4, 'avatar.jpg'),
(137, 'NIP', '199502282019022007', 'Nur Aisyah', 'Penata Muda', 6, 'Auditor Ahli Pertama', 4, 'avatar.jpg'),
(138, 'NIP', '198908172019022004', 'Siti Huriah Azmi', 'Penata Muda', 6, 'Auditor Ahli Pertama', 4, 'avatar.jpg'),
(139, 'NIP', '199308042019022005', 'Fadia Naufa Nasution', 'Penata Muda', 6, 'Auditor Ahli Pertama', 4, 'avatar.jpg'),
(140, 'NIP', '199704162018122001', 'Siti Nur Arofah', 'CPNS Pengatur', 5, 'Verifikator Keuangan', 4, 'avatar.jpg'),
(141, 'NIP', '199703142018121001', 'Teguh Darmawanto', 'CPNS Pengatur', 5, 'Verifikator Keuangan', 4, 'avatar.jpg'),
(142, 'NIP', '199003052017010321054', 'Devia Elita Sari', 'PTT', 0, 'Staf Inspektorat', 4, 'avatar.jpg'),
(143, 'NRP', '62050797', 'Drs. Suhardi Alius, M.H.', 'Komjen Pol', 15, 'Kepala BNPT', 1, 'avatar.jpg'),
(144, 'NIP', '198509142008121001', 'Rikhi Benindo Maghaz, S.H.', 'Jaksa Pratama', 9, 'Kasubbag Tata Usaha Kepala', 4, 'avatar.jpg'),
(145, 'NIP', '199203032018012001', 'Nurul Indah Ristyani, S.Sos.', 'Penata Muda', 6, 'Analis Data Intelijen', 4, 'avatar.jpg'),
(146, 'NIP', '197605052017010312067', 'Abdul Hamid Majid, S.P', 'PTT', 0, 'Staf Khusus Kepala BNPT', 4, 'avatar.jpg'),
(147, 'NIP', '198604222017010321035', 'Vita Afrilia', 'PTT', 6, 'Staf TU Kepala', 4, 'avatar.jpg'),
(148, 'NIP', '199105162017010311006', 'Yogi Sumarna', 'PTT', 6, 'Staf TU Kepala', 4, 'avatar.jpg'),
(149, 'NIP', '197706012017010311024', 'Anugrah Wanto Wibowo', 'PTT', 0, 'Staf TU Kepala', 4, 'avatar.jpg'),
(150, 'NIP', '507801', 'Dr. A. Adang Supriyadi ', 'Marsda TNI', 0, 'Sekretaris Utama', 4, 'avatar.jpg'),
(151, 'NRP', '32296', 'Dadang Hendrayudha', 'Brigjen TNI', 13, 'Kepala Biro Umum', 4, 'avatar.jpg'),
(152, 'NIP', '196705011989031001', 'Bangbang Surono, Ak., M.M.', 'Pembina Utama Muda  ', 13, 'Kepala Biro Perencanaan, Hukum dan Humas', 4, 'avatar.jpg'),
(153, 'NIP', '196404131988031001', 'Dwito Relawanto, S.E., M.M.', 'Penata Tk. I', 9, 'Kasubbag Tata Usaha Sestama', 4, 'avatar.jpg'),
(154, 'NIP', '199012142017010311007', 'Eri Destria', 'PTT', 0, 'Staf TU Sestama', 4, 'avatar.jpg'),
(155, 'NIP', '199108052017010321080', 'Firas Agyati Gumilar', 'PTT', 0, 'Staf TU Karoum', 4, 'avatar.jpg'),
(156, 'NIP', '02/SP-02/PPK-2/BNPT/01/2019', 'Ari Setiyanto', '-', 0, 'TA Sestama', 4, 'avatar.jpg'),
(157, 'NIP', '11930093111170', 'Sigit Karyadi, S.H.', 'Kolonel (Cpl)', 12, 'Kasubdit Bina Dalam Lembaga Pemasyarakatan', 1, 'avatar.jpg'),
(158, 'NIP', '198112212001121001', 'Helmi Najih, A.Md. IP, S.H., M.H.', 'Penata', 8, 'Kasi Bina Narapidana ', 1, 'avatar.jpg'),
(159, 'NIP', '198505142010121001', 'Ahmad Fauzi, S.Pd., M.Pd., M.H.', 'Penata Muda Tk. I', 7, 'Kasi Identifikasi Narapidana', 1, 'avatar.jpg'),
(160, 'NIP', '198001212014031001', 'Defri Ardinald, S.Sos.', 'Penata Muda Tk. I', 7, 'Analis Kerjasama', 1, 'avatar.jpg'),
(161, 'NIP', '198303142018011001', 'Cahyo Anggoro, S.E.', 'Penata Muda', 6, 'Penyusun Program dan Kegiatan', 1, 'avatar.jpg'),
(162, 'NIP', '199103132018011001', 'Pandu Wahyu Pratama, S.Pd.', 'Penata Muda', 6, 'Analis Resosialisasi dan Rehabilitasi', 1, 'avatar.jpg'),
(163, 'NIP', '199505182019022008', 'Mei Maria Yosepin Simbolon', 'Penata Muda', 6, 'Penyuluh Narapidana', 1, 'avatar.jpg'),
(164, 'NIP', '199404120019021001', 'Ade Lingga Saputra Dalimunthe', 'Penata Muda', 6, 'Penata Laporan Keuangan ', 1, 'avatar.jpg'),
(165, 'NIP', '198608172019021003', 'Argi Agusta', 'Penata Muda', 6, 'Analis Kebijakan Ahli Pertama ', 1, 'avatar.jpg'),
(166, 'NIP', '199205182019022007', 'Nurani Ruhendri Putri', 'Penata Muda', 6, 'Penyuluh Narapidana ', 1, 'avatar.jpg'),
(167, 'NIP', '199112242019022002', 'Natalia Aga Prasetyarini', 'Penata Muda', 6, 'Penyuluh Narapidana ', 1, 'avatar.jpg'),
(168, 'NIP', '199306072019022005', 'Anindya Fathy Andarlita', 'Penata Muda', 6, 'Penyuluh Narapidana ', 1, 'avatar.jpg'),
(169, 'NIP', '199607232019022002', 'Romayta Ayu Firdaus', 'Penata Muda', 6, 'Analis Resosialisasi dan Rehabilitasi ', 1, 'avatar.jpg'),
(170, 'NIP', '199001252019021002', 'Puji Akbar', 'Penata Muda', 6, 'Penyusun Program, Anggaran dan Pelaporan ', 1, 'avatar.jpg'),
(171, 'NIP', '198712232019021003', 'Rikki Rosadi', 'Penata Muda', 6, 'Analis Pemasyarakatan ', 1, 'avatar.jpg'),
(172, 'NIP', '199507132019022004', 'R. Tinon Hastho Ririh', 'Penata Muda', 6, 'Analis Monitoring, Evaluasi dan Pelaporan ', 1, 'avatar.jpg'),
(173, 'NIP', '198307172017010311018', 'Mohammad Alfan', 'PTT', 0, 'Staf Dit. Deradikalisasi', 1, 'avatar.jpg'),
(174, 'NIP', '12013/P', 'Andy Prasetyo', 'Kolonel (Mar)', 0, 'Kasubdit Bina Lembaga Pemasyarakatan Khusus Teroris', 1, 'avatar.jpg'),
(175, 'NIP', '197610282009121003', 'Andri Taufik H S, S.Sos., M.Ag.', 'Penata', 8, 'Kasi Materi Pembinaan', 1, 'avatar.jpg'),
(176, 'NIP', '199212022018012003', 'Larasati Ayu Srie Dewanti, S.Pd.', 'Penata Muda', 6, 'Penyuluh Narapidana', 1, 'avatar.jpg'),
(177, 'NIP', '199307312018012001', 'Sri Lestari, S.Pd.', 'Penata Muda', 6, 'Penyuluh Narapidana', 1, 'avatar.jpg'),
(178, 'NIP', '199607222019021001', 'Yovi Roinaldo Tampubolon', 'Penata Muda', 6, 'Analis Data dan Informasi ', 1, 'avatar.jpg'),
(179, 'NIP', '199109152019021003', 'Gunar Dito ', 'Penata Muda', 6, 'Analis Kebijakan Ahli Pertama ', 1, 'avatar.jpg'),
(180, 'NIP', '199503172019022003', 'Adila Rahmayanti', 'Penata Muda', 6, 'Penyuluh Narapidana ', 1, 'avatar.jpg'),
(181, 'NIP', '199212222019022008', 'Arini Sabila Hidayatika', 'Penata Muda', 6, 'Penyuluh Narapidana ', 1, 'avatar.jpg'),
(182, 'NIP', '199511242019021002', 'Rangga Ardan Rahim', 'Penata Muda', 6, 'Analis Pemasyarakatan ', 1, 'avatar.jpg'),
(183, 'NIP', '199704302019021001', 'Rachmat Fajri Adi Nugraha', 'Penata Muda', 6, 'Analis Pemasyarakatan ', 1, 'avatar.jpg'),
(184, 'NIP', '199302272019021002', 'Handhika Saputra', 'Penata Muda', 6, 'Pengelola Warga Binaan Pemasyarakatan', 1, 'avatar.jpg'),
(185, 'NRP', '519795', 'Drs. Solihuddin Nasution', 'Kolonel (Sus)', 12, 'Kasubdit Bina Masyarakat', 1, 'avatar.jpg'),
(186, 'NIP', '198112162001121001', 'Arifin Akhmad, AMd. IP, S.H.', 'Penata', 8, 'Kasi Identifikasi Dalam Masyarakat ', 1, 'avatar.jpg'),
(187, 'NIP', '11960056051174', 'Hendro Wicaksono, S.H.', 'Letkol (Cpl)', 0, 'Kasi Bina Dalam Masyarakat', 1, 'avatar.jpg'),
(188, 'NIP', '198603012014032001', 'Ajeng Asih Lianasari, S.S.', 'Penata Muda Tk. I', 7, 'Analis Kerjasama', 1, 'avatar.jpg'),
(189, 'NIP', '197610302002121001', 'Ahmad Riyadi', 'Penata Muda', 6, 'Pengadminstrasi Umum', 1, 'avatar.jpg'),
(190, 'NIP', '199204272018011002', 'Ardi Putra Prasetya, S.Sos.', 'Penata Muda', 6, 'Analis Pemasyarakatan', 1, 'avatar.jpg'),
(191, 'NIP', '198910272019022003', 'Rina Maulidah', 'Penata Muda', 6, 'Analis Data Intelijen', 1, 'avatar.jpg'),
(192, 'NIP', '199105232019021003', 'Muhamad Affin Bahtiar', 'Penata Muda', 6, 'Penyuluh Narapidana', 1, 'avatar.jpg'),
(193, 'NIP', '199404252019021003', 'Aqil Zaenulmillah', 'Penata Muda', 6, 'Pengelola Warga Binaan Pemasyarakatan ', 1, 'avatar.jpg'),
(194, 'NIP', '198810242019021004', 'Henry Togar Manurung', 'Penata Muda', 6, 'Analis Monitoring, Evaluasi dan Pelaporan ', 1, 'avatar.jpg'),
(195, 'NIP', '199204192019022003', 'Hany Widhyastri', 'Penata Muda', 6, 'Pengelola Warga Binaan Pemasyarakatan ', 1, 'avatar.jpg'),
(196, 'NRP', '519802', 'Drs. Sudjatmiko', 'Kolonel (Pas)', 12, 'Kasubdit Kontra Propaganda', 1, 'avatar.jpg'),
(197, 'NIP', '198303022002121003', 'Eri Suprayitno, S.E.', 'Penata ', 8, 'Kasi Media Literasi', 1, 'avatar.jpg'),
(198, 'NIP', '198205162014031002', 'Rizky Adianhar, S.Sos.', 'Penata Muda', 7, 'Analis Kerjasama', 1, 'avatar.jpg'),
(199, 'NIP', '198705032015032002', 'Maira Himadhani, S.T.', 'Penata Muda Tk. I', 7, 'Analis Pelayanan Publik                                 ', 1, 'avatar.jpg'),
(200, 'NIP', '199605232019021003', 'Irfanditya Wisnu Wardana', 'Penata Muda', 6, 'Analis Data Intelejen ', 1, 'avatar.jpg'),
(201, 'NIP', '199210102019021011', 'Luthfillah Ardiansyah', 'Penata Muda', 6, 'Analis Data dan Informasi ', 1, 'avatar.jpg'),
(202, 'NIP', '199610202019022003', 'Nindya Dwi Eridanny', 'Pengatur', 5, 'Pranata Komputer Terampil ', 1, 'avatar.jpg'),
(203, 'NIP', '199506072019031002', 'Indra Awal Priyanto S. Kom', 'Penata Muda', 6, 'Analis Data dan Informasi', 1, 'avatar.jpg'),
(204, 'NIP', 'DE.1-PL.01.08/27/2018', 'Ika Kartika Mamonto, SE', '-', 0, 'Anggota Keuangan Kontra Propaganda', 1, 'avatar.jpg'),
(205, 'NIP', 'DE.1-PL.01.08/28/2018', 'Sasra Bouty, SE', '-', 0, 'Anggota Keuangan Kontra Propaganda', 1, 'avatar.jpg'),
(206, 'NIP', '196212311985032003', 'Dra. Hj. Andi Intang Dulung, M.HI.', 'Pembina Tk. I  ', 12, 'Kasubdit Pemberdayaan Masyarakat', 1, 'avatar.jpg'),
(207, 'NIP', '196908041993011001', 'Puput Agus Setiawan, S.E., M.M., M.H.', 'Penata Tk. I', 9, 'Kasi Penelitian dan Evaluasi', 1, 'avatar.jpg'),
(208, 'NRP', '12317/P', 'Setyo Pranowo, S.H., M.M.', 'Letkol Laut (KH)', 9, 'Kasi Partisipasi Masyarakat', 1, 'avatar.jpg'),
(209, 'NIP', '198012302015031001', 'Teuku Fauzansyah, S.S.', 'Penata Muda Tk. I', 7, 'Analis Kerjasama Luar Negeri             ', 1, 'avatar.jpg'),
(210, 'NIP', '198810232018012002', 'Nurul Farida, S.Pd.', 'Penata Muda', 6, 'Analis Pemberdayaan', 1, 'avatar.jpg'),
(211, 'NIP', '199412032019022007', 'Hanifatul Handayani', 'Penata Muda', 6, 'Analis Monitoring, Evaluasi dan Pelaporan ', 1, 'avatar.jpg'),
(212, 'NIP', '198707152019021001', 'Gading Pramudika', 'Penata Muda', 6, 'Penata Laporan Keuangan ', 1, 'avatar.jpg'),
(213, 'NIP', '198807102017010311021', 'Rusdiansyah Batubara', 'PTT', 0, 'Staf Dit. Pencegahan', 1, 'avatar.jpg'),
(214, 'NIP', '198412032017010311005', 'Roy Karno', 'PTT', 0, 'Staf Dit. Pencegahan', 1, 'avatar.jpg'),
(215, 'NIP', '198511042017010311052', 'Adi Prasetyo', 'PTT', 0, 'Staf Dit. Pencegahan', 1, 'avatar.jpg'),
(216, 'NIP', '198908272017010321059', 'Andi Ulul Azmi', 'PTT', 0, 'Staf Dit. Pencegahan', 1, 'avatar.jpg'),
(217, 'NRP', '1900024511166', 'Roedy Widodo', 'Kolonel (Czi)', 12, 'Kasubdit Pemulihan Korban Aksi Terorisme', 1, 'avatar.jpg'),
(218, 'NIP', '198301242008121001', 'Muhammad Lutfi, S.IP., M.Si.', 'Penata', 8, 'Kasi Pemulihan Korban', 1, 'avatar.jpg'),
(219, 'NIP', '196404271986031001', 'Nurturyanto, S.E.', 'Penata Tk. I', 9, 'Kasi Pemulihan Sarana & Prasarana', 1, 'avatar.jpg'),
(220, 'NIP', '198401222018011001', 'Ari Prabawa, S.H.', 'Penata Muda', 6, 'Analis Advokasi', 1, 'avatar.jpg'),
(221, 'NIP', '199207032018012002', 'Ayu Permata Yuliana, S.Sos.', 'Penata Muda', 6, 'Analis Data dan Informasi', 1, 'avatar.jpg'),
(222, 'NIP', '199409192019022002', 'Raudhatul Mutiah', 'Penata Muda', 6, 'Penata Laporan Keuangan ', 1, 'avatar.jpg'),
(223, 'NIP', '32798', 'Rahmad Suhendro', 'Letkol (Czi)', 0, 'Kasubdit Pengamanan Lingkungan', 1, 'avatar.jpg'),
(224, 'NIP', '197508252002121008', 'Muriansyah Herman, S.Sos., M.Si.', 'Pembina', 11, 'Kasi Pengamanan Lingkungan Pemerintah', 1, 'avatar.jpg'),
(225, 'NIP', '198811062014031002', 'Mario Humberto, S.Sos., M.H.', 'Penata Muda Tk. I', 8, 'Kasi Pengamanan Lingkungan Umum', 1, 'avatar.jpg'),
(226, 'NIP', '198608292014071001', 'Alhen Egho Saiba, S.T.', 'Penata Muda Tk. I', 7, 'Analis Data Intelijen', 1, 'avatar.jpg'),
(227, 'NIP', '198109072015031003', 'Andityas Pranowo, S.Sos.I.', 'Penata Muda Tk. I', 7, 'Analis Pelayanan Publik                                 ', 1, 'avatar.jpg'),
(228, 'NIP', '19920830 201801 1 001', 'Muhammad Arief Ibrahim, S.IP.', 'Penata Muda', 6, 'Analis Kerjasama', 1, 'avatar.jpg'),
(229, 'NIP', '199410292018011003', 'Muhammad Syauqi Khudzaifi, S.Si.', 'Penata Muda', 6, 'Analis Data dan Informasi', 1, 'avatar.jpg'),
(230, 'NIP', '199504212019021003', 'Alif Nurryansyah Firdaus', 'Penata Muda', 6, 'Penata Laporan Keuangan ', 1, 'avatar.jpg'),
(231, 'NIP', '1993070019021003', 'Iffan Al Hafiz', 'Penata Muda', 6, 'Analis pengaman Lingkungan', 1, 'avatar.jpg'),
(232, 'NIP', '13410/P', 'Wahyu Herawan', 'Kolonel Laut (T)', 0, 'Kasubdit Pam Obvit dan Transportasi', 1, 'avatar.jpg'),
(233, 'NIP', '197607202006042001', 'Yuline Pramasari, S.E., M.MTr', 'Penata Tk. I', 9, 'Kasi Pengamanan Transportasi', 1, 'avatar.jpg'),
(234, 'NIP', '71040697', 'Zulkifli, S.Ag.', 'Kom Pol', 0, 'Kasi Pengamanan Objek Vital', 1, 'avatar.jpg'),
(235, 'NIP', '198909262018011001', 'Septiyono Zafarudin, S.IP.', 'Penata Muda', 6, 'Analis Kerjasama', 1, 'avatar.jpg'),
(236, 'NIP', '199109152018011002', 'Richo Wisnu Anggoro, S.Kom.', 'Penata Muda', 6, 'Analis Data dan Informasi', 1, 'avatar.jpg'),
(237, 'NIP', '199407062019022001', 'Hayuning Nuswantari', 'Penata Muda', 6, 'Analis Pengamanan Objek Vital ', 1, 'avatar.jpg'),
(238, 'NIP', '199604122019022005', 'Anisa Istiqomah', 'Penata Muda', 6, 'Penyusun Program, Anggaran dan Pelaporan', 1, 'avatar.jpg'),
(239, 'NIP', '196402251987031001', 'Moch. Chairil Anwar, S.H.', 'Pembina Tk. I', 12, 'Kasubdit Pengawasan', 1, 'avatar.jpg'),
(240, 'NIP', '198307202014031001', 'Faizal Yan Aulia, S.Fil., M.Sc.', 'Penata', 8, 'Kasi Pengawasan Barang', 1, 'avatar.jpg'),
(241, 'NIP', '198207252014031001', 'Yacobus Tri Raharjo, S.E.', 'Penata Muda Tk. I', 7, 'Analis Pengawasan', 1, 'avatar.jpg'),
(242, 'NIP', '199310082018011003', 'Paudeno Palega, S.M.', 'Penata Muda', 6, 'Analis Bidang Pengawasan', 1, 'avatar.jpg'),
(243, 'NIP', '199410262018012002', 'Hasna Khairiani Mulyana, S.Sos.', 'Penata Muda', 6, 'Analis Data dan Informasi', 1, 'avatar.jpg'),
(244, 'NIP', '199007282019022003', 'Putri Wuning Muhareni', 'Penata Muda', 6, 'Analis Data Intelejen  ', 1, 'avatar.jpg'),
(245, 'NIP', '199403102019021003', 'Fikrul Hanif', 'Penata Muda', 6, 'Analis Data Intelejen  ', 1, 'avatar.jpg'),
(246, 'NIP', '199412302019022004', 'Mutiara Islamiyati', 'Penata Muda', 6, 'Analis Kebijakan Ahli Pertama ', 1, 'avatar.jpg'),
(247, 'NIP', '199608082019022004', 'Vania Nabilla Aditiarini', 'Penata Muda', 6, 'Analis Bidang Pengawasan ', 1, 'avatar.jpg'),
(248, 'NIP', '199602052019022004', 'Trissa Diva Rusniko', 'Penata Muda', 6, 'Analis Bidang Pengawasan ', 1, 'avatar.jpg'),
(249, 'NIP', '199009172019022003', 'Deby Septana Suryanto', 'Penata Muda', 6, 'Analis Bidang Pengawasan ', 1, 'avatar.jpg'),
(250, 'NIP', '199211052019032003', 'Chelsea Amelia Purba S.I.A', 'Penata Muda', 6, 'Penyusun Program, Anggaran Dan Pelaporan', 1, 'avatar.jpg'),
(251, 'NIP', '30851', 'Hendri Paruhuman Lubis', 'Mayjen TNI', 15, 'Deputi Bidang Pencegahan, Perlindungan, dan Deradikalisasi', 1, 'avatar.jpg'),
(252, 'NIP', '196609241991031002', 'Prof. Dr. Irfan Idris, M.A.', 'Pembina Utama Madya ', 13, 'Direktur Deradikalisasi', 1, 'avatar.jpg'),
(253, 'NRP', '620710016', 'Ir. Hamli M.E.', 'Brigjen Pol', 13, 'Direktur Pencegahan', 1, 'avatar.jpg'),
(254, 'NRP', '63100746', 'Drs. H. Herwan Chaidir', 'Brigjen Pol', 13, 'Direktur Perlindungan', 1, 'avatar.jpg'),
(255, 'NIP', '197904282002121000', 'Ahadi Wijayanto, S.E.', 'Pembina', 11, 'Kasubbag Tata Usaha Deputi I', 1, 'avatar.jpg'),
(256, 'NIP', '198606272014032001', 'Mellysa Padma Paramita, S.H.', 'Penata Muda Tk. I', 7, 'Auditor', 1, 'avatar.jpg'),
(257, 'NIP', '199007172015032002', 'Diannitha Phobe Yuliane Pertiwi, S.Psi.', 'Penata Muda Tk. I', 7, 'Analis Hubungan Kelembagaan', 1, 'avatar.jpg'),
(258, 'NIP', '198702132018011001', 'Eldi Bisma Putra Mahendra', 'Penata Muda', 6, 'Analis Data dan Informasi', 1, 'avatar.jpg'),
(259, 'NIP', '199010312018012002', 'Mardiyah Az Zahra, S.T.', 'Penata Muda', 6, 'Analis Data dan Informasi', 1, 'avatar.jpg'),
(260, 'NIP', '199310182018012001', 'Mustika Oktaviani, S.Hum.', 'Penata Muda', 6, 'Pranata Kearsipan', 1, 'avatar.jpg'),
(261, 'NIP', '199705082018122004', 'Karera Meyda', 'CPNS Pengatur', 5, 'Verifikator Keuangan', 1, 'avatar.jpg'),
(262, 'NIP', '199802102018121002', 'Kian Falenza Fyqra', 'CPNS Pengatur', 5, 'Verifikator Keuangan', 1, 'avatar.jpg'),
(263, 'NIP', '199311102017010311020', 'Denni Ristyawan', 'PTT', 0, 'Staf TU Deputi I', 1, 'avatar.jpg'),
(264, 'NIP', '198207292017010321046', 'Rose Rosida', 'PTT', 0, 'Staf TU Deputi I', 1, 'avatar.jpg'),
(265, 'NIP', '197103202017010311016', 'Andry Martyano', 'PTT', 0, 'Staf Dit. Perlindungan ', 1, 'avatar.jpg'),
(266, 'NIP', 'DE.1-PL.01.08/29/2018', 'Rizky Putri Marsyarita, S.Pd', '-', 0, 'Satgas', 1, 'avatar.jpg'),
(267, 'NIP', 'DE.1-PL.01.08/03/2019', 'Ruslan Setiawan', '-', 0, 'Satgas', 1, 'avatar.jpg'),
(268, 'NIP', '31970364070877', 'Mimi Suhaemi', '-', 0, 'BKO TNI ', 1, 'avatar.jpg'),
(269, 'NIP', '31960800000776', 'Tukadi', '-', 0, 'BKO TNI ', 1, 'avatar.jpg'),
(270, 'NIP', 'DE.1-PL.01.08/01/2018', 'Siti Hajar, S.Pd', '-', 0, 'Anggota Administrasi Kepala Bidang Pencegahan', 1, 'avatar.jpg'),
(271, 'NRP', '63040908', 'Drs. Budiono Sandi, S.H., M.Hum.', 'Irjen Pol', 15, 'Deputi Bidang Pencegahan, Perlindungan dan Deradikalisasi', 2, 'avatar.jpg'),
(272, 'NRP', '68020211', 'Drs. Torik Triyono, M.Si.', 'Brigjen Pol', 13, 'Direktur Penindakan', 2, 'avatar.jpg'),
(273, 'NRP', '67060234', 'Drs. Imam Margono', 'Brigjen Pol', 13, 'Direktur Pembinaan Kemampuan', 2, 'avatar.jpg'),
(274, 'NRP', '67050527', 'Eddy Hartono, S.I.K., M.H.', 'Brigjen Pol', 13, 'Direktur Penegakan Hukum', 2, 'avatar.jpg'),
(275, 'NIP', '196805171996031000', 'Supargiyanto, S.Sos.', 'Penata  ', 8, 'Kasubbag Tata Usaha Deputi II', 2, 'avatar.jpg'),
(276, 'NIP', '198706072014031001', 'Khaerul Ikhsan, S.Kom.', 'Penata Muda Tk. I', 7, 'Analis Pengamanan Objek Vital', 2, 'avatar.jpg'),
(277, 'NIP', '198906202019021003', 'Dwi Rahmawanto', 'Penata Muda', 6, 'Analis Monitoring, Evaluasi dan Pelaporan ', 2, 'avatar.jpg'),
(278, 'NIP', '197709122017010310028', 'Eko Sulistiyono', 'PTT', 0, 'Staf TU Deputi II', 2, 'avatar.jpg'),
(279, 'NIP', '199001012017010311023', 'Hariyadi Fratama', 'PTT', 0, 'Staf TU Deputi II ', 2, 'avatar.jpg'),
(280, 'NIP', '31172', 'Darmanto', 'Kolonel (Inf)', 0, 'Kasubdit Kesiapsiagaan dan Penanganan Krisis', 2, 'avatar.jpg'),
(281, 'NIP', '11990041751277', 'Indra Gunawan', 'Letkol (Inf)', 0, 'Kasi Kesiapsiagaan', 2, 'avatar.jpg'),
(282, 'NIP', '521858', 'Komang Dony A.W.', 'Letkol (Pas)', 0, 'Kasi Pengendalian Krisis', 2, 'avatar.jpg'),
(283, 'NIP', '198701202018011002', 'Nurul Huda Shufi Prabowo, S.I.Kom.', 'Penata Muda', 6, 'Analis Kerjasama', 2, 'avatar.jpg'),
(284, 'NIP', '199402182018012001', 'Afifah Rahmawati, S.A.P.', 'Penata Muda', 6, 'Penyusun Program dan Kegiatan', 2, 'avatar.jpg'),
(285, 'NIP', '199209162019021001', 'Fahmi Sidiq', 'Penata Muda', 6, 'Penyuluh Narapidana ', 2, 'avatar.jpg'),
(286, 'NIP', '199012072019022005', 'Siti Pranawaningrum', 'Penata Muda', 6, 'Penyuluh Narapidana ', 2, 'avatar.jpg'),
(287, 'NRP', '74090558', 'Alexander Sabar, S.IK.', 'Kombes Pol', 12, 'Kasubdit Intelijen', 2, 'avatar.jpg'),
(288, 'NIP', '84051746', 'Irvan Reza, S.H., S.I.K', 'Kom Pol', 0, 'Kasi Pengolahan Data', 2, 'avatar.jpg'),
(289, 'NIP', '198708232014031001', 'Donnie Alimurfie, S.E., M.E.', 'Penata', 7, 'Kasi Pengumpulan Data', 2, 'avatar.jpg'),
(290, 'NRP', '65120037', 'Astuti Idris, S.Sos.', 'AKBP', 9, 'Kasi Operasi Intelijen', 2, 'avatar.jpg'),
(291, 'NIP', '198805132014032001', 'Leebarty Taskarina, S.Sos., M.Krim.', 'Penata Muda Tk. I', 7, 'Kasi Analisis Intelijen', 2, 'avatar.jpg'),
(292, 'NIP', '198404302015031002', 'Rezky Mediansyah, S.T.', 'Penata Muda', 7, 'Analis Pengembangan Jaringan', 2, 'avatar.jpg'),
(293, 'NIP', '199201082018011001', 'Kunto Hedy Nugroho, S.Sos.', 'Penata Muda', 6, 'Analis Data Intelijen', 2, 'avatar.jpg'),
(294, 'NIP', '199202102018012001', 'Masitha Nisa Noorrahma', 'Penata Muda', 6, 'Analis Penyidikan', 2, 'avatar.jpg'),
(295, 'NIP', '198209022017010321034', 'Indah Mora Virgana ', 'PTT', 0, 'Staf Dit. Penindakan', 2, 'avatar.jpg'),
(296, 'NRP', '70050365', 'Zamri, S.Kom.', 'Kombes Pol', 12, 'Kasubdit Teknologi Informasi', 2, 'avatar.jpg'),
(297, 'NIP', '199308202018011001', 'Ariesta Aditya Timur, S.Kom.', 'Penata Muda', 6, 'Analis Data dan Informasi', 2, 'avatar.jpg'),
(298, 'NIP', '199510112018012002', 'Hana Abshari, S.Si.', 'Penata Muda', 6, 'Analis Data dan Informasi', 2, 'avatar.jpg'),
(299, 'NIP', '199412192019021005', 'Bayu Pradinta', 'Penata Muda', 6, 'Analis Data dan Informasi ', 2, 'avatar.jpg'),
(300, 'NIP', '199103202019021004', 'Ramdhan Wijaya Umbara', 'Penata Muda', 6, 'Analis Data dan Informasi ', 2, 'avatar.jpg'),
(301, 'NIP', '199203082019021004', 'Muhamad Yusuf Ramdhan', 'Penata Muda', 6, 'Analis Data Intelijen ', 2, 'avatar.jpg'),
(302, 'NIP', '199412222019021004', 'Deky Mulyana', 'Pengatur', 5, 'Pengelola Sistem dan Jaringan ', 2, 'avatar.jpg'),
(303, 'NIP', '199608062019022004', 'Gusniar', 'Pengatur', 5, 'Pranata Komputer Terampil ', 2, 'avatar.jpg'),
(304, 'NIP', '199302252019021002', 'Atmo Gayuh Laksono Setiawan', 'Pengatur', 5, 'Pranata Komputer Terampil ', 2, 'avatar.jpg'),
(305, 'NIP', '199211302019021003', 'Ardianda Aryo Prakoso', 'Penata Muda', 6, 'Analis Data dan Informasi ', 2, 'avatar.jpg'),
(306, 'NRP', '65010649', 'Suprianto, S.H.', 'Kombes Pol', 12, 'Kasubdit Pelatihan', 2, 'avatar.jpg'),
(307, 'NIP', '520262', 'Teguh Ari Wibowo', 'Letkol (Sus)', 0, 'Kasi Perencanaan Latihan', 2, 'avatar.jpg'),
(308, 'NIP', '11930070001268', 'Luki Triandono', 'Letkol (Inf)', 0, 'Kasi Pelaksanaan Latihan', 2, 'avatar.jpg'),
(309, 'NIP', '198210032014031001', 'Dimas Andianto, S.T.', 'Penata Muda', 7, 'Analis Pengamanan Objek Vital', 2, 'avatar.jpg'),
(310, 'NIP', '198809202015051001', 'Salmon Saa, S.IP.', 'Penata Muda', 6, 'Analis Potensi Konflik', 2, 'avatar.jpg'),
(311, 'NIP', '198908052015032002', 'Masdhalifa, S.H.', 'Penata Muda Tk. I', 7, 'Analis Hubungan Kelembagaan', 2, 'avatar.jpg'),
(312, 'NIP', '198612122018011001', 'Amar Maruf, S.Pd.', 'Penata Muda', 6, 'Analis Kerjasama Pelatihan', 2, 'avatar.jpg'),
(313, 'NIP', '199002202019021002', 'Rizki Montheza', 'Penata Muda', 6, 'Penyusun Bahan Kerjasama Pelatihan ', 2, 'avatar.jpg'),
(314, 'NIP', '199105042019021002', 'Ridwan Nur Matien', 'Penata Muda', 6, 'Penyusun Bahan Kerjasama Pelatihan ', 2, 'avatar.jpg'),
(315, 'NIP', '196710131993031001', 'M. Syafwan Zuraidi, S.H.', 'Penata Tk. I', 9, 'Kasubdit Pengembangan Sistem Operasi', 2, 'avatar.jpg'),
(316, 'NIP', '198611102014031002', 'Gemilang Parhadiyan, S.T., M.M.S.I.', 'Penata', 8, 'Kasi Pengelolaan Sistem Informasi', 1, 'avatar.jpg'),
(317, 'NIP', '198310262018011001', 'Arrendra Ockiarawan, S.S.', 'Penata Muda', 6, 'Analis Kerjasama', 2, 'avatar.jpg'),
(318, 'NIP', '198806042018012001', 'Cindy Yunita, S.T.', 'Penata Muda', 16, 'Analis Data dan Informasi', 1, 'avatar.jpg'),
(319, 'NIP', '199007042018011002', 'Ogie Prasetyo, S.I.A.', 'Penata Muda', 6, 'Penyusun Program dan Kegiatan', 2, 'avatar.jpg'),
(320, 'NIP', '199405102018011001', 'Dwi Luthfan Prakoso, S.Sos.', 'Penata Muda', 6, 'Analis Kerjasama', 2, 'avatar.jpg'),
(321, 'NIP', '199104202019021002', 'Resha Arieshandy', 'Penata Muda', 6, 'Analis Monitoring, Evaluasi dan Pelaporan ', 2, 'avatar.jpg'),
(322, 'NIP', '12723/P', 'Edy Cahyanto', 'Kolonel (Mar)', 0, 'Kasubdit Penggunaan Kekuatan ', 2, 'avatar.jpg'),
(323, 'NIP', '532423', 'Ilham Permana', 'Mayor (Lek)', 0, 'Kasi Pemberdayaan Kemampuan', 2, 'avatar.jpg'),
(324, 'NIP', '198506252019021003', 'Angga Reynaldo', 'Penata Muda', 6, 'Analis Monitoring, Evaluasi dan Pelaporan ', 2, 'avatar.jpg'),
(325, 'NIP', '199105152019021004', 'Fajar Rohman Aziz', 'Penata Muda', 6, 'Analis Monitoring, Evaluasi dan Pelaporan ', 2, 'avatar.jpg'),
(326, 'NIP', '198009022017010311003', 'Khayun Alwy', 'PTT', 0, 'Staf Dit. Binpuan', 2, 'avatar.jpg'),
(327, 'NIP', '199003122017010311019', 'Maliki Ramadhan Fachrudin', 'PTT', 0, 'Staf Dit. Binpuan', 2, 'avatar.jpg'),
(328, 'NIP', '198009032017010311061', 'Rony Sunandar', 'PTT', 0, 'Staf Dit. Binpuan', 2, 'avatar.jpg'),
(329, 'NRP', '72110541', 'Slamet Riyadi, S.IK., M.Si.', 'Kombes Pol', 12, 'Kasubdit Analisis dan Evaluasi Penegakan Hukum', 2, 'avatar.jpg'),
(330, 'NIP', '197407122003122001', 'Djuliawati, S.E., M.M.', 'Penata Muda Tk. I', 7, 'Kasi Evaluasi Dan Laporan', 2, 'avatar.jpg'),
(331, 'NIP', '199102222018011001', 'Paul Haposan S Lumbangaol', 'Penata Muda', 6, 'Analis Advokasi', 2, 'avatar.jpg'),
(332, 'NIP', '199110262018011002', 'Muhammad Reza Palevi, S.Sos.', 'Penata Muda', 6, 'Analis Produk Hukum', 2, 'avatar.jpg'),
(333, 'NIP', '199511172018011001', 'Muhammad Dwibagus Lisandro, S.Sos.', 'Penata Muda', 6, 'Analis Kerjasama', 2, 'avatar.jpg'),
(334, 'NIP', '199606152019021001', 'Erdo Dwi Putra', 'Penata Muda', 6, 'Penyusun Program, Anggaran dan Pelaporan', 2, 'avatar.jpg'),
(335, 'NIP', '199211092019022003', 'Dini Hariyani, S.I.A.', 'Penata Muda', 6, 'Penyusun Program, Anggaran dan Pelaporan ', 1, 'avatar.jpg'),
(336, 'NIP', '199101302019021002', 'Febriawan Wira Putra', 'Penata Muda', 6, 'Penyusun Program, Anggaran dan Pelaporan ', 2, 'avatar.jpg'),
(337, 'NIP', '199701292018122002', 'Ni Luh Gede Cyntia Cahyani', 'CPNS Pengatur', 5, 'Pengelola Keuangan', 2, 'avatar.jpg'),
(338, 'NIP', '199709032018121003', 'Binsar Sinaga', 'CPNS Pengatur', 5, 'Verifikator Keuangan', 2, 'avatar.jpg'),
(339, 'NRP', '74090552', 'Hando Wibowo, S.IK., M.Si.', 'Kombes Pol', 12, 'Kasubdit Hubungan Antar Lembaga Aparat Penegak Hukum', 2, 'avatar.jpg'),
(340, 'NIP', '80031111', 'I Nyoman Sarjana, SIK., M.A.P', 'Kom Pol', 0, 'Kasi Hubungan Antar Lembaga Daerah', 2, 'avatar.jpg'),
(341, 'NIP', '199009212014031001', 'Septian Ageng Kurniadi, S.H.', 'Penata Muda Tk. I', 7, 'Kasi Hubungan Antar Lembaga Pusat', 2, 'avatar.jpg'),
(342, 'NIP', '198911262014032002', 'Dian Eko Rini, S.Pd.', 'Penata Muda Tk. I', 7, 'Analis Pengembangan Sistem Informasi', 2, 'avatar.jpg'),
(343, 'NIP', '198905142018011001', 'Maharadhika Adetya Putra', 'Penata Muda', 6, 'Penyusun Program dan Kegiatan', 2, 'avatar.jpg'),
(344, 'NIP', '199409022018012002', 'Septiani Kusherawanti, S.Sos.', 'Penata Muda', 6, 'Analis Kerjasama', 2, 'avatar.jpg'),
(346, 'NIP', '197402181994031001', 'Suroyo, S.H., M.Hum.', 'Pembina', 11, 'Kasubdit Perlindungan Aparat Penegak Hukum', 2, 'avatar.jpg'),
(347, 'NIP', '197904112005011007', 'Rahmat Sori Simbolon, S.H., M.H.', 'Penata Tk.I', 9, 'Kasi Analisis dan Identifikasi', 2, 'avatar.jpg'),
(348, 'NIP', '196511101989031003', 'Ragil Priyadi, S.H., M.H.', 'Penata', 9, 'Kasi Litigasi dan Advokasi', 2, 'avatar.jpg'),
(349, 'NRP', '63100119', 'H. Dalih Somawi, S.H., M.Hum.', 'AKBP', 9, 'Kasi Pengamanan Aparat Penegak Hukum', 2, 'avatar.jpg'),
(350, 'NIP', '198509242014032002', 'Zainida, S.Psi.', 'Penata Muda', 7, 'Analis Pengamanan Objek Vital', 2, 'avatar.jpg'),
(351, 'NIP', '198708242018012001', 'Mega Agustina, S.T.', 'Penata Muda', 6, 'Analis Data dan Informasi', 2, 'avatar.jpg'),
(352, 'NIP', '199406022018011002', 'Ikram Alifkhan Islami, S.T.', 'Penata Muda', 6, 'Analis Data dan Informasi', 2, 'avatar.jpg'),
(353, 'NIP', '198612262017010311039', 'Andre Sucipto', 'PTT', 0, 'Staf Dit. Penegakkan Hukum', 2, 'avatar.jpg'),
(354, 'NIP', '197407042000031001', 'Tolhah Ubaidi, S.IP., MPP.', 'Pembina', 11, 'Kasubdit Amerika dan Eropa', 3, 'avatar.jpg'),
(355, 'NIP', '11010023740177', 'Yaenurendra H.A.P, S.T., MMgt. Stud', 'Letkol (Czi)', 0, 'Kasi Kerjasama Amerika', 3, 'avatar.jpg'),
(356, 'NIP', '69050155', 'Zainal Ahzab, A.Md.', 'Kom Pol', 0, 'Kasi Kerjasama Eropa', 3, 'avatar.jpg'),
(357, 'NIP', '198402272015031001', 'Djati Utoyo Utomo, S.Sos.', 'Penata Muda Tk. I', 7, 'Analis Kerjasama Luar Negeri ', 3, 'avatar.jpg'),
(358, 'NIP', '199111102018012001', 'Uum Humairoh, S,Sos.', 'Penata Muda', 6, 'Penyusun Program dan Kegiatan', 3, 'avatar.jpg'),
(359, 'NIP', '199310052019021006', 'Ayudha Agung Satrya Putra', 'Penata Muda', 6, 'Analis Bahasa dan Sastra ', 3, 'avatar.jpg'),
(360, 'NIP', '198807222019021002', 'Mohammad Muiz Fathurrohman', 'Penata Muda', 6, 'Analis Kerjasama Luar Negeri', 3, 'avatar.jpg'),
(361, 'NIP', '199611062019021001', 'Fe Fikran Alfurqon', 'Penata Muda', 6, 'Analis Data Intelijen ', 3, 'avatar.jpg'),
(362, 'NIP', '197810072017010311056', 'Adiyono', 'PTT', 0, 'Staf Dit. Bilateral', 3, 'avatar.jpg'),
(363, 'NIP', '516352', 'Fanfan Infansyah ', 'Kolonel (Sus)', 0, 'Kasubdit Kerjasama Asia Pasifik', 3, 'avatar.jpg'),
(364, 'NIP', '197811132014032001', 'Irene Dukamoro, S.S.', 'Penata Muda Tk. I', 7, 'Kasi Kerjasama Asia Pasifik', 3, 'avatar.jpg'),
(365, 'NIP', '524462', 'Harianto, S.Pd., M.Pd', 'Letkol Sus', 0, 'Kasi Kerjasama Afrika dan Timur Tengah', 3, 'avatar.jpg'),
(366, 'NIP', '198908102018011001', 'Bagus Hanni Pradana, S.Hum.', 'Penata Muda', 6, 'Analis Kerjasama', 3, 'avatar.jpg'),
(367, 'NIP', '199406172019022006', 'Sri Wahyuningsih', 'Penata Muda', 6, 'Analis Kerjasama Luar Negeri ', 3, 'avatar.jpg'),
(368, 'NIP', '11930080160271', 'Kurniawan, S.E.', 'Letkol (Inf)', 0, 'Kasubdit Kerjasama Multilateral', 3, 'avatar.jpg'),
(369, 'NIP', '198601102014032001', 'Anita Sofiana, S.Pd.', 'Penata Muda Tk. I', 7, 'Kasi Lembaga Pemerintah Subdit Kerjasama Multilateral', 3, 'avatar.jpg'),
(370, 'NIP', '198512022015031001', 'Igor Tanjung Pambuko, S.S.', 'Penata Muda Tk. I', 7, 'Pemeriksa Intelijen                                ', 3, 'avatar.jpg'),
(371, 'NIP', '199104192015032001', 'Alfrida Heanity Panjaitan, S.A.B.', 'Penata Muda', 6, 'Analis Barang dan Jasa                                 ', 3, 'avatar.jpg'),
(372, 'NIP', '198804212018011002', 'I Putu Eka Dimi Aprilianta, S.T.', 'Penata Muda', 6, 'Analis Data dan Informasi', 3, 'avatar.jpg'),
(373, 'NIP', '199405172019022003', 'Tuti Hasanah', 'Penata Muda', 6, 'Analis Bahasa dan Sastra ', 3, 'avatar.jpg'),
(374, 'NIP', '199605102017010311081', 'M. Faris Naufal', 'PTT', 0, 'Staf Dit Kerjasama RM', 3, 'avatar.jpg'),
(375, 'NIP', '197608242000031001', 'Dionnisius Elvan Swasono, S.Sos., M.Si.', 'Pembina', 11, 'Kasubdit Kerjasama Regional', 3, 'avatar.jpg'),
(376, 'NIP', '528673', 'R. Tjandra Sulistyono', 'Letkol (Sus)', 0, 'Kasi Lembaga Non Pemerintah Subdit Kerjasama Regional', 3, 'avatar.jpg'),
(377, 'NIP', '197910012014032001', 'Danny Dwi Wulandri, S.I.P.', 'Penata Muda Tk. I', 7, 'Kasi Lembaga Pemerintah Subdit Kerjasama Regional', 3, 'avatar.jpg'),
(378, 'NIP', '198712252014031003', 'Kautsar Noorsito, S.IP.', 'Penata Muda Tk. I', 7, 'Analis Kerjasama', 3, 'avatar.jpg'),
(379, 'NIP', '198809252018011001', 'Imana Hardy, S.IP.', 'Penata Muda', 6, 'Analis Kerjasama', 3, 'avatar.jpg'),
(380, 'NIP', '199212152018012001', 'Mirza Dwiky Hermastuti, S.IP.', 'Penata Muda', 6, 'Penyusun Program dan Kegiatan', 3, 'avatar.jpg'),
(381, 'NIP', '197411172000031001', 'Maulana Syahid, S.E., MPP.', 'Pembina', 11, 'Kasubdit Konvensi dan Resolusi Internasional', 3, 'avatar.jpg'),
(382, 'NIP', '198902032014032001', 'Sasyabella Febriani, S.Sos.', 'Penata Muda Tk. I', 7, 'Kasi Resolusi Badan-Badan Internasional', 3, 'avatar.jpg'),
(383, 'NIP', '199101022015032001', 'Hani Astirini Diyandra Putri, S.Sos., M.Si.', 'Penata Muda Tk. I', 7, 'Analis Kerjasama Luar Negeri             ', 3, 'avatar.jpg'),
(384, 'NIP', '198902012018012001', 'Siti Syofiah, S.Kom.', 'Penata Muda', 6, 'Analis Data dan Informasi', 3, 'avatar.jpg'),
(385, 'NIP', '199404092018012001', 'Udyahitani Secundaputeri, S.I.Kom.', 'Penata Muda', 6, 'Penyusun Program dan Kegiatan', 3, 'avatar.jpg'),
(386, 'NRP', '72080765', 'Huntal Tambunan, S.Pd.', 'AKBP', 9, 'Kasi Konvensi Internasional', 1, 'avatar.jpg'),
(387, 'NRP', '63121110', 'Drs. Suyoko Djunaedi, M.M.', 'AKBP', 9, 'Kasubdit Perlindungan WNI dan Kepentingan Nasional di Luar Neger', 1, 'avatar.jpg'),
(388, 'NIP', '198705012014031001', 'Muhammad Randy Ramadhan, S.IP.', 'Penata Muda Tk. I', 7, 'Kasi Perlindungan WNI', 3, 'avatar.jpg'),
(389, 'NIP', '198508092014031001', 'Nanda Fajar Aditya, S.Sos.', 'Penata Muda Tk. I', 7, 'Kasi Perlindungan Kepentingan Nasional di Luar Negeri', 3, 'avatar.jpg'),
(390, 'NIP', '199503182018011001', 'Puja Sumantri, S.S.', 'Penata Muda', 6, 'Analis Kerjasama', 3, 'avatar.jpg'),
(391, 'NIP', '199111092019022002', 'Shinta Tiur Novita', 'Penata Muda', 6, 'Analis Data Intelijen', 3, 'avatar.jpg'),
(392, 'NIP', '198909162019021001', 'Fachmi Rochman', 'Penata Muda', 6, 'Analis Monitoring, Evaluasi dan Pelaporan ', 3, 'avatar.jpg'),
(393, 'NIP', '198107212017010311057', 'Yudha Hartanto', 'PTT', 0, 'Staf Dit. PHI', 3, 'avatar.jpg'),
(394, 'NIP', '197205261997031005', 'Andhika Chrisnayudhanto', 'Pembina Utama Muda  ', 13, 'Deputi Kerjasama Internasional', 3, 'avatar.jpg'),
(395, 'NRP', '8716/P', 'Yuniar Ludfi', 'Brigjen TNI (Mar)', 13, 'Direktur Perangkat Hukum  Internasional', 1, 'avatar.jpg'),
(396, 'NRP', '67060540', 'Drs. Kris Erlangga Aji Widjaya', 'Brigjen Pol', 13, 'Direktur Kerjasama Bilateral', 1, 'avatar.jpg'),
(397, 'NIP', '197503232006042000', 'Suprih Sriwinarti, S.IP.', 'Penata Tk. I', 9, 'Kasubbag Tata Usaha Deputi III', 3, 'avatar.jpg'),
(398, 'NIP', '198602102018012001', 'Siti Masyitoh, S.E.As', 'Penata Muda', 6, 'Pranata Kearsipan', 3, 'avatar.jpg'),
(399, 'NIP', '199611032018121002', 'Achmad Sarifudin', 'CPNS Pengatur', 5, 'Pengelola Laporan Keuangan', 3, 'avatar.jpg'),
(400, 'NIP', '199607152018121001', 'Dian Satriyono', 'CPNS Pengatur', 5, 'Pengelola Laporan Keuangan', 3, 'avatar.jpg'),
(401, 'NIP', '199602262017010310040', 'Sadam Febrian', 'PTT', 0, 'Staff TU Deputi III', 3, 'avatar.jpg'),
(402, 'NIP', '198112032017010311048', 'Suherlan', 'PTT', 0, 'Staf TU Deputi III', 3, 'avatar.jpg'),
(403, 'NIP', '197404022017010321032', 'Dyah Ekowati', 'PTT', 0, 'Staf TU Deputi III ', 3, 'avatar.jpg'),
(404, 'NIP', 'DE.1-PL.01.08/03/2018', 'Abdul Malik, M.Ag', '-', 0, 'Koordinator Divisi Penulisan dan Redaktur Pelaksana Pusat Media ', 1, 'avatar.jpg'),
(405, 'NIP', 'DE.1-PL.01.08/04/2018', 'Novrika, SH', '-', 0, 'Koordinator Divisi Monitoring dan Analisa dan Wakil Redaktur Pel', 1, 'avatar.jpg'),
(406, 'NIP', 'DE.1-PL.01.08/06/2018', 'Dr. M. Suaib Tahir', '-', 0, 'Anggota Divisi Penulisan', 1, 'avatar.jpg'),
(407, 'NIP', 'DE.1-PL.01.08/07/2018', 'Budi Hartawan, S.Thi', '-', 0, 'Anggota Divisi Monitoring dan Analisa', 1, 'avatar.jpg'),
(408, 'NIP', 'DE.1-PL.01.08/08/2018', 'Agus Sulaiman', '-', 0, 'Koordinator Divisi Media Rilis', 1, 'avatar.jpg'),
(409, 'NIP', 'DE.1-PL.01.08/08/2018', 'Noor Irawan, SE', '-', 0, 'Anggota Divisi Media Rilis', 1, 'avatar.jpg'),
(410, 'NIP', 'DE.1-PL.01.08/11/2018', 'Rahmat Hidayat, S.Sos', '-', 0, 'Koordinator Divisi Produksi Multimedia', 1, 'avatar.jpg'),
(411, 'NIP', 'DE.1-PL.01.08/12/2018', 'Ari Wibowo, S. Ds', '-', 0, 'Anggota Divisi Produksi Multimedia', 1, 'avatar.jpg');
INSERT INTO `tb_pegawai` (`id_peg`, `nip_val`, `nip`, `nama`, `pangkat`, `gol`, `jab`, `satker`, `foto`) VALUES
(412, 'NIP', 'DE.1-PL.01.08/13/2018', 'Clara Alferina Yuwono', '-', 0, 'Anggota Divisi Produksi Multimedia', 1, 'avatar.jpg'),
(413, 'NIP', 'DE.1-PL.01.08/14/2018', 'Sefiana Putri Tingginehe, S.Sos', '-', 0, 'Anggota Divisi Produksi Multimedia', 1, 'avatar.jpg'),
(414, 'NIP', 'DE.1-PL.01.08/15/2018', 'Rina Nur Aufa Arifin', '-', 0, 'Anggota Divisi Produksi Multimedia', 1, 'avatar.jpg'),
(415, 'NIP', 'DE.1-PL.01.08/05/2019', 'Mila Darmayati', '-', 0, 'Anggota Divisi Produksi Multimedia', 1, 'avatar.jpg'),
(416, 'NIP', 'DE.1-PL.01.08/30/2019', 'Ananda Al Ghivari M.', '-', 0, 'Anggota Divisi Produksi Multimedia', 1, 'avatar.jpg'),
(417, 'NIP', 'DE.1-PL.01.08/17/2018', 'Muhammad Rizky', '-', 0, 'Koordinator Divisi Teknologi Informasi dan Media Sosial', 1, 'avatar.jpg'),
(418, 'NIP', 'DE.1-PL.01.08/18/2018', 'Marsen Ades', '-', 0, 'Anggota Divisi Teknologi Informasi dan Media Sosial', 1, 'avatar.jpg'),
(419, 'NIP', 'DE.1-PL.01.08/19/2018', 'Jenny Hana Sharon, S.Ikom', '-', 0, 'Anggota Divisi Teknologi Informasi dan Media Sosial', 1, 'avatar.jpg'),
(420, 'NIP', 'DE.1-PL.01.08/21/2018', 'Rifki Fernanda ', '-', 6, 'Anggota Divisi Teknologi Informasi dan Media Sosial', 1, 'avatar.jpg'),
(421, 'NIP', 'DE.1-PL.01.08/31/2019', 'Diamantin Rohadatul Aisy', '-', 0, 'Anggota Divisi Teknologi Informasi dan Media Sosial', 1, 'avatar.jpg'),
(422, 'NIP', 'DE.1-PL.01.08/22/2018', 'Daniel Saroha,S. Ds', '-', 0, 'Koordinator Divisi Publikasi Cetak', 1, 'avatar.jpg'),
(423, 'NIP', 'DE.1-PL.01.08/23/2018', 'Abdullah Al Mahdi', '-', 6, 'Anggota Divisi Publikasi Cetak', 4, 'avatar.jpg'),
(424, 'NIP', 'DE.1-PL.01.08/24/2018', 'Nadine Christy', '-', 0, 'Anggota Divisi Publikasi Cetak', 1, 'avatar.jpg'),
(425, 'NIP', 'DE.1-PL.01.08/13/2019', 'Servius Tumengkol', '-', 0, 'Anggota Operasional', 1, 'avatar.jpg'),
(426, 'NIP', 'DE.1-PL.01.08/03/2019', 'Maulana Abdul Sidiq, S.H.', '-', 6, 'Satgas', 2, 'avatar.jpg'),
(427, 'NIP', 'DE.1-PL.01.08/33/2018', 'Muslimin Hafid, S. Kom', '-', 0, 'Anggota Divisi Pengkajian dan Penelitian', 1, 'avatar.jpg'),
(428, 'NIP', 'DE.1-PL.01.08/02/2018', 'Muhammad Alfian', '-', 0, 'Anggota Divisi Pengkajian dan Penelitian', 1, 'avatar.jpg'),
(429, 'NIP', 'DE.1-PL.01.08/04/2019', 'Andi Subhan Maggalatung', '-', 0, 'Anggota Divisi Pengkajian dan Penelitian', 1, 'avatar.jpg'),
(430, 'NIP', 'DE.1-PL.01.08/31/2018', 'Andi Noor Fitrah Syarifin, S.Hi', '-', 0, 'Anggota Divisi Agama, Sosial dan Budaya', 1, 'avatar.jpg'),
(431, 'NIP', 'DE.1-PL.01.08/35/2018', 'R. Indra Darmawan, S.Ak', '-', 0, 'Anggota Divisi Agama, Sosial dan Budaya', 1, 'avatar.jpg'),
(432, 'NIP', 'DE.1-PL.01.08/42/2018', 'Muhammad Aras Prabowo', '-', 0, 'Anggota Bagian Keuangan Pemberdayaan Masyarakat', 1, 'avatar.jpg'),
(433, 'NIP', 'DE.1-PL.01.08/36/2018', 'Firman Yoga Lesmana', '-', 0, 'Anggota Divisi Media Massa, Hukum dan Hubungan Masyarakat', 1, 'avatar.jpg'),
(434, 'NIP', 'DE.1-PL.01.08/38/2018', 'Fachrudin', '-', 0, 'Anggota Divisi Pemuda dan Pendidikan', 1, 'avatar.jpg'),
(435, 'NIP', 'DE.1-PL.01.08/34/2018', 'Herisyal Natsir Putra', '-', 0, 'Anggota Divisi Pemuda dan Pendidikan', 1, 'avatar.jpg'),
(436, 'NIP', 'DE.1-PL.01.08/45/2018', 'Omardiano, SE', '-', 0, 'Anggota Divisi Perempuan dan Anak', 1, 'avatar.jpg'),
(437, 'NIP', 'DE.1-PL.01.08/40/2018', 'Ida Isnani, S. Psi', '-', 0, 'Anggota Divisi Perempuan dan Anak', 1, 'avatar.jpg'),
(438, 'NIP', 'DE.1-PL.01.08/39/2018', 'Etrie Merdekawati, SE', '-', 6, 'Anggota Bagian Administrasi Pemberdayaan Masyarakat', 1, 'avatar.jpg'),
(439, 'NIP', 'DE.1-PL.01.08/14/2019', 'Fauzhan', '-', 0, 'Anggota Bagian Administrasi Pemberdayaan Masyarakat', 1, 'avatar.jpg'),
(440, 'NIP', 'DE.1-PL.01.08/43/2018', 'Samsul Hadi', '-', 0, 'Anggota Operator Forum Koordinasi Pencegahan Terorisme Center', 1, 'avatar.jpg'),
(441, 'NIP', 'DE.1-PL.01.08/44/2018', 'Hafid Asad, S. Kom', '-', 0, 'Anggota Operator Forum Koordinasi Pencegahan Terorisme Center', 1, 'avatar.jpg'),
(442, 'NIP', 'DE.1-PL.01.08/08/2019', 'Ivan Williandy, S.T.', '-', 0, 'Anggota Bagian Administrasi Pengamanan Objek Vital', 1, 'avatar.jpg'),
(443, 'NIP', 'DE.1-PL.01.08/48/2018', 'Budi Sukarno, SE', '-', 0, 'Anggota Bagian Administrasi Pengamanan Transportasi', 1, 'avatar.jpg'),
(444, 'NIP', 'DE.1-PL.01.08/49/2018', 'Abdul Rosyid, S.E.', '-', 0, 'Anggota Bagian Keuangan Pengamanan Transportasi', 1, 'avatar.jpg'),
(445, 'NIP', 'DE.1-PL.01.08/50/2018', 'Aditya Ashabul Fiqhi, S.Sos', '-', 0, 'Anggota Keuangan Pengamanan Lingkungan Umum', 1, 'avatar.jpg'),
(446, 'NIP', 'DE.1-PL.01.08/51/2018', 'Tri Indah Widya Ningsih, S.Psi', '-', 0, 'Anggota Administrasi Pengamanan Lingkungan Pemerintah', 1, 'avatar.jpg'),
(447, 'NIP', 'DE.1-PL.01.08/55/2018', 'Totok Alqomar, SE', '-', 0, 'Anggota Bagian Keuangan Bina Dalam Masyarakat', 1, 'avatar.jpg'),
(448, 'NIP', 'DE.1-PL.01.08/56/2018', 'Iwan Suhardiman, SE', '-', 0, 'Anggota Bagian Keuangan Bina Dalam Masyarakat', 1, 'avatar.jpg'),
(449, 'NIP', 'DE.1-PL.01.08/88/2018', 'Ismail Fajar', '-', 0, 'Anggota Bagian Keuangan Bina Dalam Masyarakat', 1, 'avatar.jpg'),
(450, 'NIP', 'DE.1-PL.01.08/30/2018', 'Muhammad Fahrur Rozi Nasution', '-', 0, 'Anggota Bagian Administrasi Bina Dalam Masyarakat', 1, 'avatar.jpg'),
(451, 'NIP', 'DE.1-PL.01.08/57/2018', 'Agung Dwi Purnomo, S.T', '-', 0, 'Anggota Bagian Administrasi Bina Dalam Masyarakat', 1, 'avatar.jpg'),
(452, 'NIP', 'DE.1-PL.01.08/15/2019', 'Rahmat Hidayat', '-', 0, 'Anggota Bagian Administrasi Bina Dalam Masyarakat', 1, 'avatar.jpg'),
(453, 'NIP', 'DE.1-PL.01.08/64/2018', 'Aysha Rizki Ramadhyas, S.Sos', '-', 0, 'Anggota Divisi Pembinaan Agama, Wawasan Kebangsaan, dan Kewiraus', 1, 'avatar.jpg'),
(454, 'NIP', 'DE.1-PL.01.08/67/2018', 'Chairunisya Harahap, S.Psi.', '-', 0, 'Anggota Divisi Pembinaan Agama, Wawasan Kebangsaan, dan Kewiraus', 1, 'avatar.jpg'),
(455, 'NIP', 'DE.1-PL.01.08/63/2018', 'Saifudin Zuhri, S. Psi', '-', 0, 'Anggota Divisi Pembinaan Agama, Wawasan Kebangsaan, dan Kewiraus', 1, 'avatar.jpg'),
(456, 'NIP', 'DE.1-PL.01.08/69/2018', 'Ridwan Amin, S.Sos.', '-', 0, 'Anggota Divisi Pembinaan Agama, Wawasan Kebangsaan, dan Kewiraus', 1, 'avatar.jpg'),
(457, 'NIP', 'DE.1-PL.01.08/59/2018', 'Candima Setyasa, S.ST.', '-', 0, 'Anggota Bagian Administrasi Bina Masyarakat', 1, 'avatar.jpg'),
(458, 'NIP', 'DE.1-PL.01.08/58/2018', 'Lintang Suproboningrum, S.IP., M.Si', '-', 0, 'Anggota Bagian Administrasi Bina Masyarakat', 1, 'avatar.jpg'),
(459, 'NIP', 'DE.1-PL.01.08/65/2018', 'Muhammad Rizky Nur Kamrullah, S.Sos., M.Si', '-', 0, 'Anggota Divisi Pembinaan Agama, Wawasan Kebangsaan, dan Kewiraus', 1, 'avatar.jpg'),
(460, 'NIP', 'DE.1-PL.01.08/10/2019', 'Lukman Hakim, S.H.', '-', 0, 'Koordinator Bagian Administrasi Bina Dalam Lembaga Pemasyarakata', 1, 'avatar.jpg'),
(461, 'NIP', 'DE.1-PL.01.08/70/2018', 'Cornela Yosida Heatubun, S.E.', '-', 0, 'Anggota Bagian Administrasi Bina Dalam Lembaga Pemasyarakatan', 1, 'avatar.jpg'),
(462, 'NIP', 'DE.1-PL.01.08/71/2018', 'Isnaeni Sangaji, S.S.', '-', 0, 'Anggota Divisi Rehabilitasi', 1, 'avatar.jpg'),
(463, 'NIP', 'DE.1-PL.01.08/73/2018', 'Dewi Indri Rianti', '-', 0, 'Anggota Divisi Reintegrasi', 1, 'avatar.jpg'),
(464, 'NIP', 'DE.1-PL.01.08/72/2018', 'Heru Yoga Gumelar, S.Pd', '-', 0, 'Anggota Divisi Reedukasi', 1, 'avatar.jpg'),
(465, 'NIP', 'DE.1-PL.01.08/75/2018', 'Tutur Ahsanil Mustofa, M.Hum', '-', 0, 'Anggota Divisi Wawasan Keagamaan', 1, 'avatar.jpg'),
(466, 'NIP', 'DE.1-PL.01.08/15/2019', 'Didin Syayidin', '-', 0, 'Anggota Divisi Wawasan Keagamaan', 1, 'avatar.jpg'),
(467, 'NIP', 'DE.1-PL.01.08/77/2018', 'Indra Gunawan', '-', 0, 'Anggota Bagian Administrasi Bina Dalam Lembaga Pemasyarakatan Kh', 1, 'avatar.jpg'),
(468, 'NIP', 'DE.1-PL.01.08/78/2018', 'Fades Setia Budi', '-', 0, 'Anggota Bagian Administrasi Bina Dalam Lembaga Pemasyarakatan Kh', 1, 'avatar.jpg'),
(469, 'NIP', 'DE.1-PL.01.08/79/2018', 'Ditya Fajar Kurniawan', '-', 0, 'Anggota Bagian Administrasi Bina Dalam Lembaga Pemasyarakatan Kh', 1, 'avatar.jpg'),
(470, 'NIP', 'DE.1-PL.01.08/80/2018', 'Agus Nawawi', '-', 0, 'Anggota Program Keagamaan', 1, 'avatar.jpg'),
(471, 'NIP', 'DE.1-PL.01.08/81/2018', 'Bara Lintar Sangga Buana', '-', 0, 'Anggota Program Kewirausahaan', 1, 'avatar.jpg'),
(472, 'NIP', 'DE.1-PL.01.08/82/2018', 'Moch. Arief Irvanto', '-', 0, 'Anggota Program Wawasan Kebangsaan', 1, 'avatar.jpg'),
(473, 'NIP', 'DE.1-PL.01.08/83/2018', 'Devi Irma Wardani', '-', 0, 'Anggota Program Psikologi', 1, 'avatar.jpg'),
(474, 'NIP', 'DE.1-PL.01.08/84/2018', 'Amalia Imroatul Azizah', '-', 0, 'Anggota Bagian Keuangan Bina Dalam Lembaga Pemasyarakatan Khusus', 1, 'avatar.jpg'),
(475, 'NIP', 'DE.1-PL.01.08/85/2018', 'Auliana Farida', '-', 0, 'Anggota Bagian Keuangan Bina Dalam Lembaga Pemasyarakatan Khusus', 1, 'avatar.jpg'),
(476, 'NIP', 'DE.1-PL.01.08/61/2018', 'Tommy Youdy Pioh', '-', 0, 'Anggota Bagian Administrasi Bina Dalam Masyarakat', 1, 'avatar.jpg'),
(477, 'NIP', '584460', 'Jumadi ', '-', 0, 'BKO TNI ', 1, 'avatar.jpg'),
(478, 'NIP', '21950020230574', 'Guntur Tantroman', '-', 0, 'BKO TNI ', 1, 'avatar.jpg'),
(479, 'NIP', '19762/P', 'M. Sudeddy', '-', 0, 'BKO TNI ', 1, 'avatar.jpg'),
(480, 'NIP', '3930411401070', 'Bambang Sutikno', '-', 0, 'BKO TNI ', 1, 'avatar.jpg'),
(481, 'NIP', '21050282250484', 'Apriyanto', '-', 0, 'BKO TNI ', 1, 'avatar.jpg'),
(482, 'NIP', '21040295050582', 'Yudi Nuryanto', '-', 0, 'BKO TNI ', 1, 'avatar.jpg'),
(483, 'NIP', ' 532494', 'Yuda Satria', '-', 0, 'BKO TNI ', 1, 'avatar.jpg'),
(484, 'NIP', '31970330650576', 'Darmadi ', '-', 0, 'BKO TNI ', 1, 'avatar.jpg'),
(485, 'NIP', '31960398400575', 'Harmaji', '-', 0, 'BKO TNI ', 1, 'avatar.jpg'),
(486, 'NIP', '31970333050876', 'Nurwahyudi', '-', 0, 'BKO TNI ', 1, 'avatar.jpg'),
(487, 'NIP', '21120011241192', 'Budi Suryanto', '-', 0, 'BKO TNI ', 1, 'avatar.jpg'),
(488, 'NIP', '31960324150675', 'Halipah Sangali', '-', 0, 'BKO TNI ', 1, 'avatar.jpg'),
(489, 'NIP', '31980402591077', 'Anton Susilo', '-', 0, 'BKO TNI ', 1, 'avatar.jpg'),
(490, 'NIP', '31990004761278', 'Sanusi, S.Kom', '-', 0, 'BKO TNI ', 1, 'avatar.jpg'),
(491, 'NIP', '31980414480379', 'Mustopa Fahmi, S.Kom', '-', 0, 'BKO TNI ', 1, 'avatar.jpg'),
(492, 'NIP', '31960413820576', 'Supriyadi', '-', 0, 'BKO TNI ', 1, 'avatar.jpg'),
(493, 'NIP', '88892', 'Herianto', '-', 0, 'BKO TNI ', 1, 'avatar.jpg'),
(494, 'NIP', '103481', 'Sujari', '-', 0, 'BKO TNI ', 1, 'avatar.jpg'),
(495, 'NIP', '532903', 'Heralko', '-', 0, 'BKO TNI ', 1, 'avatar.jpg'),
(496, 'NIP', '536994', 'Sunarno', '-', 0, 'BKO TNI ', 1, 'avatar.jpg'),
(497, 'NIP', '195910211985031001', 'Kemal Dermawan', '-', 13, 'Akademisi Universitas Indonesia', 1, ''),
(498, 'NRP', '61120529', 'Dominggus Pahnael', '-', 12, 'Baharkam Mabes Polri', 1, ''),
(499, 'NIP', '001', 'Etika Hia', '-', 6, 'Pengurus SPK', 1, ''),
(500, 'NIP', '002', 'Ignatius Richo', '-', 7, 'Pengurus SPK', 1, ''),
(501, 'NIP', '003', 'Chrenius Frans Halomoan Simamora', '-', 6, 'Satgas', 2, ''),
(502, 'NIP', '004', 'Diki Dwi Fergoanto', '-', 6, 'Satgas', 2, ''),
(503, 'NIP', '006', 'Irwan Jaya Ovada', '-', 6, 'Satgas ', 2, ''),
(504, 'NIP', '007', 'Ravika Intan S', '-', 6, 'Satgas', 2, ''),
(505, 'NIP', '008', 'Annisa Nurjannah', '-', 6, 'Satgas', 2, ''),
(506, 'NIP', '010', 'Vebi Pujiantoro', '-', 6, 'Satgas', 2, ''),
(507, 'NIP', '009', 'Raihan Yusuf', '-', 6, 'Satgas', 2, ''),
(508, 'NIP', '011', 'Rizky Yudistira', '-', 6, 'Satgas', 2, ''),
(509, 'NIP', '012', 'Tegus Iman Santoso', '-', 6, 'Satgas', 2, ''),
(510, 'NIP', '013', 'Evania Shabrina', '-', 6, 'Satgas', 2, ''),
(511, 'NIP', '014', 'Nery', '-', 6, 'Satgas', 2, ''),
(512, 'NIP', '015', 'I Gede', '-', 6, 'Satgas', 2, ''),
(513, 'NIP', '016', 'Agus Trihatno', '-', 6, 'Satgas', 2, ''),
(514, 'NIP', '017', 'Jajang Sugianto', '-', 6, 'Satgas', 2, ''),
(515, 'NIP', '018', 'Galih Prana Jaya', '-', 6, 'Satgas', 2, ''),
(516, 'NIP', '019', 'Andri Ansyah', '-', 6, 'Satgas', 2, ''),
(517, 'NRP', '74040457', 'Bambang Priyanto', 'IPTU', 6, 'Staf Protokol', 4, ''),
(518, 'NRP', '020', 'Sahaluddin', '-', 5, 'Staf Kepala Biro Umum', 4, ''),
(519, 'NRP', '71030328', 'Ibnu Suhendra', 'Brigjen Pol', 13, 'Analis Utama Intelijen Densus 88', 2, ''),
(520, 'NIP', '19600723 198503 1 002', 'Sugeng Pudjianto SH. MH', 'Jaksa Utama Madya', 14, 'Direktur Tindak Pidana Terorisme Kejaksaan Agung RI', 2, ''),
(521, 'NIP', '19650606 198811 1 001', 'Heni Yuwono', 'Pembina Utama Muda', 13, 'Direktur Pelayanan Tahanan dan Pengelolaan Benda Sitaan Negara ', 2, ''),
(522, 'NIP', '19630127 198703 1 002', 'Budi Sarwono', 'Pembina Utama Muda', 13, 'Direktur Bimbingan Kemasyarakatan dan Pengentasan Anak ', 2, ''),
(523, 'NIP', '19711021 199403 1 001', 'Dodot Adikoeswanto', 'Pembina Tk. I', 12, 'Direktur Teknologi dan Kerjasama Dirjen Pemasyarakatan', 2, ''),
(524, 'NIP', '19600329 199003 1 001', 'Tejo Harwanto', 'Pembina Tk. I', 12, 'Direktur Keamanan dan Ketertiban Dirjen Pemasyarakatan', 2, ''),
(525, 'NIP', '19600607 198603 1 003 ', 'Junaedi BC.IP., SH., MH', 'Pembina Utama Madya', 14, 'Direktur Latihan Kerja dan Produksi Dirjen Pemasyarakatan', 2, ''),
(526, 'NRP', '74060705', 'Dayan Victor Imanuel', 'Kombes Pol ', 12, 'Kabag Ops Densus 88', 2, ''),
(527, 'NRP', '79040919', 'Dieno Hendro Wibowo S.IK', 'AKBP', 9, 'Danyon B Resimen 1 Pasukan Pelopor', 2, ''),
(528, 'NRP', '66030218', 'Didik Soeprajitno', 'Kompol', 8, 'Kepala Rutan Cikeas', 2, ''),
(529, 'NIP', '19620713 198803 1001', 'Joko Susanto', 'Jaksa Utama Pratama', 12, 'Kasubdit Eksekusi dan Eksaminasi Kejaksaan Agung RI', 2, ''),
(530, 'NIP', '19720226 199403 1 001', 'Aris Munandar', 'Pembina Tk. I', 12, 'Kasubdit Narapidana dan Pendayagunaan Tim Pengamat Pemasyarakata', 2, ''),
(531, 'NIP', '19660512 199003 1 001', 'Heri Azhari', 'Pembina Tk. I', 12, 'Kepala Sub Direktorat Perawatan Kesehatan Dasar, Penyuluhan dan ', 2, ''),
(532, 'NIP', '19680510 199203 1 002', 'Bambang Maryanto', 'Pembina Tk. I', 12, 'Kepala Bagian BMN dan Umum Dirjen Pemasyarakatan ', 2, ''),
(533, 'NIP', '19761008 200112 1 002', 'Ade Solehudin S.H M.H', 'Jaksa Madya', 11, 'Kasi Wilayah II Penuntutan Kejaksaan Agung RI', 2, ''),
(534, 'NIP', '19790628 200212 1 002', 'Ade Azharie SH MH ', 'Jaksa Madya', 11, 'Kasi Wilayah II Eksekusi Kejaksaan Agung RI', 2, ''),
(535, 'NIP', '19790405 200012 1 001', 'Andi Herry Irawan', 'Penata Tk. I', 9, 'Kasi Registrasi Narapidana Direktorat Jenderal Pemasyarakatan ', 2, ''),
(536, 'NIP', '19860806 200501 1 001', 'Nasirudin', 'Penata', 8, 'Kasi Pendampingan dan Diversi Direktorat Jenderal Pemasyarakatan', 2, ''),
(538, 'NRP', '8110185 ', 'R. Satriya Dedy Kurnia', 'Brigadir Polisi I', 4, 'Densus 88', 2, ''),
(539, 'NIP', '19941101 201608 1 001', 'Veazanol Kosuma A.Md.P', 'Penata Muda', 6, 'Staf Direktorat Bina Narapidana dan Latihan Kerja Produksi ', 2, ''),
(540, 'NIP', '19840917 200812 1 002', 'Agus Supriyanto SH', 'Yuana Wira TU', 6, 'Staff TU pada unit Penuntutan Direktorat Tindak Pidana Terorisme', 2, ''),
(541, 'NIP', '1991052 1201502 1 002', 'Tony Wijaya A.Md. ', 'Madya Darma TU', 5, 'Staff TU pada Unit Eksekusi dan Eksaminasi Direktorat Tipikor', 2, ''),
(542, 'NIP', '19930514 201608 1 001', 'Reza Antha Kusuma', 'Pengatur', 5, 'JFU TU Direktorat Perawatan Kesehatan dan Rehabilitasi', 2, ''),
(543, 'NIP', '19910903 200912 1 001', 'Wachid Rifai Saptono', 'Pengatur Tk.I', 5, 'JFU TU Direktorat Pelayanan Tahanan dan Basan Baran', 2, ''),
(544, 'NIP', '19891219 201012 1 001', 'Ibnu Wibowo', 'Penata Muda', 6, 'JFU TU Direktorat Keamanan dan Ketertiban ', 2, ''),
(545, 'NIP', '19831101 200912 1 003 ', 'Yudha kristiawan', 'Penata', 8, 'JFU di Sub Bagian BMN Direktorat Jenderal Pemasyarakatan ', 2, ''),
(546, 'NIP', '19950304 201712 1 006', 'Bima Ari Wibawa Putra', 'Pengatur Muda', 3, 'JFU TU Direktorat Teknologi Informasi dan Kerja Sama', 2, ''),
(547, 'NRP', '81030062', 'Henky Prasetyo', 'AIPDA', 5, 'Staf Protokol', 4, ''),
(548, 'NIP', '84040464', 'Agung Sadewo', 'IPDA', 6, 'Staf Protokol', 4, ''),
(549, 'NRP', '80060218', 'Wardoyo', 'AIPDA', 5, 'Staf Protokol', 4, ''),
(550, 'NIP', '19690325 199710 1 001', 'M. Zaim A. Nasution, M.Si', 'Pembina Utama Muda', 13, 'Direktur Kerjasama Regional dan Multilateral', 3, ''),
(551, 'NIP', '19700407 199603 1 001', 'Victor Josef Sambuaga', 'Pembina Tk.I', 12, 'Kasubdit Konvensi dan Resolusi Internasional', 3, ''),
(552, 'NIP', '19720717 200003 1 001', 'Raden Usman Effendi', 'Pembina ', 11, 'Kasubdit Kerjasama Regional', 3, ''),
(553, 'NIP', '30/SP-30/PPK.2/BNPT/01/2019', 'Hermanto', '-', 11, 'Tenaga Pendukung Penyusun Dokumen Kepagawaian', 4, ''),
(554, 'NIP', '19650118 198503 1 000', 'Buntoro, Ak., M.Ak.', 'Pembina Utama Muda', 13, 'Inspektur', 4, ''),
(555, 'NRP', '97030326', 'Irsyad Tegar Kusumanugraha', 'Bripda', 3, 'ADC Direktur Kerjasama Bilateral', 3, ''),
(556, 'NIP', 'DE.1/PL.01.08/54/2018', 'Annisa Putri Adityani, S.Sos.', '-', 6, 'Satgas Pencegahan', 1, ''),
(557, 'NRP', '65060772', 'Yacobus Sukirno', 'Kombes Pol', 11, 'Analis Kebijakan Dit Pamobvit Korshabara Baharkam Polri', 1, ''),
(558, 'NIP', '021', 'M. Azzam Manan M.A.', '-', 7, 'Purna Peneliti Madya P2KK LIPI', 1, ''),
(559, 'NIP', '198503152009012002', 'Tri Mariyati Supiin', 'Penata Tk I ', 9, 'Inspektur Tambang Muda ', 1, ''),
(560, 'NRP', '85081498', 'Agus Setiawan', 'Bripka', 16, 'ADC Kepala BNPT', 4, ''),
(561, 'NRP', '92070371', 'Kurniawan', 'Briptu', 4, 'ADC Kepala BNPT', 4, ''),
(562, 'NRP', '77110396', 'Beni MT Butarbutar', 'Brigadir Polisi', 5, 'Driver Kepala BNPT', 4, ''),
(563, 'NRP', '94010078', 'Ari Dwi Saputro', 'Briptu', 4, 'Motoris Kepala BNPT', 4, ''),
(564, 'NRP', '86091216', 'Bima Aryana', 'Brigadir Polisi', 5, 'Motoris Kepala BNPT', 4, ''),
(565, 'NIP', '022', 'Abdul Hamid Majid', '-', 6, 'Staf Khusus Kepala BNPT', 4, ''),
(566, 'NIP', '023', 'Anugrah Wanto Wibowo', '-', 11, 'Staf TU Kepala', 4, ''),
(567, 'NRP', '67020486', 'Suhardini', 'Ipda', 16, 'Densus 88 / AT Polri', 1, ''),
(568, 'NRP', '76090845', 'Sudarmono Mura', 'Ipda', 16, 'Densus 88 / AT Polri', 1, ''),
(569, 'NRP', '82030771', 'Agung Purnomo', 'Bripka', 15, 'Densus 88 / AT Polri', 1, ''),
(570, 'NRP', '82050555', 'Mahriza', 'Bripka', 15, 'Densus 88 / AT Polri', 1, ''),
(571, 'NRP', '83111134', 'Nur Hartanto', 'Bripka', 15, 'Densus 88 / AT Polri', 1, ''),
(572, 'NRP', '841110351', 'Timbul Sibarani, S.H', 'Bripka', 15, 'Densus 88 / AT Polri', 1, ''),
(573, 'NRP', '77080274', 'Sahrun', 'Brigadir Polisi', 16, 'Densus 88 / AT Polri', 1, ''),
(574, 'NRP', '87050435', 'Amsori Anwar, S.H', 'Brigadir Polisi', 16, 'Densus 88 / AT Polri', 1, ''),
(575, 'NRP', '87080569', 'Ahmad Taofik, S.H., M.H.', 'Brigadir Polisi', 16, 'Densus 88 / AT Polri', 1, ''),
(576, 'NRP', '88050757', 'Ikhsan', 'Brigadir Polisi', 16, 'Densus 88 / AT Polri', 1, ''),
(577, 'NRP', '91050212', 'Iman Wahyu P.', 'Briptu', 16, 'Densus 88 / AT Polri', 1, ''),
(578, 'NRP', '92070070', 'Endrik Purwanto', 'Briptu', 16, 'Densus 88 / AT Polri', 1, ''),
(579, 'NRP', '90090304', 'I Gede Agung Wira, S.H', 'Bripda', 16, 'Densus 88 / AT Polri', 1, ''),
(580, 'NRP', '90070338', 'Wahyu Pujianto, S.H', 'Bripda', 16, 'Densus 88 / AT Polri', 1, ''),
(581, 'NRP', '96090192', 'Sefti Hardiyantini', 'Bripda', 16, 'Densus 88 / AT Polri', 1, ''),
(582, 'NRP', '96120114', 'Reza Nur Achsanta', 'Bripda', 16, 'Densus 88 / AT Polri', 1, ''),
(583, 'NIP', '196908271992031001', 'Chandran Lestyono', 'Penata Tk. I', 9, 'Kasubdit Pengembangan TI Direktorat Jendral Pemasyarakatan', 2, ''),
(584, 'NIP', '197808072000031001', 'Benny Muhammad Saefulloh', 'Penata Tk. I', 9, 'Kasi Penindakan Kamtib Direktorat Jendral Pemasyarakatan', 2, ''),
(585, 'NRP', '77081072', 'Yeyen Lesmana, S.I.K.', 'Ajun Komisaris Besar Polisi', 12, 'Kasi Pengamanan Aparat Penegak Hukum', 2, ''),
(586, 'NIP', '196604171990011001', 'Kelana Dewabrata', 'Penata Tk. I', 9, 'Kasi Binadik', 1, ''),
(587, 'NRP', '534811', 'Idris Nursetyo', 'ADC Sestama', 5, 'Staf Sestama', 4, ''),
(588, 'NIP', '-', 'Prof. Dr. Hamdi Muluk, M.Si.', 'Kelompok Ahli BNPT', 6, 'Narasumber', 1, ''),
(589, 'NIP', '--', 'Dr. Hamdan Zoelva, S.H., M.Si.', 'Kelompok Ahli BNPT', 4, 'Narasumber', 1, ''),
(590, 'NIP', '01', 'Prof. Dr. Azyumardi Azra, M.A.', 'Kelompok Ahli BNPT', 5, 'Narasumber', 1, ''),
(591, 'NIP', '02', 'Drs. Ansyaad Mbai, M.M.', 'Kelompok Ahli BNPT', 5, 'Narasumber', 1, ''),
(592, 'NIP', '03', 'Prof. Dr. Syaiful Bakhri, S.H., M.H.', 'Kelompok Ahli BNPT', 5, 'Narasumber', 1, ''),
(593, 'NIP', '04', 'Prof. Iwan Gardono Sujatmiko, Ph.D.', 'Kelompok Ahli BNPT', 5, 'Narasumber', 1, ''),
(594, 'NIP', '05', 'Prof. Drs. Yayan M. Yani, MAIR.', 'Kelompok Ahli BNPT', 16, 'Narasumber', 1, ''),
(595, 'NIP', '06', 'Prof. Hikmahanto Juwana, S.H., LL.M., Ph.D.', 'Kelompok Ahli BNPT', 16, 'Narasumber', 1, ''),
(596, 'NIP', '07', 'Prof. Dr. Romli Atmasasmita, S.H., LL.M.', 'Kelompok Ahli BNPT', 16, 'Narasumber', 1, ''),
(597, 'NIP', '08', 'Mayjen TNI (Purn) Abdul Rahman Kadir', 'Tokoh Masyarakat', 16, 'Narasumber', 1, ''),
(598, 'NIP', '09', 'Arteria Dahlan, S.T., S.H.', 'Anggota Dewan Perwakilan Rakyat', 16, 'Narasumber', 1, ''),
(599, 'NIP', '10', 'Dr. Junimart Girsang, S.H., MBA., M.H.', 'Anggota Dewan Perwakilan Rakyat', 16, 'Narasumber', 1, ''),
(600, 'NIP', '11', 'Komjen Pol (Purn) HM Nurdin', 'Anggota Dewan Perwakilan Rakyat', 16, 'Narasumber', 1, ''),
(601, 'NIP', '12', 'Dr. HM Azis Syamsudin, S.H.', 'Anggota Dewan Perwakilan Rakyat', 16, 'Narasumber', 1, ''),
(602, 'NIP', '13', 'Drs. T Taufiqulhadi, M.Si.', 'Anggota Dewan Perwakilan Rakyat', 16, 'Narasumber', 1, ''),
(603, 'NIP', '14', 'Prof. Dr. Nasaruddin Umar, M.A.', 'Imam Besar Masjid Istiqlal', 16, 'Narasumber', 1, ''),
(604, 'NIP', '15', 'Sholehuddin, M.Pd.', 'Direktur Daulat Bangsa', 16, 'Narasumber', 1, ''),
(605, 'NIP', '16', 'Mahnan Marbawi, M.A.', 'Ketua Umum Dewan Pimpinan Pusat  Asosiasi Guru Pendidikan Agama ', 16, 'Narasumber', 1, ''),
(606, 'NIP', '17', 'Ahmad Budiman, S.Ag.', 'Asosiasi Guru Pendidikan Agama Islam Indonesia', 16, 'Narasumber', 1, ''),
(607, 'NIP', '18', 'Rifai, M.Pd.I.', 'Faradisa Islamic School', 16, 'Narasumber', 1, ''),
(608, 'NIP', '19', 'Moh. Monib, M.A.', 'Indonesian Conference  Religion Peace', 16, 'Narasumber', 1, ''),
(609, 'NIP', '20', 'Atiq Tapipin, M.Pd.', 'Asosiasi Guru Pendidikan Agama Islam Indonesia', 16, 'Narasumber', 1, ''),
(610, 'NIP', '21', 'Daruri, M.Pd.', 'Asosiasi Guru Pendidikan Agama Islam Indonesia', 16, 'Narasumber', 1, ''),
(611, 'NIP', '22', 'Eko Maryadi', 'SEAPA', 16, 'Narasumber', 1, ''),
(612, 'NIP', '23', 'Mustakim Kurdi, M.A.', 'Asosiasi Guru Pendidikan Agama Islam Indonesia', 16, 'Narasumber', 1, ''),
(613, 'NIP', '24', 'Endang Zaenal', 'Asosiasi Guru Pendidikan Agama Islam Indonesia', 16, 'Narasumber', 1, ''),
(614, 'NIP', '25', 'Dr. Rohmat Mulyana Sapdi, M.Pd.', 'Direktur Pendidikan Agama Islam Kementerian Agama RI', 16, 'Narasumber', 1, ''),
(615, 'NIP', '26', 'Drs. H. Unang Rahmat, M.M.', 'Kasubdit Kurikulim  Pendidikan Agama Islam pada SMA/SMALB dan SM', 16, 'Narasumber', 1, ''),
(616, 'NIP', '27', 'Anis Masykhur, M.A.', 'Kasi Bina Akademik PAI pada PTU Direktorat Pendidikan Agama Isla', 16, 'Narasumber', 1, ''),
(617, 'NIP', '28', 'Yosep Adi Prasetyo', 'Mantan Ketua Dewan Pers / Praktisi Jurnalistik', 16, 'Narasumber', 1, ''),
(618, 'NIP', '29', 'Ahmad Djauhar', 'Wakil Ketua Dewan Pers', 16, 'Narasumber', 1, ''),
(619, 'NIP', '30', 'Agus Sudibyo', 'Akademi Jurnalisme Televisi Indonesia', 16, 'Narasumber', 1, ''),
(620, 'NIP', '31', 'Willy Pramudya', 'Jurnalis Senior/Praktisi Komunikasi', 16, 'Narasumber', 1, ''),
(621, 'NIP', '32', 'Dr. Devi Rahmawati, M.Si.', 'Kepala Laboratorium Vokasi FISIP Universitas Indonesia / Praktis', 16, 'Narasumber', 1, ''),
(622, 'NIP', '33', 'Vivi Zabkie', 'Mantan Editor Kantor Berita Radio (KBR) 68H/Praktisi Komunikasi', 16, 'Narasumber', 1, ''),
(623, 'NIP', '34', 'P. Hasudungan Sirait', 'Praktisi Jurnalistik', 16, 'Narasumber', 1, ''),
(624, 'NIP', '35', 'Dwidjo Utomo Maksum', 'Majelis Etik AJI Indonesia', 16, 'Narasumber', 1, ''),
(625, 'NIP', '36', 'Abdullah Alamudi', 'Jurnalis Senior', 16, 'Narasumber', 1, ''),
(626, 'NIP', '37', 'Swastika Nohara', 'Praktisi Film', 16, 'Narasumber', 1, ''),
(627, 'NIP', '38', 'Dyah Kusumawati', 'Praktisi Film', 16, 'Narasumber', 1, ''),
(628, 'NIP', '39', 'Ratrikala Bhre Aditya', 'Praktisi Film', 16, 'Narasumber', 1, ''),
(629, 'NIP', '40', 'Sutjiati Eka Tjandra Sari', 'Praktisi Film', 16, 'Narasumber', 1, ''),
(630, 'NIP', '41', 'Mathias Muchus', 'Praktisi Film', 16, 'Narasumber', 1, ''),
(631, 'NIP', '42', 'Christine Hakim', 'Praktisi Film', 16, 'Narasumber', 1, ''),
(632, 'NIP', '43', 'Anissa Putri Ayudya', 'Praktisi Film', 16, 'Narasumber', 1, ''),
(633, 'NIP', '44', 'Sha Ine Febriyanti', 'Praktisi Film', 16, 'Narasumber', 1, ''),
(634, 'NIP', '45', 'Wulan Guritno', 'Praktisi Film', 16, 'Narasumber', 1, ''),
(635, 'NIP', '46', 'Prisia Nasution', 'Praktisi Film', 16, 'Narasumber', 1, ''),
(636, 'NIP', '47', 'Reza Rahardian', 'Praktisi Film', 16, 'Narasumber', 1, ''),
(637, 'NIP', '48', 'Ence Bagus', 'Praktisi Film', 16, 'Narasumber', 1, ''),
(638, 'NIP', '49', 'Teuku Rifnu Wikana', 'Praktisi Film', 16, 'Narasumber', 1, ''),
(639, 'NIP', '50', 'Lidia C Noer', 'Praktisi Film', 16, 'Narasumber', 1, ''),
(640, 'NIP', '51', 'Verdi Solaeman', 'Praktisi Film', 16, 'Narasumber', 1, ''),
(641, 'NIP', '52', 'Dewi Irawan', 'Praktisi Film', 16, 'Narasumber', 1, ''),
(642, 'NIP', '53', 'Ria Irawan', 'Praktisi Film', 16, 'Narasumber', 1, ''),
(643, 'NIP', '54', 'Chelsea Islan', 'Praktisi Film', 16, 'Narasumber', 1, ''),
(644, 'NIP', '55', 'Dian Sastro Wardoyo', 'Praktisi Film', 16, 'Narasumber', 1, ''),
(645, 'NIP', '56', 'Rosita Tandos, M.A., McomDev, Ph.D.', 'Akademisi', 16, 'Narasumber', 1, ''),
(646, 'NIP', '57', 'Siti Darojatul Aliah', 'SeRVE', 16, 'Narasumber', 1, ''),
(647, 'NIP', '58', 'Nyimas Aliyah', 'Kementrian Pemberdayaan Perempuan & Perlindungan Anak', 16, 'Narasumber', 1, ''),
(648, 'NIP', '59', 'Ruby Kholifah', 'The Asian Muslim Action Network (AMAN)', 16, 'Narasumber', 1, ''),
(649, 'NIP', '60', 'Siti Hanifah', 'The Asian Muslim Action Network (AMAN)', 16, 'Narasumber', 1, ''),
(650, 'NIP', '61', 'Ghufron', 'The Asian Muslim Action Network (AMAN)', 16, 'Narasumber', 1, ''),
(651, 'NIP', '62', 'Maskur', 'The Asian Muslim Action Network (AMAN)', 16, 'Narasumber', 1, ''),
(652, 'NIP', '63', 'Salma Safitri AR', 'P2TP2A', 16, 'Narasumber', 1, ''),
(653, 'NIP', '64', 'Nurshadrina Khairudania ', 'Returni', 16, 'Narasumber', 1, ''),
(654, 'NIP', '65', 'Mira Kusumarini', 'C-SAVE', 16, 'Narasumber', 1, ''),
(655, 'NIP', '66', 'Riri Khariroh Ali', 'Komnas Perempuan', 16, 'Narasumber', 1, ''),
(656, 'NIP', '67', 'Suraya Kamaruzzaman', 'Balai Syura Aceh', 16, 'Narasumber', 1, ''),
(657, 'NIP', '68', 'Any Rufaedah', 'Daya Makara UI', 16, 'Narasumber', 1, ''),
(658, 'NIP', '69', 'Hikmah Bafagih', 'PW Fatayat NU Jawa Timur', 16, 'Narasumber', 1, ''),
(659, 'NIP', '70', 'AD Eridani', 'Rahima', 16, 'Narasumber', 1, ''),
(660, 'NIP', '71', 'Farha Cicik', 'Tanoker Ledokombo', 16, 'Narasumber', 1, ''),
(661, 'NIP', '72', 'Ardiana Fitri', 'The Habibie Center', 16, 'Narasumber', 1, ''),
(662, 'NIP', '73', 'Aldul Jabbar', 'Mantan Napiter', 16, 'Narasumber', 1, ''),
(663, 'NIP', '74', 'Sofyan Tsauri', 'Mantan Napiter', 16, 'Narasumber', 1, ''),
(664, 'NIP', '75', 'Khairul Ikhwan', 'Mantan Napiter', 16, 'Narasumber', 1, ''),
(665, 'NIP', '76', 'Kurnia widodo', 'Mantan Napiter', 16, 'Narasumber', 1, ''),
(666, 'NIP', '77', 'Yudi Zulfahri', 'Mantan Napiter', 16, 'Narasumber', 1, ''),
(667, 'NIP', '78', 'Joko Tri Harmanto', 'Mantan Napiter', 16, 'Narasumber', 1, ''),
(668, 'NIP', '79', 'Ali Fauzi', 'Mantan Napiter', 16, 'Narasumber', 1, ''),
(669, 'NIP', '80', 'Zaenudin Nasir', 'Mantan Napiter', 16, 'Narasumber', 1, ''),
(670, 'NIP', '81', 'Khairul Gazali', 'Mantan Napiter', 16, 'Narasumber', 1, ''),
(671, 'NIP', '82', 'Abu Tholut', 'Mantan Napiter', 16, 'Narasumber', 1, ''),
(672, 'NIP', '83', 'Iwan Setiawan', 'Penyintas', 16, 'Narasumber', 1, ''),
(673, 'NIP', '84', 'Dwi S Romdhoni', 'Penyintas', 16, 'Narasumber', 1, ''),
(674, 'NIP', '85', 'Agus Permana', 'Penyintas', 16, 'Narasumber', 1, ''),
(675, 'NIP', '86', 'Sudarsono', 'Penyintas', 16, 'Narasumber', 1, ''),
(676, 'NIP', '87', 'Vivi Normalasari', 'Penyintas', 16, 'Narasumber', 1, ''),
(677, 'NIP', '88', 'Didik Haryono', 'Penyintas', 16, 'Narasumber', 1, ''),
(678, 'NIP', '89', 'Apriyantini', 'Penyintas', 16, 'Narasumber', 1, ''),
(679, 'NIP', '90', 'Sucipto Hari Wibowo', 'Penyintas', 16, 'Narasumber', 1, ''),
(680, 'NIP', '91', 'Thiolina F Marpaung', 'Penyintas', 16, 'Narasumber', 1, ''),
(681, 'NIP', '92', 'Hayati Eka Laksmi', 'Penyintas', 16, 'Narasumber', 1, ''),
(682, 'NIP', '93', 'Markus Affandi', 'Penyintas', 16, 'Narasumber', 1, ''),
(683, 'NIP', '94', 'Chusnul Khotimah', 'Penyintas', 16, 'Narasumber', 1, ''),
(684, 'NIP', '197009161992031002', 'Dr. Adlin Sila, M.A., Ph.D', 'Pembina Tk. I', 14, 'Reviewer', 1, ''),
(685, 'NIP', '196006071986031003', 'Yunaedi, Bc.IP, SH, MH', 'Pembina Utama Madya', 14, 'Direktur Pembinaan Narapidana Dan Latihan Kerja Produksi', 1, ''),
(686, 'NIP', '196306071990011001', 'Zainal Arifin, S.Sos., M.Si', 'Pembina Tk. I', 12, 'Kepala Subdirektorat Pembinaan Kepribadian, Ditjenpas', 1, ''),
(687, 'NIP', '196503091986032001', 'Nida Ropita', 'Pembina', 11, 'Kepala Sub Bagian Tata Usaha Ditjenpas', 1, ''),
(688, 'NIP', '197012031991031001', 'Djumadi Arya, SH., MH', 'Pembina', 11, 'Kasi Pembinaan Mental dan Disiplin', 1, ''),
(689, 'NIP', '196608041986031001', 'Marni, SH, MH', 'Pembina', 11, 'Kepala Seksi Asimilasi Narapidana', 1, ''),
(690, 'NIP', '198905202009121007', 'Mytrando Indra Tuju', 'Penata', 6, 'Fungsional Direktorat Jendral Pemasyarakatan', 1, ''),
(691, 'NIP', '198008192009121007', 'Agung Indrawiria N, S.E', 'Penata Muda TK. I', 7, 'Fungsional Direktorat Jendral Pemasyarakatan', 1, ''),
(692, 'NIP', '196503011992032001', 'Wenny Maria, SE., MM', 'Pembina', 11, 'Kasi Pembinaan Jasmani dan Kesenian Ditjenpas', 1, ''),
(693, 'NIP', '197206091993031001', 'Djoni Praptomo', 'Penata Tk. I', 9, 'Fungsional Direktorat Jendral Pemasyarakatan', 1, ''),
(694, 'NIP', '56/SP-56/PPK4/BNPT/08/2019', 'Zhula Umi Karsa', '-', 6, 'Humas Media Center', 4, ''),
(695, 'NIP', '54/SP-54/PPK-IV/BNPT/08/2019', 'Lenni Hariyani', '-', 6, 'Media Center Humas', 4, ''),
(696, 'NIP', '53/SP-53/PPK-IV/BNPT/08/2019', 'Farhan Rosyadi', '-', 5, 'Media Center Humas', 4, ''),
(697, 'NIP', '55/SP-55/PPK-IV/BNPT/08/2019', 'Sandy Pratomo', '-', 6, 'Media Center Humas', 4, ''),
(698, 'NIP', '198703102017122001', 'dr. Rika Mardila', 'Penata Muda Tk. I', 7, 'Dokter Ahli Pertama', 4, ''),
(699, 'NIP', '95', 'Syahrir Abi', '-', 16, 'Instruktur Drone', 2, ''),
(700, 'NIP', '96', 'Adiaksa', '-', 16, 'Instruktur Intelijen Toolkit', 2, ''),
(701, 'NIP', '97', 'Andi', '-', 16, 'Instruktur IT', 2, ''),
(702, 'NIP', '98', 'Halomoan', '-', 16, 'Instruktur IT', 2, ''),
(703, 'NIP', '99', 'Farhan Muntafa, S.Si., M.Stat.', '-', 7, 'Narasumber', 1, ''),
(704, 'NIP', '100', 'Lilik Purwandi, M.Si', '-', 7, 'Narasumber', 1, ''),
(705, 'NIP', '101', 'Funkey K Yusup', '-', 6, 'Instruktur IT', 2, ''),
(706, 'NIP', '02/JKI-03/PPK-IV/BNPT/03/2019', 'Andi M. Jufri', '-', 7, 'Team Leader', 4, ''),
(707, 'NIP', '02/JKI-04/PPK-IV/BNPT/03/2019', 'Agung Nurjana', '-', 7, 'Asisten Team Leader', 4, ''),
(708, 'NIP', '02/JKI-05/PPK-IV/BNPT/03/2019', 'Sulaiman Koto', '-', 6, 'Konsultan Individu Sinergitas Bidang Pemberdayaan', 4, ''),
(709, 'NIP', '02/JKI-16/PPK-IV/BNPT/03/2019', 'Maruf', '-', 6, 'Konsultan Individu Sinergitas Bidang Perekonomian', 4, ''),
(710, 'NIP', '196310011986031001', 'Sunaryo, S.I.P., M.Si.', 'Pembina', 11, 'Analis Kebijakan', 4, ''),
(711, 'NIP', '196906181990101001', 'Gatot Sri Purnomo', 'Penata Tk I ', 7, 'Pengadministrasian Umum PPBMN K. ESDM', 4, '');

-- --------------------------------------------------------

--
-- Table structure for table `tb_riil`
--

CREATE TABLE `tb_riil` (
  `id_riil` int(11) NOT NULL,
  `id_spd` int(11) NOT NULL,
  `id_peg` int(11) NOT NULL,
  `id_rincian` int(11) NOT NULL,
  `id_satker` int(11) DEFAULT NULL,
  `id_user` varchar(100) NOT NULL DEFAULT '0',
  `uraian1` text NOT NULL,
  `uraian2` text NOT NULL,
  `uraian3` text NOT NULL,
  `uraian4` text NOT NULL,
  `jml1` double DEFAULT NULL,
  `jml2` double DEFAULT NULL,
  `jml3` double DEFAULT NULL,
  `jml4` double DEFAULT NULL
) ENGINE=InnoDB DEFAULT CHARSET=latin1;

--
-- Dumping data for table `tb_riil`
--

INSERT INTO `tb_riil` (`id_riil`, `id_spd`, `id_peg`, `id_rincian`, `id_satker`, `id_user`, `uraian1`, `uraian2`, `uraian3`, `uraian4`, `jml1`, `jml2`, `jml3`, `jml4`) VALUES
(3, 15, 347, 7, 2, 'anev1', 'Uang Transport Bogor-Jakarta PP', '', '', '', 550000, 0, 0, 0),
(4, 16, 500, 14, 1, 'pamling1', 'Penginapan', 'Taxi Bogor PP', 'Transport Bogor-Bandung (Kereta) PP', '', 1140000, 550000, 300000, 0),
(5, 16, 254, 15, 1, 'pamling1', '0', 'Taxi Bogor PP', 'Taxi Bandung PP', '', 0, 550000, 0, 0),
(6, 16, 223, 17, 1, 'pamling1', '', 'Taxi Bogor PP', '', '', 0, 550000, 0, 0),
(7, 16, 224, 18, 1, 'pamling1', '', 'Taxi Bogor PP', '', '', 0, 550000, 0, 0),
(8, 16, 227, 19, 1, 'pamling1', 'Taxi Bogor PP', '', '', '', 550000, 0, 0, 0),
(9, 16, 231, 20, 1, 'pamling1', 'Taxi Bogor PP', '', '', '', 550000, 0, 0, 0),
(10, 16, 408, 21, 1, 'pamling1', 'Taxi Bogor PP', '', '', '', 550000, 0, 0, 0),
(11, 16, 497, 22, 1, 'pamling1', 'Taxi Bogor PP', '', '', '', 550000, 0, 0, 0),
(12, 15, 329, 8, 2, 'anev1', 'Uang Transport Bogor-Jakarta PP', '', '', '', 550000, 0, 0, 0),
(13, 15, 330, 9, 2, 'anev1', 'Uang Transport Bogor-Jakarta PP', '', '', '', 550000, 0, 0, 0),
(14, 15, 351, 10, 2, 'anev1', 'Uang Trasnport Bogor-Jakarta PP', '', '', '', 550000, 0, 0, 0),
(15, 15, 343, 11, 2, 'anev1', 'Uang Transport Bogor-Jakarta PP', '', '', '', 550000, 0, 0, 0),
(16, 15, 91, 12, 2, 'anev1', 'Uang Transport Bogor-Jakarta PP', '', '', '', 550000, 0, 0, 0),
(17, 15, 336, 13, 2, 'anev1', 'Uang Transport Bogor-Jakarta PP', '', '', '', 550000, 0, 0, 0),
(18, 34, 140, 25, 4, 'inspek1', 'Penginapan', 'Taxi Bogor-Stasiun Gambir PP', 'Taxi Stasiun di Bandung PP', '-', 0, 550000, 332000, 0),
(19, 34, 142, 26, 4, 'inspek1', 'Penginapan', 'Taxi Bogor-Gambir PP', 'Taxi Stasiun di Bandung PP', '-', 0, 550000, 332000, 0),
(20, 31, 340, 27, 2, 'hubal1', 'Taxi Bogor PP', '', '', '', 550000, 0, 0, 0),
(22, 30, 308, 28, 2, 'latih1', 'Transport Bogor-Jakarta PP', '', '', '', 550000, 0, 0, 0),
(23, 30, 288, 29, 2, 'latih1', 'Transport Bogor-Jakarta PP', '', '', '', 550000, 0, 0, 0),
(24, 30, 317, 31, 2, 'latih1', 'Transport Bogor-Jakarta PP', '', '', '', 550000, 0, 0, 0),
(26, 30, 324, 33, 2, 'latih1', 'Transport Bogor-Jakarta PP', '', '', '', 550000, 0, 0, 0),
(27, 30, 328, 34, 2, 'latih1', 'Transport Bogor-Jakarta PP', '', '', '', 550000, 0, 0, 0),
(28, 52, 118, 35, 4, 'rumga2', 'Penginapan', 'Taxi Bogor PP', 'Taxi Gorontalo PP', '', 1528000, 550000, 480000, 0),
(29, 52, 549, 36, 4, 'rumga2', 'Penginapan', 'Taxi Bogor - Soetta PP', 'Taxi Gorontalo - Tempat Kegiatan PP', '', 1528000, 550000, 480000, 0),
(30, 52, 547, 37, 4, 'rumga2', 'Penginapan', 'Taxi Bogor PP', 'Taxi Gorontalo PP', '', 1528000, 550000, 480000, 0),
(31, 52, 517, 38, 4, 'rumga2', 'Penginapan', 'Taxi Bogor-Soetta PP', 'Taxi Gorontalo-Tempat Kegiatan PP', '', 1528000, 550000, 480000, 0),
(32, 59, 87, 47, 4, 'rumga2', 'Transport Bogor-Jakarta PP', 'Taxi Bogor PP', 'Taxi Jakarta PP', '', 550000, 0, 0, 0),
(33, 59, 85, 48, 4, 'rumga2', 'Transport Bogor-Jakarta PP', 'Taxi Bogor PP', 'Taxi Jakarta PP', '', 550000, 0, 0, 0),
(34, 59, 101, 49, 4, 'rumga2', 'Transport Bogor-Jakarta PP', 'Taxi Bogor PP', 'Taxi Jakarta PP', '', 550000, 0, 0, 0),
(35, 61, 84, 50, 4, 'rumga2', 'Transport Bogor-Jakarta PP', '', 'Taxi Jakarta PP', '', 550000, 0, 0, 0),
(36, 61, 85, 51, 4, 'rumga2', 'Transport Bogor-Jakarta PP', 'Taxi Bogor PP', 'Taxi Jakarta PP', '', 550000, 0, 0, 0),
(37, 61, 108, 52, 4, 'rumga2', 'Transport Bogor Jakarta PP ', 'Transport Bogor-Jakarta PP', 'Taxi Jakarta PP', '', 550000, 550000, 0, 0),
(38, 61, 87, 53, 4, 'rumga2', 'Transport Bogor-Jakarta PP', 'Transport Bogor-Jakarta PP', 'Taxi Jakarta PP', '', 550000, 550000, 0, 0),
(39, 61, 121, 54, 4, 'rumga2', 'Transport Bogor-Jakarta PP', 'Transport Bogor-Jakarta PP', 'Taxi Jakarta PP', '', 550000, 550000, 0, 0),
(40, 61, 120, 55, 4, 'rumga2', 'Transport Bogor-Jakarta PP', 'Transport Bogor-Jakarta PP', 'Taxi Jakarta PP', '', 550000, 550000, 0, 0),
(41, 28, 188, 69, 1, 'binmas1', 'Penginapan', 'Taxi Sentul PP', 'Taxi Jakarta PP', '', 0, 0, 0, 0),
(42, 68, 329, 70, 2, 'anev1', 'Uang Transport Bogor-Jakarta PP', '', '', '', 550000, 0, 0, 0),
(43, 68, 347, 71, 2, 'anev1', 'Uang Transport Bogor-Jakarta PP', '', '', '', 550000, 0, 0, 0),
(44, 68, 330, 73, 2, 'anev1', 'Uang Transport Bogor-Jakarta PP', '', '', '', 550000, 0, 0, 0),
(45, 68, 275, 74, 2, 'anev1', 'Uang Transport Bogor-Jakarta PP', '', '', '', 550000, 0, 0, 0),
(46, 68, 351, 75, 2, 'anev1', 'Uang Transport Bogor-Jakarta PP', '', '', '', 550000, 0, 0, 0),
(47, 68, 336, 76, 2, 'anev1', 'Uang Transport Bogor-Jakarta PP', '', '', '', 550000, 0, 0, 0),
(48, 68, 334, 79, 2, 'anev1', 'Uang Transport Bogor-Jakarta PP', '', '', '', 550000, 0, 0, 0),
(49, 84, 84, 94, 4, 'rumga2', 'Penginapan', 'Taxi Bogor PP', 'Taxi Jakarta PP', '', 850000, 275000, 275000, 0),
(50, 84, 85, 95, 4, 'rumga2', 'Penginapan', 'Taxi Bogor PP', 'Taxi Jakarta PP', '', 475000, 275000, 275000, 0),
(51, 100, 41, 97, 4, 'humas1', 'Penginapan', 'Taxi Bogor PP', 'Taxi Solo PP', '-', 0, 650000, 150000, 0),
(52, 112, 93, 107, 4, 'rumga1', 'Penginapan', 'Taxi BOGOR PP', 'Taxi Jakarta PP', '', 0, 0, 5500000, 0),
(53, 113, 88, 108, 4, 'rumga1', 'Penginapan', 'Taxi BOGOR PP', 'Taxi Jakarta PP', '', 0, 0, 5500000, 0),
(54, 115, 315, 109, 2, 'sisop1', 'Transportasi Darat PP', '', '', '', 650000, 0, 0, 0),
(55, 115, 316, 110, 2, 'sisop1', 'Transportasi Darat PP', '', '', '', 650000, 0, 0, 0),
(56, 115, 307, 111, 2, 'sisop1', 'Transportasi Darat PP', '', '\r\n', '', 650000, 0, 0, 0),
(57, 115, 311, 112, 2, 'sisop1', 'Transportasi Darat PP', '', '', '', 650000, 0, 0, 0),
(58, 115, 318, 113, 2, 'sisop1', 'Transportasi Darat PP', '', '', '', 650000, 0, 0, 0),
(59, 115, 321, 114, 2, 'sisop1', 'Transportasi Darat PP', '', '', '', 650000, 0, 0, 0),
(60, 115, 314, 115, 2, 'sisop1', 'Transportasi Darat PP', '', '', '', 650000, 0, 0, 0),
(61, 115, 326, 116, 2, 'sisop1', 'Transportasi Darat PP', '', '', '', 650000, 0, 0, 0),
(62, 118, 3, 118, 4, 'dapel1', 'Transport Bogor - Jakarta - Bogor', 'Uang Harian', '', '', 550000, 530000, 0, 0),
(63, 84, 87, 124, 4, 'rumga2', 'Penginapan', 'Taxi Bogor PP', 'Taxi Jakarta PP', '', 475000, 275000, 275000, 0),
(64, 84, 94, 120, 4, 'rumga2', 'Penginapan', 'Taxi Bogor PP', 'Taxi Jakarta PP', '', 475000, 275000, 275000, 0),
(65, 84, 120, 121, 4, 'rumga2', 'Penginapan', 'Taxi Bogor PP', 'Taxi Jakarta PP', '', 475000, 275000, 275000, 0),
(66, 84, 121, 122, 4, 'rumga2', 'Penginapan', 'Taxi Bogor PP', 'Taxi Jakarta PP', '', 475000, 275000, 275000, 0),
(67, 84, 101, 123, 4, 'rumga2', 'Penginapan', 'Taxi Bogor PP', 'Taxi Jakarta PP', '-', 475000, 275000, 275000, 0),
(68, 46, 64, 125, 4, 'keu2', 'Transport Bogor - Jakarta PP', 'Taxi Bogor PP', 'Taxi Jakarta PP', '', 550000, 0, 0, 0),
(69, 46, 66, 126, 4, 'keu2', 'Transport Bogor - Jakarta PP', 'Taxi Bogor PP', 'Taxi Jakarta PP', '', 550000, 0, 0, 0),
(70, 46, 67, 127, 4, 'keu2', 'Transport Bogor - Jakarta PP', 'Taxi Bogor PP', 'Taxi Jakarta PP', '', 550000, 0, 0, 0),
(71, 46, 62, 128, 4, 'keu2', 'Transport Bogor - Jakarta PP', 'Taxi Bogor PP', 'Taxi Jakarta PP', '', 550000, 0, 0, 0),
(72, 46, 58, 129, 4, 'keu2', 'Transport Bogor - Jakarta PP', 'Taxi Bogor PP', 'Taxi Jakarta PP', '', 550000, 0, 0, 0),
(73, 46, 72, 130, 4, 'keu2', 'Transport Bogor - Jakarta PP', 'Taxi Bogor PP', 'Taxi Jakarta PP', '', 550000, 0, 0, 0),
(74, 46, 70, 131, 4, 'keu2', 'Transport Bogor - Jakarta PP', 'Taxi Bogor PP', 'Taxi Jakarta PP', '', 550000, 0, 0, 0),
(75, 46, 57, 132, 4, 'keu2', 'Transport Bogor - Jakarta PP', 'Taxi Bogor PP', 'Taxi Jakarta PP', '', 550000, 0, 0, 0),
(76, 42, 73, 137, 4, 'keu1', 'Transport Bogor - Jakarta PP', 'Taxi Bogor PP', 'Taxi Jakarta PP', '', 550000, 0, 0, 0),
(77, 42, 58, 138, 4, 'keu1', 'Transport Bogor - Jakarta PP', 'Taxi Bogor PP', 'Taxi Jakarta PP', '', 550000, 0, 0, 0),
(78, 42, 65, 139, 4, 'keu1', 'Transport Bogor - Jakarta PP', 'Taxi Bogor PP', 'Taxi Jakarta PP', '', 550000, 0, 0, 0),
(79, 42, 64, 140, 4, 'keu1', 'Transport Bogor - Jakarta PP', 'Taxi Bogor PP', 'Taxi Jakarta PP', '', 550000, 0, 0, 0),
(80, 42, 67, 141, 4, 'keu1', 'Transport Bogor - Jakarta PP', 'Taxi Bogor PP', 'Taxi Jakarta PP', '', 550000, 0, 0, 0),
(81, 42, 68, 142, 4, 'keu1', 'Transport Bogor - Jakarta PP', 'Taxi Bogor PP', 'Taxi Jakarta PP', '', 550000, 0, 0, 0),
(82, 42, 70, 143, 4, 'keu1', 'Transport Bogor - Jakarta PP', 'Taxi Bogor PP', 'Taxi Jakarta PP', '', 550000, 0, 0, 0),
(83, 42, 71, 144, 4, 'keu1', 'Transport Bogor - Jakarta PP', 'Taxi Bogor PP', 'Taxi Jakarta PP', '', 550000, 0, 0, 0),
(84, 42, 59, 145, 4, 'keu1', 'Transport Bogor - Jakarta PP', 'Taxi Bogor PP', 'Taxi Jakarta PP', '', 550000, 0, 0, 0),
(85, 121, 577, 146, 2, 'hubal1', 'Biaya Transportasi PP Bogor - Jakarta', '', '', '', 550000, 0, 0, 0),
(86, 121, 576, 158, 2, 'hubal1', 'Biaya Transportasi PP Bogor - Jakarta', '', '', '', 550000, 0, 0, 0),
(87, 121, 575, 157, 2, 'hubal1', 'Biaya Transportasi PP Bogor - Jakarta', '', '', '', 550000, 0, 0, 0),
(88, 121, 570, 156, 2, 'hubal1', 'Biaya Transportasi PP Bogor - Jakarta', '', '', '', 550000, 0, 0, 0),
(89, 121, 569, 155, 2, 'hubal1', 'Biaya Transportasi PP Bogor - Jakarta', '', '', '', 550000, 0, 0, 0),
(90, 121, 568, 154, 2, 'hubal1', 'Biaya Transportasi PP Bogor - Jakarta', '', '', '', 550000, 0, 0, 0),
(91, 121, 573, 153, 2, 'hubal1', 'Biaya Transportasi PP Bogor - Jakarta', '', '', '', 550000, 0, 0, 0),
(92, 121, 574, 152, 2, 'hubal1', 'Biaya Transportasi PP Bogor - Jakarta', '', '', '', 550000, 0, 0, 0),
(93, 121, 582, 151, 2, 'hubal1', 'Biaya Transportasi PP Bogor - Jakarta', '', '', '', 550000, 0, 0, 0),
(94, 121, 581, 150, 2, 'hubal1', 'Biaya Transportasi PP Bogor - Jakarta', '', '', '', 550000, 0, 0, 0),
(95, 121, 580, 149, 2, 'hubal1', 'Biaya Transportasi PP Bogor - Jakarta', '', '', '', 550000, 0, 0, 0),
(97, 121, 579, 147, 2, 'hubal1', 'Biaya Transportasi PP Bogor - Jakarta', '', '', '', 550000, 0, 0, 0),
(98, 122, 333, 170, 2, 'hubal1', 'Biaya Transportasi PP Bogor - Jakarta', '', '', '', 550000, 0, 0, 0),
(99, 122, 344, 169, 2, 'hubal1', 'Biaya Transportasi PP Bogor - Jakarta', '', '', '', 550000, 0, 0, 0),
(100, 122, 341, 168, 2, 'hubal1', 'Biaya Transportasi PP Bogor - Jakarta', '', '', '', 550000, 0, 0, 0),
(101, 122, 340, 167, 2, 'hubal1', 'Biaya Transportasi PP Bogor - Jakarta', '', '', '', 550000, 0, 0, 0),
(102, 122, 339, 166, 2, 'hubal1', 'Biaya Transportasi PP Bogor - Jakarta', '', '', '', 550000, 0, 0, 0),
(103, 122, 335, 165, 2, 'hubal1', 'Biaya Transportasi PP Bogor - Jakarta', '', '', '', 550000, 0, 0, 0),
(104, 122, 345, 164, 2, 'hubal1', 'Biaya Transportasi PP Bogor - Jakarta', '', '', '', 550000, 0, 0, 0),
(105, 122, 567, 163, 2, 'hubal1', 'Biaya Transportasi PP Bogor - Jakarta', '', '', '', 550000, 0, 0, 0),
(106, 122, 569, 162, 2, 'hubal1', 'Biaya Transportasi PP Bogor - Jakarta', '', '', '', 550000, 0, 0, 0),
(107, 122, 573, 161, 2, 'hubal1', 'Biaya Transportasi PP Bogor - Jakarta', '', '', '', 550000, 0, 0, 0),
(108, 122, 577, 160, 2, 'hubal1', 'Biaya Transportasi PP Bogor - Jakarta', '', '', '', 550000, 0, 0, 0),
(109, 122, 579, 159, 2, 'hubal1', 'Biaya Transportasi PP Bogor - Jakarta', '', '', '', 550000, 0, 0, 0),
(110, 123, 574, 182, 2, 'hubal1', 'Biaya Transportasi PP Bogor - Jakarta', '', '', '', 550000, 0, 0, 0),
(111, 123, 573, 181, 2, 'hubal1', 'Biaya Transportasi PP Bogor - Jakarta', '', '', '', 550000, 0, 0, 0),
(112, 123, 572, 180, 2, 'hubal1', 'Biaya Transportasi PP Bogor - Jakarta', '', '', '', 550000, 0, 0, 0),
(113, 123, 571, 179, 2, 'hubal1', 'Biaya Transportasi PP Bogor - Jakarta', '', '', '', 550000, 0, 0, 0),
(114, 123, 567, 178, 2, 'hubal1', 'Biaya Transportasi PP Bogor - Jakarta', '', '', '', 550000, 0, 0, 0),
(115, 123, 575, 177, 2, 'hubal1', 'Biaya Transportasi PP Bogor - Jakarta', '', '', '', 550000, 0, 0, 0),
(116, 123, 576, 176, 2, 'hubal1', 'Biaya Transportasi PP Bogor - Jakarta', '', '', '', 550000, 0, 0, 0),
(117, 123, 578, 175, 2, 'hubal1', 'Biaya Transportasi PP Bogor - Jakarta', '', '', '', 550000, 0, 0, 0),
(118, 123, 582, 174, 2, 'hubal1', 'Biaya Transportasi PP Bogor - Jakarta', '', '', '', 550000, 0, 0, 0),
(119, 123, 581, 173, 2, 'hubal1', 'Biaya Transportasi PP Bogor - Jakarta', '', '', '', 550000, 0, 0, 0),
(120, 123, 580, 172, 2, 'hubal1', 'Biaya Transportasi PP Bogor - Jakarta', '', '', '', 550000, 0, 0, 0),
(121, 123, 579, 171, 2, 'hubal1', 'Biaya Transportasi PP Bogor - Jakarta', '', '', '', 550000, 0, 0, 0),
(122, 124, 574, 201, 2, 'hubal1', 'Biaya Transportasi PP Bogor - Jakarta', '', '', '', 550000, 0, 0, 0),
(123, 124, 573, 200, 2, 'hubal1', 'Biaya Transportasi PP Bogor - Jakarta', '', '', '', 550000, 0, 0, 0),
(124, 124, 572, 192, 2, 'hubal1', 'Biaya Transportasi PP Bogor - Jakarta', '', '', '', 550000, 0, 0, 0),
(125, 124, 571, 191, 2, 'hubal1', 'Biaya Transportasi PP Bogor - Jakarta', '', '', '', 550000, 0, 0, 0),
(126, 124, 567, 190, 2, 'hubal1', 'Biaya Transportasi PP Bogor - Jakarta', '', '', '', 550000, 0, 0, 0),
(127, 124, 575, 189, 2, 'hubal1', 'Biaya Transportasi PP Bogor - Jakarta', '', '', '', 550000, 0, 0, 0),
(128, 124, 576, 188, 2, 'hubal1', 'Biaya Transportasi PP Bogor - Jakarta', '', '', '', 550000, 0, 0, 0),
(129, 124, 578, 187, 2, 'hubal1', 'Biaya Transportasi PP Bogor - Jakarta', '', '', '', 550000, 0, 0, 0),
(130, 124, 582, 186, 2, 'hubal1', 'Biaya Transportasi PP Bogor - Jakarta', '', '', '', 550000, 0, 0, 0),
(131, 124, 581, 185, 2, 'hubal1', 'Biaya Transportasi PP Bogor - Jakarta', '', '', '', 550000, 0, 0, 0),
(132, 124, 580, 184, 2, 'hubal1', 'Biaya Transportasi PP Bogor - Jakarta', '', '', '', 550000, 0, 0, 0),
(133, 124, 579, 183, 2, 'hubal1', 'Biaya Transportasi PP Bogor - Jakarta', '', '', '', 550000, 0, 0, 0),
(134, 126, 574, 213, 2, 'hubal1', 'Biaya Transportasi PP Bogor - Jakarta', '', '', '', 550000, 0, 0, 0),
(135, 126, 573, 212, 2, 'hubal1', 'Biaya Transportasi PP Bogor - Jakarta', '', '', '', 550000, 0, 0, 0),
(136, 126, 572, 211, 2, 'hubal1', 'Biaya Transportasi PP Bogor - Jakarta', '', '', '', 550000, 0, 0, 0),
(137, 126, 571, 210, 2, 'hubal1', 'Biaya Transportasi PP Bogor - Jakarta', '', '', '', 550000, 0, 0, 0),
(138, 126, 567, 209, 2, 'hubal1', 'Biaya Transportasi PP Bogor - Jakarta', '', '', '', 550000, 0, 0, 0),
(139, 126, 575, 208, 2, 'hubal1', 'Biaya Transportasi PP Bogor - Jakarta', '', '', '', 550000, 0, 0, 0),
(140, 126, 576, 207, 2, 'hubal1', 'Biaya Transportasi PP Bogor - Jakarta', '', '', '', 550000, 0, 0, 0),
(141, 126, 578, 206, 2, 'hubal1', 'Biaya Transportasi PP Bogor - Jakarta', '', '', '', 550000, 0, 0, 0),
(142, 126, 582, 205, 2, 'hubal1', 'Biaya Transportasi PP Bogor - Jakarta', '', '', '', 550000, 0, 0, 0),
(143, 126, 581, 204, 2, 'hubal1', 'Biaya Transportasi PP Bogor - Jakarta', '', '', '', 550000, 0, 0, 0),
(144, 126, 580, 203, 2, 'hubal1', 'Biaya Transportasi PP Bogor - Jakarta', '', '', '', 550000, 0, 0, 0),
(145, 126, 579, 202, 2, 'hubal1', 'Biaya Transportasi PP Bogor - Jakarta', '', '', '', 550000, 0, 0, 0),
(146, 127, 568, 225, 2, 'hubal1', 'Biaya Transportasi PP Bogor - Jakarta', '', '', '', 550000, 0, 0, 0),
(147, 127, 570, 224, 2, 'hubal1', 'Biaya Transportasi PP Bogor - Jakarta', '', '', '', 550000, 0, 0, 0),
(148, 127, 575, 223, 2, 'hubal1', 'Biaya Transportasi PP Bogor - Jakarta', '', '', '', 550000, 0, 0, 0),
(149, 127, 576, 222, 2, 'hubal1', 'Biaya Transportasi PP Bogor - Jakarta', '', '', '', 550000, 0, 0, 0),
(150, 127, 573, 221, 2, 'hubal1', 'Biaya Transportasi PP Bogor - Jakarta', '', '', '', 550000, 0, 0, 0),
(151, 127, 574, 220, 2, 'hubal1', 'Biaya Transportasi PP Bogor - Jakarta', '', '', '', 550000, 0, 0, 0),
(152, 127, 577, 219, 2, 'hubal1', 'Biaya Transportasi PP Bogor - Jakarta', '', '', '', 550000, 0, 0, 0),
(153, 127, 579, 218, 2, 'hubal1', 'Biaya Transportasi PP Bogor - Jakarta', '', '', '', 550000, 0, 0, 0),
(154, 127, 580, 217, 2, 'hubal1', 'Biaya Transportasi PP Bogor - Jakarta', '', '', '', 550000, 0, 0, 0),
(155, 127, 581, 216, 2, 'hubal1', 'Biaya Transportasi PP Bogor - Jakarta', '', '', '', 550000, 0, 0, 0),
(156, 127, 582, 215, 2, 'hubal1', 'Biaya Transportasi PP Bogor - Jakarta', '', '', '', 550000, 0, 0, 0),
(157, 127, 569, 214, 2, 'hubal1', 'Biaya Transportasi PP Bogor - Jakarta', '', '', '', 550000, 0, 0, 0),
(158, 128, 567, 237, 2, 'hubal1', 'Biaya Transportasi PP Bogor - Jakarta', '', '', '', 550000, 0, 0, 0),
(159, 128, 579, 236, 2, 'hubal1', 'Biaya Transportasi PP Bogor - Jakarta', '', '', '', 550000, 0, 0, 0),
(160, 128, 571, 235, 2, 'hubal1', 'Biaya Transportasi PP Bogor - Jakarta', '', '', '', 550000, 0, 0, 0),
(161, 128, 572, 234, 2, 'hubal1', 'Biaya Transportasi PP Bogor - Jakarta', '', '', '', 550000, 0, 0, 0),
(162, 128, 573, 233, 2, 'hubal1', 'Biaya Transportasi PP Bogor - Jakarta', '', '', '', 550000, 0, 0, 0),
(163, 128, 574, 232, 2, 'hubal1', 'Biaya Transportasi PP Bogor - Jakarta', '', '', '', 550000, 0, 0, 0),
(164, 128, 575, 231, 2, 'hubal1', 'Biaya Transportasi PP Bogor - Jakarta', '', '', '', 550000, 0, 0, 0),
(165, 128, 576, 230, 2, 'hubal1', 'Biaya Transportasi PP Bogor - Jakarta', '', '', '', 550000, 0, 0, 0),
(166, 128, 580, 229, 2, 'hubal1', 'Biaya Transportasi PP Bogor - Jakarta', '', '', '', 550000, 0, 0, 0),
(167, 128, 581, 228, 2, 'hubal1', 'Biaya Transportasi PP Bogor - Jakarta', '', '', '', 550000, 0, 0, 0),
(168, 128, 582, 227, 2, 'hubal1', 'Biaya Transportasi PP Bogor - Jakarta', '', '', '', 550000, 0, 0, 0),
(169, 128, 578, 226, 2, 'hubal1', 'Biaya Transportasi PP Bogor - Jakarta', '', '', '', 550000, 0, 0, 0),
(170, 136, 76, 242, 4, 'ren1', 'Penginapan', 'Taxi Bogor PP', 'Taxi Jakarta PP', '', 0, 550000, 0, 0),
(171, 136, 82, 243, 4, 'ren1', 'Penginapan', 'Taxi Bogor PP', 'Taxi Jakarta PP', '', 0, 550000, 0, 0),
(172, 136, 24, 244, 4, 'ren1', 'Penginapan', 'Taxi Bogor PP', 'Taxi Jakarta PP', '', 0, 550000, 0, 0),
(173, 138, 83, 249, 4, 'ren1', 'Penginapan', 'Taxi Bogor PP', 'Taxi Jakarta PP', '', 0, 550000, 0, 0),
(174, 138, 74, 250, 4, 'ren1', 'Penginapan', 'Taxi Bogor PP', 'Taxi Jakarta PP', '', 0, 550000, 0, 0),
(175, 138, 76, 251, 4, 'ren1', 'Penginapan', 'Taxi Bogor PP', 'Taxi Jakarta PP', '', 0, 550000, 0, 0),
(176, 138, 80, 252, 4, 'ren1', 'Penginapan', 'Taxi Bogor PP', 'Taxi Jakarta PP', '', 0, 550000, 0, 0),
(177, 138, 81, 253, 4, 'ren1', 'Penginapan', 'Taxi Bogor PP', 'Taxi Jakarta PP', '', 0, 550000, 0, 0),
(178, 139, 24, 256, 4, 'ren1', 'Penginapan', 'Uang Transport Bogor-Jakarta PP', 'Taxi Jakarta PP', '', 0, 550000, 0, 0),
(179, 139, 82, 257, 4, 'ren1', 'Penginapan', 'Uang Transport Bogor-Jakarta PP', 'Taxi Jakarta PP', '', 0, 550000, 0, 0),
(180, 139, 74, 254, 4, 'ren1', 'Penginapan', 'Uang Transport Bogor-Jakarta PP', 'Taxi Jakarta PP', '', 0, 550000, 0, 0),
(181, 139, 78, 255, 4, 'ren1', 'Penginapan', 'Uang Transport Bogor-Jakarta PP', 'Taxi Jakarta PP', '', 0, 550000, 0, 0),
(182, 148, 49, 289, 4, '', 'Taxi Bogor', 'Taxi Solo', '', '', 325000, 75000, 0, 0),
(183, 149, 52, 292, 4, '', 'Taxi Bogor PP', 'Taxi Solo PP', '', '', 650000, 150000, 0, 0),
(184, 149, 47, 291, 4, '', 'Taxi Bogor PP', 'Taxi Solo PP', '', '', 650000, 150000, 0, 0),
(185, 149, 48, 290, 4, '', 'Taxi Bogor PP', 'Taxi Solo PP', '', '', 650000, 150000, 0, 0),
(186, 148, 50, 293, 4, '', 'Taxi Bogor', 'Taxi Solo', '', '', 275000, 75000, 0, 0),
(187, 148, 151, 288, 4, '', 'Taxi Bogor', 'Taxi Solo', '', '', 275000, 75000, 0, 0),
(188, 149, 147, 294, 4, '', 'Taxi Bogor PP', 'Taxi Solo PP', '', '', 650000, 150000, 0, 0),
(189, 141, 347, 295, 2, '', 'Uang Transport Bogor-Jakarta PP', '', '', '', 550000, 0, 0, 0),
(190, 141, 329, 296, 2, '', 'Uang Transport Bogor-Jakarta PP', '', '', '', 550000, 0, 0, 0),
(191, 141, 330, 297, 2, '', 'Uang Transport Bogor-Jakarta PP', '', '', '', 550000, 0, 0, 0),
(192, 141, 351, 298, 2, '', 'Uang Transport Bogor-Jakarta PP', '', '', '', 550000, 0, 0, 0),
(193, 141, 343, 299, 2, '', 'Uang Transport Bogor-Jakarta PP', '', '', '', 550000, 0, 0, 0),
(194, 141, 334, 300, 2, '', 'Uang Transport Bogor-Jakarta PP', '', '', '', 550000, 0, 0, 0),
(195, 141, 277, 301, 2, '', 'Uang Transport Bogor-Jakarta PP', '', '', '', 550000, 0, 0, 0),
(196, 149, 51, 303, 4, '', 'Taxi Bogor PP', 'Taxi Solo PP', '', '', 600000, 150000, 0, 0),
(197, 149, 53, 307, 4, '', 'Taxi Bogor PP', 'Taxi Solo PP', '', '', 600000, 150000, 0, 0),
(198, 70, 62, 98, 2, '', 'Transport Bogor - Jakarta PP', '', '', '', 550000, 0, 0, 0),
(199, 70, 343, 99, 2, '', 'Transport Bogor - Jakarta PP', 'Taxi Bogor PP', 'Taxi Jakarta PP', '', 550000, 0, 0, 0),
(200, 70, 346, 100, 2, '', 'Transport Bogor - Jakarta PP', 'Taxi Bogor PP', 'Taxi Jakarta PP', '', 550000, 0, 0, 0),
(201, 70, 348, 101, 2, '', 'Transport Bogor Jakarta PP', 'Taxi Bogor PP', 'Taxi Jakarta PP', '', 550000, 0, 0, 0),
(202, 90, 362, 309, 3, '', '', 'Taxi Jakarta PP', 'Taxi Solo PP', '', 0, 512000, 490000, 0),
(203, 70, 350, 102, 2, '', 'Transport Bogor - Jakarta PP', 'Taxi Bogor PP', 'Taxi Jakarta PP', '', 550000, 0, 0, 0),
(204, 149, 54, 316, 4, '', 'Taxi Bogor PP', 'Taxi Solo PP', '', '', 600000, 150000, 0, 0),
(205, 149, 55, 317, 4, '', 'Taxi Bogor PP', 'Taxi Solo PP', '', '', 600000, 150000, 0, 0),
(206, 149, 56, 318, 4, '', 'Taxi Bogor PP', 'Taxi Solo PP', '', '', 600000, 150000, 0, 0),
(207, 149, 155, 321, 4, '', 'Taxi Bogor PP', 'Taxi Solo PP', '', '', 600000, 150000, 0, 0),
(208, 149, 112, 322, 4, '', 'Taxi Bogor PP', 'Taxi Solo PP', '', '', 600000, 150000, 0, 0),
(209, 70, 332, 103, 2, '', 'Transportasi Bogor - Jakarta PP', 'Taxi Bogor PP', 'Taxi Jakarta PP', '', 550000, 0, 0, 0),
(210, 149, 553, 323, 4, '', 'Taxi Bogor PP', 'Taxi Solo PP', '', '', 600000, 150000, 0, 0),
(211, 70, 502, 104, 2, '', 'Transport Bogor - Jakarta PP', 'Taxi Bogor PP', 'Taxi Jakarta PP', '', 550000, 0, 0, 0),
(212, 149, 423, 325, 4, '', 'Taxi Bogor PP', 'Taxi Solo PP', '', '', 550000, 150000, 0, 0),
(213, 70, 338, 105, 2, '', 'Transport Bogor - Jakarta PP', 'Taxi Bogor PP', 'Taxi Jakarta PP', '', 550000, 0, 0, 0),
(214, 70, 331, 106, 2, '', 'Transport Bogor - Jakarta PP', 'Taxi Bogor PP', 'Taxi Jakarta PP', '', 550000, 0, 0, 0),
(215, 84, 118, 339, 4, '', 'Penginapan', 'Taxi Bogor PP', 'Taxi Jakarta PP', '', 475000, 275000, 275000, 0),
(216, 84, 154, 340, 4, '', 'Penginapan', 'Taxi Bogor PP', 'Taxi Jakarta PP', '', 475000, 275000, 275000, 0),
(217, 84, 122, 341, 4, '', 'Penginapan', 'Taxi Bogor PP', 'Taxi Jakarta PP', '', 475000, 275000, 275000, 0),
(218, 84, 72, 342, 4, '', 'Penginapan', 'Taxi Bogor PP', 'Taxi Jakarta PP', '', 475000, 275000, 275000, 0),
(219, 152, 274, 338, 2, '', 'Transport Bogor - Jakarta PP', 'Taxi Bogor PP', 'Taxi Jakarta PP', '', 550000, 0, 0, 0),
(220, 152, 346, 343, 2, '', 'Transport Bogor - Jakarta PP', 'Taxi Bogor PP', 'Taxi Jakarta PP', '', 550000, 0, 0, 0),
(221, 152, 348, 344, 2, '', 'Transport Bogor - Jakarta PP', 'Taxi Bogor PP', 'Taxi Jakarta PP', '', 550000, 0, 0, 0),
(222, 152, 585, 345, 2, '', 'Transport Bogor - Jakarta PP', 'Taxi Bogor PP', 'Taxi Jakarta PP', '', 550000, 0, 0, 0),
(223, 152, 350, 346, 2, '', 'Transport Bogor - Jakarta PP', 'Taxi Bogor PP', 'Taxi Jakarta PP', '', 550000, 0, 0, 0),
(224, 152, 332, 347, 2, '', 'Transport Bogor - Jakarta PP', 'Taxi Bogor PP', 'Taxi Jakarta PP', '', 550000, 0, 0, 0),
(225, 152, 331, 348, 2, '', 'Transport Bogor - Jakarta PP', 'Taxi Bogor PP', 'Taxi Jakarta PP', '', 550000, 0, 0, 0),
(226, 152, 343, 349, 2, '', 'Transport Bogor - Jakarta PP', 'Taxi Bogor PP', 'Taxi Jakarta PP', '', 550000, 0, 0, 0),
(227, 152, 91, 350, 2, '', 'Transport Bogor - Jakarta PP', 'Taxi Bogor PP', 'Taxi Jakarta PP', '', 550000, 0, 0, 0),
(228, 152, 73, 351, 2, '', 'Transport Bogor - Jakarta PP', 'Taxi Bogor PP', 'Taxi Jakarta PP', '', 550000, 0, 0, 0),
(229, 153, 273, 324, 2, '', 'Transportasi Bogor - Jakarta PP', '', '', '', 550000, 0, 0, 0),
(230, 153, 315, 352, 2, '', 'Transportasi Bogor - Jakarta PP', '', '', '', 550000, 0, 0, 0),
(231, 153, 306, 353, 2, '', 'Transportasi Bogor - Jakarta PP', '', '', '', 550000, 0, 0, 0),
(232, 153, 308, 354, 2, '', 'Transportasi Bogor - Jakarta PP', '', '', '', 550000, 0, 0, 0),
(233, 153, 307, 355, 2, '', 'Transportasi Bogor - Jakarta PP', '', '', '', 550000, 0, 0, 0),
(234, 153, 316, 356, 2, '', 'Transportasi Bogor - Jakarta PP', '', '', '', 550000, 0, 0, 0),
(235, 153, 309, 357, 2, '', 'Transportasi Bogor - Jakarta PP', '', '', '', 550000, 0, 0, 0),
(236, 153, 311, 358, 2, '', 'Transportasi Bogor - Jakarta PP', '', '', '', 550000, 0, 0, 0),
(237, 153, 310, 359, 2, '', 'Transportasi Bogor - Jakarta PP', '', '', '', 550000, 0, 0, 0),
(238, 153, 317, 360, 2, '', 'Transportasi Bogor - Jakarta PP', '', '', '', 550000, 0, 0, 0),
(239, 153, 279, 361, 2, '', 'Transportasi Bogor - Jakarta PP', '', '', '', 550000, 0, 0, 0),
(240, 154, 322, 327, 2, '', 'Transportasi Bogor - Jakarta PP', '', '', '', 550000, 0, 0, 0),
(241, 154, 312, 328, 2, '', 'Transportasi Bogor - Jakarta PP', '', '', '', 550000, 0, 0, 0),
(242, 154, 320, 329, 2, '', 'Transportasi Bogor - Jakarta PP', '', '', '', 550000, 0, 0, 0),
(243, 154, 318, 330, 2, '', 'Transportasi Bogor - Jakarta PP', '', '', '', 550000, 0, 0, 0),
(244, 154, 319, 331, 2, '', 'Transportasi Bogor - Jakarta PP', '', '', '', 550000, 0, 0, 0),
(245, 154, 313, 332, 2, '', 'Transportasi Bogor - Jakarta PP', '', '', '', 550000, 0, 0, 0),
(246, 154, 325, 333, 2, '', 'Transportasi Bogor - Jakarta PP', '', '', '', 550000, 0, 0, 0),
(247, 154, 327, 334, 2, '', 'Transportasi Bogor - Jakarta PP', '', '', '', 550000, 0, 0, 0),
(248, 154, 328, 335, 2, '', 'Transportasi Bogor - Jakarta PP', '', '', '', 550000, 0, 0, 0),
(249, 154, 326, 336, 2, '', 'Transportasi Bogor - Jakarta PP', '', '', '', 550000, 0, 0, 0),
(250, 154, 515, 337, 2, '', 'Transportasi Bogor - Jakarta PP', '', '', '', 550000, 0, 0, 0),
(251, 125, 568, 304, 2, '', 'Biaya Transportasi PP Bogor - Jakarta', '', '', '', 550000, 0, 0, 0),
(252, 125, 569, 281, 2, '', 'Biaya Transportasi PP Bogor - Jakarta', '', '', '', 550000, 0, 0, 0),
(253, 125, 570, 305, 2, '', 'Biaya Transportasi PP Bogor - Jakarta', '', '', '', 550000, 0, 0, 0),
(254, 125, 569, 281, 2, '', 'Biaya Transportasi PP Bogor - Jakarta', '', '', '', 550000, 0, 0, 0),
(255, 125, 575, 306, 2, '', 'Biaya Transportasi PP Bogor - Jakarta', '', '', '', 550000, 0, 0, 0),
(256, 125, 576, 308, 2, '', 'Biaya Transportasi PP Bogor - Jakarta', '', '', '', 550000, 0, 0, 0),
(257, 125, 573, 320, 2, '', 'Biaya Transportasi PP Bogor - Jakarta', '', '', '', 550000, 0, 0, 0),
(258, 125, 574, 310, 2, '', 'Biaya Transportasi PP Bogor - Jakarta', '', '', '', 550000, 0, 0, 0),
(259, 125, 577, 311, 2, '', 'Biaya Transportasi PP Bogor - Jakarta', '', '', '', 550000, 0, 0, 0),
(260, 125, 579, 312, 2, '', 'Biaya Transportasi PP Bogor - Jakarta', '', '', '', 550000, 0, 0, 0),
(261, 125, 580, 313, 2, '', 'Biaya Transportasi PP Bogor - Jakarta', '', '', '', 550000, 0, 0, 0),
(262, 125, 581, 319, 2, '', 'Biaya Transportasi PP Bogor - Jakarta', '', '', '', 550000, 0, 0, 0),
(263, 125, 582, 315, 2, '', 'Biaya Transportasi PP Bogor - Jakarta', '', '', '', 550000, 0, 0, 0),
(264, 31, 353, 41, 2, '', 'Taxi Bogor PP', '', '', '', 550000, 0, 0, 0),
(265, 31, 345, 42, 2, '', 'Taxi Bogor PP', '', '', '', 550000, 0, 0, 0),
(266, 32, 341, 193, 2, '', 'Taxi Bogor PP', '', '', '', 550000, 0, 0, 0),
(267, 32, 335, 194, 2, '', 'Taxi Bogor PP', '', '', '', 550000, 0, 0, 0),
(268, 189, 92, 377, 4, '', 'Penginapan', 'Transport Bogor-Jakarta PP', 'Taxi Jakarta PP', '', 0, 550000, 0, 0),
(269, 189, 124, 378, 4, '', 'Penginapan', 'Transport Bogor Jakarta PP', 'Taxi Jakarta PP', '', 0, 550000, 0, 0),
(270, 38, 525, 367, 2, '', 'Taxi Bogor PP', '', '', '', 550000, 0, 0, 0),
(271, 38, 521, 368, 2, '', 'Taxi Bogor PP', '', '', '', 550000, 0, 0, 0),
(272, 38, 522, 369, 2, '', 'Taxi Bogor PP', '', '', '', 550000, 0, 0, 0),
(273, 38, 583, 370, 2, '', 'Taxi Bogor PP', '', '', '', 550000, 0, 0, 0),
(274, 38, 584, 371, 2, '', 'Taxi Bogor PP', '', '', '', 550000, 0, 0, 0),
(275, 38, 530, 372, 2, '', 'Taxi Bogor PP', '', '', '', 550000, 0, 0, 0),
(276, 38, 532, 375, 2, '', 'Taxi Bogor PP', '', '', '', 550000, 0, 0, 0),
(277, 38, 531, 376, 2, '', 'Taxi Bogor PP', '', '', '', 550000, 0, 0, 0),
(278, 157, 130, 424, 4, '', 'Penginapan', 'Taxi Bogor PP', 'Taxi Bandung PP', '', 0, 0, 370000, 0),
(279, 80, 382, 91, 3, '', 'Transpor Jakarta-Depok PP', '-', '-', '', 550000, 0, 0, 0),
(280, 80, 385, 92, 3, '', 'Transpor Jakarta-Depok PP', '-', '-', '', 550000, 0, 0, 0),
(281, 199, 310, 440, 2, '', 'Transport Bogor - Jakarta PP', '', '', '', 550000, 0, 0, 0),
(282, 157, 152, 416, 4, '', 'Transportasi Bogor - Bandung', '', '', '', 370000, 0, 0, 0),
(283, 157, 35, 417, 4, '', 'Transportasi Bogor - Bandung', '', '', '', 370000, 0, 0, 0),
(284, 157, 174, 418, 4, '', 'Transportasi Bogor - Bandung', '', '', '', 370000, 0, 0, 0),
(285, 157, 49, 419, 4, '', 'Transportasi Bogor - Bandung', '', '', '', 370000, 0, 0, 0),
(286, 157, 49, 420, 4, '', 'Transportasi Bogor - Bandung', '', '', '', 370000, 0, 0, 0),
(287, 157, 377, 421, 4, '', 'Transportasi Bogor - Bandung', '', '', '', 370000, 0, 0, 0),
(288, 157, 239, 422, 4, '', 'Transportasi Bogor - Bandung', '', '', '', 370000, 0, 0, 0),
(289, 157, 363, 423, 4, '', 'Transportasi Bogor - Bandung', '', '', '', 370000, 0, 0, 0),
(290, 157, 296, 425, 4, '', 'Transportasi Bogor - Bandung', '', '', '', 370000, 0, 0, 0),
(291, 157, 84, 426, 4, '', 'Transportasi Bogor - Bandung', '', '', '', 370000, 0, 0, 0),
(292, 157, 57, 427, 4, '', 'Transportasi Bogor - Bandung', '', '', '', 370000, 0, 0, 0),
(293, 170, 196, 428, 4, '', 'Transportasi Bogor - Bandung', '', '', '', 370000, 0, 0, 0),
(294, 170, 197, 438, 4, '', 'Transportasi Bogor - Bandung', '', '', '', 370000, 0, 0, 0),
(295, 170, 209, 439, 4, '', 'Transportasi Bogor - Bandung', '', '', '', 370000, 0, 0, 0),
(296, 170, 368, 429, 4, '', 'Transportasi Bogor - Bandung', '', '', '', 370000, 0, 0, 0),
(297, 170, 387, 430, 4, '', 'Transportasi Bogor - Bandung', '', '', '', 370000, 0, 0, 0),
(298, 170, 223, 435, 4, '', 'Transportasi Bogor - Bandung', '', '', '', 370000, 0, 0, 0),
(299, 170, 232, 434, 4, '', 'Transportasi Bogor - Bandung', '', '', '', 370000, 0, 0, 0),
(300, 170, 290, 453, 4, '', 'Transportasi Bogor - Bandung', '', '', '', 370000, 0, 0, 0),
(301, 170, 322, 433, 4, '', 'Transportasi Bogor - Bandung', '', '', '', 370000, 0, 0, 0),
(302, 170, 346, 432, 4, '', 'Transportasi Bogor - Bandung', '', '', '', 370000, 0, 0, 0),
(303, 170, 4, 437, 4, '', 'Transportasi Bogor - Bandung', '', '', '', 370000, 0, 0, 0),
(304, 171, 309, 456, 4, '', 'Transportasi Bogor - Bandung', '', '', '', 370000, 0, 0, 0),
(305, 171, 190, 457, 4, '', 'Transportasi Bogor - Bandung', '', '', '', 370000, 0, 0, 0),
(306, 171, 207, 458, 4, '', 'Transportasi Bogor - Bandung', '', '', '', 370000, 0, 0, 0),
(307, 171, 355, 459, 4, '', 'Transportasi Bogor - Bandung', '', '', '', 370000, 0, 0, 0),
(308, 171, 219, 460, 4, '', 'Transportasi Bogor - Bandung', '', '', '', 370000, 0, 0, 0),
(309, 171, 340, 461, 4, '', 'Transportasi Bogor - Bandung', '', '', '', 370000, 0, 0, 0),
(310, 171, 283, 462, 4, '', 'Transportasi Bogor - Bandung', '', '', '', 370000, 0, 0, 0),
(311, 171, 8, 463, 4, '', 'Transportasi Bogor - Bandung', '', '', '', 370000, 0, 0, 0),
(312, 171, 11, 466, 4, '', 'Transportasi Bogor - Bandung', '', '', '', 370000, 0, 0, 0),
(313, 156, 150, 404, 4, '', 'Transportasi Bogor - Bandung', '', '', '', 370000, 0, 0, 0),
(314, 156, 156, 405, 4, '', 'Transportasi Bogor - Bandung', '', '', '', 370000, 0, 0, 0),
(315, 156, 587, 406, 4, '', 'Transportasi Bogor - Bandung', '', '', '', 370000, 0, 0, 0),
(316, 172, 74, 407, 4, '', 'Transportasi Bogor - Bandung', '', '', '', 370000, 0, 0, 0),
(317, 172, 76, 408, 4, '', 'Transportasi Bogor - Bandung', '', '', '', 370000, 0, 0, 0),
(318, 172, 78, 409, 4, '', 'Transportasi Bogor - Bandung', '', '', '', 370000, 0, 0, 0),
(319, 172, 79, 410, 4, '', 'Transportasi Bogor - Bandung', '', '', '', 370000, 0, 0, 0),
(320, 172, 80, 411, 4, '', 'Transportasi Bogor - Bandung', '', '', '', 370000, 0, 0, 0),
(321, 172, 82, 412, 4, '', 'Transportasi Bogor - Bandung', '', '', '', 370000, 0, 0, 0),
(322, 172, 81, 413, 4, '', 'Transportasi Bogor - Bandung', '', '', '', 370000, 0, 0, 0),
(323, 172, 24, 414, 4, '', 'Transportasi Bogor - Bandung', '', '', '', 370000, 0, 0, 0),
(324, 172, 83, 415, 4, '', 'Transportasi Bogor - Bandung', '', '', '', 370000, 0, 0, 0),
(325, 220, 352, 471, 3, '', 'Transport Jakarta-Bogor PP', '-', '-', '', 2400000, 0, 0, 0),
(326, 220, 357, 472, 3, '', 'Transport Jakarta-Bogor PP', '-', '-', '', 2400000, 0, 0, 0),
(327, 220, 362, 473, 3, '', 'Transport Jakarta-Bogor PP', 'Taxi Jakarta PP', 'Taxi Bogor PP', '', 2400000, 0, 0, 0),
(328, 223, 567, 479, 2, '', 'Biaya Transportasi PP Bogor - Jakarta', '', '', '', 550000, 0, 0, 0),
(329, 223, 571, 480, 2, '', 'Biaya Transportasi PP Bogor - Jakarta', '', '', '', 550000, 0, 0, 0),
(330, 223, 572, 481, 2, '', 'Biaya Transportasi PP Bogor - Jakarta', '', '', '', 550000, 0, 0, 0),
(331, 223, 573, 482, 2, '', 'Biaya Transportasi PP Bogor - Jakarta', '', '', '', 550000, 0, 0, 0),
(332, 223, 574, 483, 2, '', 'Biaya Transportasi PP Bogor - Jakarta', '', '', '', 550000, 0, 0, 0),
(333, 223, 574, 483, 2, '', 'Biaya Transportasi PP Bogor - Jakarta', '', '', '', 550000, 0, 0, 0),
(334, 223, 575, 484, 2, '', 'Biaya Transportasi PP Bogor - Jakarta', '', '', '', 550000, 0, 0, 0),
(335, 223, 576, 485, 2, '', 'Biaya Transportasi PP Bogor - Jakarta', '', '', '', 550000, 0, 0, 0),
(336, 223, 578, 486, 2, '', 'Biaya Transportasi PP Bogor - Jakarta', '', '', '', 550000, 0, 0, 0),
(337, 223, 582, 487, 2, '', 'Biaya Transportasi PP Bogor - Jakarta', '', '', '', 550000, 0, 0, 0),
(338, 223, 581, 488, 2, '', 'Biaya Transportasi PP Bogor - Jakarta', '', '', '', 550000, 0, 0, 0),
(339, 223, 580, 489, 2, '', 'Biaya Transportasi PP Bogor - Jakarta', '', '', '', 550000, 0, 0, 0),
(340, 223, 579, 490, 2, '', 'Biaya Transportasi PP Bogor - Jakarta', '', '', '', 550000, 0, 0, 0),
(341, 224, 568, 491, 2, '', 'Biaya Transportasi PP Bogor - Jakarta', '', '', '', 550000, 0, 0, 0),
(342, 224, 569, 492, 2, '', 'Biaya Transportasi PP Bogor - Jakarta', '', '', '', 550000, 0, 0, 0),
(343, 224, 570, 493, 2, '', 'Biaya Transportasi PP Bogor - Jakarta', '', '', '', 550000, 0, 0, 0),
(344, 224, 575, 494, 2, '', 'Biaya Transportasi PP Bogor - Jakarta', '', '', '', 550000, 0, 0, 0),
(345, 224, 576, 495, 2, '', 'Biaya Transportasi PP Bogor - Jakarta', '', '', '', 550000, 0, 0, 0),
(346, 224, 573, 496, 2, '', 'Biaya Transportasi PP Bogor - Jakarta', '', '', '', 550000, 0, 0, 0),
(347, 224, 574, 497, 2, '', 'Biaya Transportasi PP Bogor - Jakarta', '', '', '', 550000, 0, 0, 0),
(348, 224, 577, 498, 2, '', 'Biaya Transportasi PP Bogor - Jakarta', '', '', '', 550000, 0, 0, 0),
(349, 224, 579, 499, 2, '', 'Biaya Transportasi PP Bogor - Jakarta', '', '', '', 550000, 0, 0, 0),
(350, 224, 580, 500, 2, '', 'Biaya Transportasi PP Bogor - Jakarta', '', '', '', 550000, 0, 0, 0),
(351, 224, 581, 501, 2, '', 'Biaya Transportasi PP Bogor - Jakarta', '', '', '', 550000, 0, 0, 0),
(352, 224, 582, 502, 2, '', 'Biaya Transportasi PP Bogor - Jakarta', '', '', '', 550000, 0, 0, 0),
(353, 232, 47, 543, 4, '', 'Transport Bogor-Jakarta PP', '', '', '', 550000, 0, 0, 0),
(354, 232, 53, 544, 4, '', 'Transport Bogor-Jakarta PP', '', '', '', 550000, 0, 0, 0),
(355, 225, 567, 506, 2, '', 'Biaya Transportasi PP Bogor - Jakarta', '', '', '', 550000, 0, 0, 0),
(356, 232, 55, 545, 4, '', 'Transport Bogor-Jakarta PP', '', '', '', 550000, 0, 0, 0),
(357, 225, 571, 507, 2, '', 'Biaya Transportasi PP Bogor - Jakarta', '', '', '', 550000, 0, 0, 0),
(358, 232, 155, 546, 4, '', 'Transport Bogor-Jakarta PP', '', '', '', 550000, 0, 0, 0),
(359, 231, 48, 547, 4, '', 'Transport Bogor-Jakarta PP', '', '', '', 550000, 0, 0, 0),
(360, 231, 50, 548, 4, '', 'Transport Bogor-Jakarta PP', '', '', '', 550000, 0, 0, 0),
(361, 231, 60, 549, 4, '', 'Transport Bogor-Jakarta PP', '', '', '', 550000, 0, 0, 0),
(362, 231, 51, 550, 4, '', 'Transport Bogor-Jakarta PP', '', '', '', 550000, 0, 0, 0),
(363, 225, 572, 508, 2, '', 'Biaya Transportasi PP Bogor - Jakarta', '', '', '', 550000, 0, 0, 0),
(364, 231, 52, 551, 4, '', 'Transport Bogor-Jakarta PP', '', '', '', 550000, 0, 0, 0),
(365, 231, 56, 552, 4, '', 'Transport Bogor-Jakarta PP', '', '', '', 550000, 0, 0, 0),
(366, 231, 553, 553, 4, '', 'Transport Bogor-Jakarta PP', '', '', '', 550000, 0, 0, 0),
(367, 231, 70, 554, 4, '', 'Transport Bogor-Jakarta PP', '', '', '', 550000, 0, 0, 0),
(368, 225, 573, 509, 2, '', 'Biaya Transportasi PP Bogor - Jakarta', '', '0', '', 550000, 0, 0, 0),
(369, 225, 574, 510, 2, '', 'Biaya Transportasi PP Bogor - Jakarta', '', '', '', 550000, 0, 0, 0),
(370, 225, 575, 511, 2, '', 'Biaya Transportasi PP Bogor - Jakarta', '', '', '', 550000, 0, 0, 0),
(371, 225, 576, 512, 2, '', 'Biaya Transportasi PP Bogor - Jakarta', '', '', '', 550000, 0, 0, 0),
(372, 225, 578, 513, 2, '', 'Biaya Transportasi PP Bogor - Jakarta', '', '', '', 550000, 0, 0, 0),
(373, 225, 582, 514, 2, '', 'Biaya Transportasi PP Bogor - Jakarta', '', '', '', 550000, 0, 0, 0),
(374, 225, 581, 515, 2, '', 'Biaya Transportasi PP Bogor - Jakarta', '', '', '', 550000, 0, 0, 0),
(375, 225, 580, 516, 2, '', 'Biaya Transportasi PP Bogor - Jakarta', '', '', '', 550000, 0, 0, 0),
(376, 225, 579, 517, 2, '', 'Biaya Transportasi PP Bogor - Jakarta', '', '', '', 550000, 0, 0, 0),
(377, 226, 341, 518, 2, '', 'Biaya Transportasi PP Bogor - Jakarta', '', '', '', 550000, 0, 0, 0),
(378, 226, 344, 519, 2, '', 'Biaya Transportasi PP Bogor - Jakarta', '', '', '', 550000, 0, 0, 0),
(379, 226, 333, 520, 2, '', 'Biaya Transportasi PP Bogor - Jakarta', '', '', '', 550000, 0, 0, 0),
(380, 226, 335, 521, 2, '', 'Biaya Transportasi PP Bogor - Jakarta', '', '', '', 550000, 0, 0, 0),
(381, 226, 426, 522, 2, '', 'Biaya Transportasi PP Bogor - Jakarta', '', '', '', 550000, 0, 0, 0),
(382, 226, 568, 523, 2, '', 'Biaya Transportasi PP Bogor - Jakarta', '', '', '', 550000, 0, 0, 0),
(383, 226, 570, 524, 2, '', 'Biaya Transportasi PP Bogor - Jakarta', '', '', '', 550000, 0, 0, 0),
(384, 226, 571, 525, 2, '', 'Biaya Transportasi PP Bogor - Jakarta', '', '', '', 550000, 0, 0, 0),
(385, 226, 574, 526, 2, '', 'Biaya Transportasi PP Bogor - Jakarta', '', '', '', 550000, 0, 0, 0),
(386, 226, 575, 527, 2, '', 'Biaya Transportasi PP Bogor - Jakarta', '', '', '', 550000, 0, 0, 0),
(387, 226, 578, 528, 2, '', 'Biaya Transportasi PP Bogor - Jakarta', '', '', '', 550000, 0, 0, 0),
(388, 226, 580, 529, 2, '', 'Biaya Transportasi PP Bogor - Jakarta', '', '', '', 550000, 0, 0, 0),
(389, 227, 568, 530, 2, '', 'Biaya Transportasi PP Bogor - Jakarta', '', '', '', 550000, 0, 0, 0),
(390, 227, 569, 531, 2, '', 'Biaya Transportasi PP Bogor - Jakarta', '', '', '', 550000, 0, 0, 0),
(391, 227, 570, 532, 2, '', 'Biaya Transportasi PP Bogor - Jakarta', '', '', '', 550000, 0, 0, 0),
(392, 227, 573, 533, 2, '', 'Biaya Transportasi PP Bogor - Jakarta', '', '', '', 550000, 0, 0, 0),
(393, 227, 574, 534, 2, '', 'Biaya Transportasi PP Bogor - Jakarta', '', '', '', 550000, 0, 0, 0),
(394, 227, 575, 535, 2, '', 'Biaya Transportasi PP Bogor - Jakarta', '', '', '', 550000, 0, 0, 0),
(395, 227, 576, 536, 2, '', 'Biaya Transportasi PP Bogor - Jakarta', '', '', '', 550000, 0, 0, 0),
(396, 227, 577, 537, 2, '', 'Biaya Transportasi PP Bogor - Jakarta', '', '', '', 550000, 0, 0, 0),
(397, 227, 579, 538, 2, '', 'Biaya Transportasi PP Bogor - Jakarta', '', '', '', 550000, 0, 0, 0),
(398, 227, 580, 539, 2, '', 'Biaya Transportasi PP Bogor - Jakarta', '', '', '', 550000, 0, 0, 0),
(399, 227, 581, 540, 2, '', 'Biaya Transportasi PP Bogor - Jakarta', '', '', '', 550000, 0, 0, 0),
(400, 227, 582, 541, 2, '', 'Biaya Transportasi PP Bogor - Jakarta', '', '', '', 550000, 0, 0, 0),
(401, 233, 49, 559, 4, '', 'Taxi Bogor-Jakarta PP', '', '', '', 550000, 0, 0, 0),
(402, 232, 423, 560, 4, '', 'Taxi Jakarta Bogor PP', '', '', '', 550000, 0, 0, 0),
(403, 232, 54, 561, 4, '', 'Taxi Bogor-Jakarta PP', '', '', '', 550000, 0, 0, 0),
(404, 232, 154, 562, 4, '', 'Taxi Bogor-Jakarta PP', '', '', '', 550000, 0, 0, 0),
(405, 234, 364, 581, 3, '', 'Uang Transport Jakarta-Bogor PP', '-', '-', '', 550000, 0, 0, 0),
(406, 234, 366, 580, 3, '', 'Uang Transport Jakarta-Bogor PP', '-', '-', '', 550000, 0, 0, 0),
(407, 234, 358, 579, 3, '', 'Uang Transport Jakarta-Bogor PP', '-', '-', '', 550000, 0, 0, 0),
(408, 234, 357, 578, 3, '', 'Uang Transport Jakarta-Bogor PP', '-', '-', '', 550000, 0, 0, 0),
(409, 234, 355, 577, 3, '', 'Uang Transport Jakarta-Bogor PP', '-', '-', '', 550000, 0, 0, 0),
(410, 234, 356, 576, 3, '', 'Uang Transport Jakarta-Bogor PP', '-', '-', '', 550000, 0, 0, 0),
(411, 234, 363, 575, 3, '', 'Uang Transport Jakarta-Bogor PP', '-', '-', '', 550000, 0, 0, 0),
(412, 235, 359, 565, 3, '', 'Uang Transport Jakarta-Bogor PP', '-', '-', '', 550000, 0, 0, 0),
(413, 235, 352, 566, 3, '', 'Uang Transport Jakarta-Bogor PP', '-', '-', '', 550000, 0, 0, 0),
(414, 235, 360, 567, 3, '', 'Uang Transport Jakarta-Bogor PP', '-', '-', '', 550000, 0, 0, 0),
(415, 235, 401, 568, 3, '', 'Uang Transport Jakarta-Bogor PP', '-', '-', '', 550000, 0, 0, 0),
(416, 235, 367, 569, 3, '', 'Uang Transport Jakarta-Bogor PP', '-', '-', '', 550000, 0, 0, 0),
(417, 235, 361, 570, 3, '', 'Uang Transport Jakarta-Bogor PP', '-', '-', '', 550000, 0, 0, 0),
(418, 235, 399, 571, 3, '', 'Uang Transport Jakarta-Bogor PP', '-', '-', '', 550000, 0, 0, 0),
(419, 235, 362, 572, 3, '', 'Uang Transport Jakarta-Bogor PP', '-', '-', '', 550000, 0, 0, 0),
(420, 235, 555, 573, 3, '', 'Uang Transport Jakarta-Bogor PP', '-', '-', '', 550000, 0, 0, 0),
(421, 234, 396, 574, 3, '', 'Uang Transport Jakarta-Bogor PP', 'Uang Representatif Direktur', 'Taxi Bogor PP', '', 550000, 450000, 0, 0),
(422, 246, 329, 582, 2, '', 'Uang Transport Bogor-Jakarta PP', '', '', '', 550000, 0, 0, 0),
(423, 246, 347, 583, 2, '', 'Uang Transport Bogor-Jakarta PP', '', '', '', 550000, 0, 0, 0),
(424, 246, 330, 584, 2, '', 'Uang Transport Bogor-Jakarta PP', '', '', '', 550000, 0, 0, 0),
(425, 246, 343, 585, 2, '', 'Uang Transport Bogor-Jakarta PP', '', '', '', 550000, 0, 0, 0),
(426, 246, 91, 586, 2, '', 'Uang Transport Bogor-Jakarta PP', '', '', '', 550000, 0, 0, 0),
(427, 246, 336, 587, 2, '', 'Uang Transport Bogor-Jakarta PP', '', '', '', 550000, 0, 0, 0),
(428, 246, 334, 588, 2, '', 'Uang Transport Bogor-Jakarta PP', '', '', '', 550000, 0, 0, 0),
(429, 230, 352, 597, 3, '', 'Uang Transport Jakarta-Bogor PP', '-', '-', '', 550000, 0, 0, 0),
(430, 230, 367, 598, 3, '', 'Transport Jakarta-Bogor PP', 'Taxi Jakarta PP', 'Taxi Bogor PP', '', 550000, 0, 0, 0),
(431, 230, 401, 599, 3, '', 'Transport Jakarta-Bogor PP', '-', '-', '', 550000, 0, 0, 0),
(432, 230, 555, 600, 3, '', 'Transport Jakarta-Bogor PP', '-', '-', '', 550000, 0, 0, 0),
(433, 230, 362, 601, 3, '', 'Transport Jakarta-Bogor PP', '-', '-', '', 550000, 0, 0, 0),
(434, 230, 399, 602, 3, '', 'Transport Jakarta-Bogor PP', '-', '-', '', 550000, 0, 0, 0),
(435, 230, 361, 603, 3, '', 'Transport Jakarta-Bogor PP', '-', '-', '', 550000, 0, 0, 0),
(436, 230, 359, 604, 3, '', 'Transport Jakarta-Bogor PP', '-', '-', '', 550000, 0, 0, 0),
(437, 230, 360, 605, 3, '', 'Transport Jakarta-Bogor PP', '-', '-', '', 550000, 0, 0, 0),
(438, 228, 396, 589, 3, '', 'Transport Jakarta-Bogor PP', 'Uang Representatif Direktur', '-', '', 550000, 450000, 0, 0),
(439, 228, 363, 590, 3, '', 'Transport Jakarta-Bogor PP', '-', '-', '', 550000, 0, 0, 0),
(440, 228, 356, 591, 3, '', 'Transport Jakarta-Bogor PP', '-', '-', '', 550000, 0, 0, 0),
(441, 228, 355, 592, 3, '', 'Transport Jakarta-Bogor PP', '-', '-', '', 550000, 0, 0, 0),
(442, 228, 364, 593, 3, '', 'Transport Jakarta-Bogor PP', '-', '-', '', 550000, 0, 0, 0),
(443, 228, 357, 594, 3, '', 'Transport Jakarta-Bogor PP', '-', '-', '', 550000, 0, 0, 0),
(444, 228, 358, 595, 3, '', 'Transport Jakarta-Bogor PP', '-', '-', '', 550000, 0, 0, 0),
(445, 228, 366, 596, 3, '', 'Transport Jakarta-Bogor PP', '-', '-', '', 550000, 0, 0, 0),
(446, 250, 465, 610, 1, '', 'Penginapan', 'Taxi Bogor PP', 'Taxi Cilacap PP', '', 1458000, 550000, 150000, 0),
(447, 250, 242, 611, 1, '', 'Penginapan', 'Taxi Bogor PP', 'Taxi Cilacap PP', '', 1458000, 550000, 150000, 0),
(448, 250, 171, 612, 1, '', 'Penginapan', 'Taxi Bogor PP', 'Taxi Cilacap PP', '', 1458000, 550000, 150000, 0),
(449, 251, 166, 616, 1, '', 'Penginapan', 'Taxi Bogor PP', 'Taxi Cilacap PP', '', 1458000, 550000, 150000, 0),
(450, 251, 256, 615, 1, '', 'Penginapan', 'Taxi Bogor PP', 'Taxi Cilacap PP', '', 1458000, 550000, 150000, 0),
(451, 251, 158, 614, 1, '', 'Penginapan', 'Taxi Bogor PP', 'Taxi Cilacap PP', '', 1458000, 550000, 150000, 0),
(452, 251, 164, 613, 1, '', 'Penginapan', 'Taxi Bogor PP', 'Taxi Cilacap PP', '', 1458000, 550000, 150000, 0),
(453, 253, 464, 631, 1, '', 'Penginapan', 'Taxi Bogor PP', 'Taxi Cilacap PP', '', 1458000, 550000, 150000, 0),
(454, 253, 162, 630, 1, '', 'Penginapan', 'Taxi Bogor PP', 'Taxi Cilacap PP', '', 1458000, 550000, 150000, 0),
(455, 253, 165, 629, 1, '', 'Penginapan', 'Taxi Bogor PP', 'Taxi Cilacap PP', '', 1458000, 550000, 150000, 0),
(456, 253, 463, 628, 1, '', 'Penginapan', 'Taxi Bogor PP', 'Taxi Cilacap PP', '', 1458000, 550000, 150000, 0),
(457, 254, 167, 632, 1, '', 'Penginapan', 'Taxi Bogor PP', 'Taxi Cilacap PP', '', 1458000, 550000, 150000, 0),
(458, 254, 163, 633, 1, '', 'Penginapan', 'Taxi Bogor PP', 'Taxi Cilacap PP', '', 1458000, 550000, 150000, 0),
(459, 254, 460, 634, 1, '', 'Penginapan', 'Taxi Bogor PP', 'Taxi Cilacap PP', '', 1458000, 550000, 150000, 0),
(460, 254, 161, 635, 1, '', 'Penginapan', 'Taxi Bogor PP', 'Taxi Cilacap PP', '', 1458000, 550000, 150000, 0),
(461, 254, 263, 636, 1, '', 'Penginapan', 'Taxi Bogor PP', 'Taxi Cilacap PP', '', 1458000, 550000, 150000, 0),
(462, 199, 306, 637, 2, '', 'Taxi Bogor  - Jakarta PP', '', '', '', 550000, 0, 0, 0),
(463, 199, 515, 441, 2, '', 'Transport Bogor - Jakarta PP', '', '', '', 550000, 0, 0, 0),
(464, 259, 168, 652, 1, '', 'Penginapan', 'Taxi Bogor PP', 'Taxi Cilacap PP', '', 1458000, 550000, 150000, 0),
(465, 259, 466, 653, 1, '', 'Penginapan', 'Taxi Bogor PP', 'Taxi Cilacap PP', '', 1458000, 550000, 150000, 0),
(466, 259, 170, 654, 1, '', 'Penginapan', 'Taxi Bogor PP', 'Taxi Cilacap PP', '', 1458000, 550000, 150000, 0),
(467, 259, 255, 655, 1, '', 'Penginapan', 'Taxi Bogor PP', 'Taxi Cilacap PP', '', 1458000, 550000, 150000, 0),
(468, 259, 159, 656, 1, '', 'Penginapan', 'Taxi Bogor PP', 'Taxi Cilacap PP', '', 1458000, 550000, 150000, 0),
(469, 260, 568, 657, 2, '', 'Biaya Transportasi PP Bogor - Jakarta', '', '', '', 550000, 0, 0, 0),
(470, 260, 569, 658, 2, '', 'Biaya Transportasi PP Bogor - Jakarta', '', '', '', 550000, 0, 0, 0),
(471, 260, 570, 659, 2, '', 'Biaya Transportasi PP Bogor - Jakarta', '', '', '', 550000, 0, 0, 0),
(472, 260, 573, 660, 2, '', 'Biaya Transportasi PP Bogor - Jakarta', '', '', '', 550000, 0, 0, 0),
(473, 260, 574, 661, 2, '', 'Biaya Transportasi PP Bogor - Jakarta', '', '', '', 550000, 0, 0, 0),
(474, 260, 575, 662, 2, '', 'Biaya Transportasi PP Bogor - Jakarta', '', '', '', 550000, 0, 0, 0),
(475, 260, 576, 663, 2, '', 'Biaya Transportasi PP Bogor - Jakarta', '', '', '', 550000, 0, 0, 0),
(476, 260, 577, 664, 2, '', 'Biaya Transportasi PP Bogor - Jakarta', '', '', '', 550000, 0, 0, 0),
(477, 260, 579, 665, 2, '', 'Biaya Transportasi PP Bogor - Jakarta', '', '', '', 550000, 0, 0, 0),
(478, 260, 580, 666, 2, '', 'Biaya Transportasi PP Bogor - Jakarta', '', '', '', 550000, 0, 0, 0),
(479, 260, 581, 667, 2, '', 'Biaya Transportasi PP Bogor - Jakarta', '', '', '', 550000, 0, 0, 0),
(480, 260, 582, 668, 2, '', 'Biaya Transportasi PP Bogor - Jakarta', '', '', '', 550000, 0, 0, 0),
(481, 261, 567, 669, 2, '', 'Biaya Transportasi PP Bogor - Jakarta', '', '', '', 550000, 0, 0, 0),
(482, 261, 571, 670, 2, '', 'Biaya Transportasi PP Bogor - Jakarta', '', '', '', 550000, 0, 0, 0),
(483, 261, 572, 671, 2, '', 'Biaya Transportasi PP Bogor - Jakarta', '', '', '', 550000, 0, 0, 0),
(484, 261, 575, 672, 2, '', 'Biaya Transportasi PP Bogor - Jakarta', '', '', '', 550000, 0, 0, 0),
(485, 261, 576, 673, 2, '', 'Biaya Transportasi PP Bogor - Jakarta', '', '', '', 550000, 0, 0, 0),
(486, 261, 573, 674, 2, '', 'Biaya Transportasi PP Bogor - Jakarta', '', '', '', 550000, 0, 0, 0),
(487, 261, 574, 675, 2, '', 'Biaya Transportasi PP Bogor - Jakarta', '', '', '', 550000, 0, 0, 0),
(488, 261, 578, 676, 2, '', 'Biaya Transportasi PP Bogor - Jakarta', '', '', '', 550000, 0, 0, 0),
(489, 261, 581, 677, 2, '', 'Biaya Transportasi PP Bogor - Jakarta', '', '', '', 550000, 0, 0, 0),
(490, 261, 582, 678, 2, '', 'Biaya Transportasi PP Bogor - Jakarta', '', '', '', 550000, 0, 0, 0),
(491, 261, 579, 679, 2, '', 'Biaya Transportasi PP Bogor - Jakarta', '', '', '', 550000, 0, 0, 0),
(492, 261, 580, 680, 2, '', 'Biaya Transportasi PP Bogor - Jakarta', '', '', '', 550000, 0, 0, 0),
(493, 267, 172, 684, 1, '', 'Penginapan', 'Taxi Bogor PP', 'Taxi Cilacap PP', '', 1458000, 550000, 150000, 0),
(494, 267, 462, 685, 1, '', 'Penginapan', 'Taxi Bogor PP', 'Taxi Cilacap PP', '', 1458000, 550000, 150000, 0),
(495, 267, 173, 686, 1, '', 'Penginapan', 'Taxi Bogor PP', 'Taxi Cilacap PP', '', 1458000, 550000, 150000, 0),
(496, 267, 461, 687, 1, '', 'Penginapan', 'Taxi Bogor PP', 'Taxi Cilacap PP', '', 1458000, 550000, 150000, 0),
(497, 267, 157, 688, 1, '', 'Penginapan', 'Taxi Bogor PP', 'Taxi Cilacap PP', '', 2862000, 550000, 150000, 0),
(498, 78, 280, 647, 2, '', 'Penginapan', 'Taxi Bogor PP', 'Taxi Yogyakarta PP', '', 2400000, 650000, 0, 0),
(499, 78, 282, 648, 2, '', 'Penginapan', 'Taxi Bogor PP', 'Taxi Yogyakarta PP', '', 1690000, 0, 0, 0),
(500, 78, 281, 649, 2, '', 'Penginapan', 'Taxi Bogor PP', 'Taxi Yogyakarta PP', '', 1690000, 650000, 0, 0),
(501, 78, 503, 650, 2, '', 'Penginapan', 'Taxi Bogor PP', 'Taxi Yogyakarta PP', '', 1690000, 650000, 0, 0),
(502, 281, 517, 693, 4, '', 'Penginapan', 'Taxi Bogor-Bandara Soetta PP', 'Taxi Aceh Bandara-Tempat Kegiatan PP', '', 1110000, 650000, 240000, 0),
(503, 281, 548, 694, 4, '', 'Penginapan', 'Taxi Bogor - Bandara Soetta PP', 'Taxi Aceh Bandara-Tempat Kegiatan PP', '', 1110000, 650000, 240000, 0),
(504, 281, 549, 695, 4, '', 'Penginapan', 'Taxi Bogor - Bandara Soetta PP', 'Taxi Aceh Bandara-Tempat Kegiatan PP', '', 1110000, 650000, 240000, 0),
(505, 281, 92, 696, 4, '', 'Penginapan', 'Taxi Bogor - Bandara Soetta PP', 'Taxi Aceh Bandara-Tempat Kegiatan PP', '', 1110000, 650000, 240000, 0),
(506, 281, 118, 697, 4, '', 'Penginapan', 'Taxi Bogor - Bandara Soetta PP', 'Taxi Aceh Bandara-Tempat Kegiatan PP', '', 1110000, 650000, 240000, 0),
(507, 284, 118, 698, 4, '', 'Penginapan', 'Transport Bogor-Bandung PP', '', '', 1710000, 370000, 0, 0),
(508, 284, 547, 699, 4, '', 'Penginapan', 'Transport Bogor-Bandung PP', '', '', 1710000, 370000, 0, 0),
(509, 284, 517, 700, 4, '', 'Penginapan', 'Transport Bogor-Bandung PP', '', '', 1710000, 370000, 0, 0),
(510, 284, 86, 701, 4, '', 'Penginapan', 'Transport Bogor-Bandung PP', '', '', 1710000, 370000, 0, 0);
INSERT INTO `tb_riil` (`id_riil`, `id_spd`, `id_peg`, `id_rincian`, `id_satker`, `id_user`, `uraian1`, `uraian2`, `uraian3`, `uraian4`, `jml1`, `jml2`, `jml3`, `jml4`) VALUES
(511, 284, 108, 702, 4, '', 'Penginapan', 'Transport Bogor-Bandung PP', '', '', 1710000, 370000, 0, 0),
(512, 199, 308, 651, 2, '', 'Transport Bogor - Jakarta PP', '', '', '', 550000, 0, 0, 0),
(513, 199, 307, 704, 2, '', 'Transport Bogor - Jakarta PP', '', '', '', 550000, 0, 0, 0),
(514, 199, 317, 442, 2, '', 'Transport Bogor - Jakarta PP', '', '', '', 550000, 0, 0, 0),
(515, 199, 324, 443, 2, '', 'Transport Bogor - Jakarta PP', '', '', '', 550000, 0, 0, 0),
(516, 199, 328, 444, 2, '', 'Transport Bogor - Jakarta PP', '', '', '', 550000, 0, 0, 0),
(517, 199, 501, 445, 2, '', 'Transport Bogor - Jakarta PP', '', '', '', 550000, 0, 0, 0),
(518, 199, 502, 446, 2, '', 'Transport Bogor - Jakarta PP', '', '', '', 550000, 0, 0, 0),
(519, 285, 315, 703, 2, '', 'Transport Bogor - Jakarta PP', '', '', '', 550000, 0, 0, 0),
(520, 198, 320, 448, 2, '', 'Transport Bogor - Jakarta PP', '', '', '', 550000, 0, 0, 0),
(521, 198, 319, 447, 2, '', 'Transport Bogor - Jakarta PP', '', '', '', 550000, 0, 0, 0),
(522, 198, 326, 449, 2, '', 'Transport Bogor - Jakarta PP', '', '', '', 550000, 0, 0, 0),
(523, 198, 353, 450, 2, '', 'Transport Bogor - Jakarta PP', '', '', '', 550000, 0, 0, 0),
(524, 198, 311, 451, 2, '', 'Transport Bogor - Jakarta PP', 'Taxi Bogor PP', 'Taxi Jakarta PP', '', 550000, 0, 0, 0),
(525, 198, 85, 452, 2, '', 'Transport Bogor - Jakarta PP', '', '', '', 550000, 0, 0, 0),
(526, 198, 273, 705, 2, '', 'Transport Bogor - Jakarta PP', '', '', '', 550000, 0, 0, 0),
(527, 202, 282, 706, 2, '', 'Transport Bogor - Jakarta PP', '', '', '', 550000, 0, 0, 0),
(528, 202, 88, 711, 2, '', 'Transport Bogor - Jakarta PP', '', '', '', 550000, 0, 0, 0),
(529, 202, 700, 713, 2, '', 'Transport Bogor - Jakarta PP', '', '', '', 550000, 0, 0, 0),
(530, 202, 699, 714, 2, '', 'Transport Bogor - Jakarta PP', '', '', '', 550000, 0, 0, 0),
(531, 202, 705, 715, 2, '', 'Transport Bogor - Jakarta PP', '', '', '', 550000, 0, 0, 0),
(532, 290, 315, 707, 2, '', 'Transportasi Bandara PP', '', '', '', 650000, 0, 0, 0),
(533, 290, 81, 708, 2, '', 'Transportasi Bandara PP', '', '', '', 650000, 0, 0, 0),
(534, 290, 316, 709, 2, '', 'Transportasi Bandara PP', '', '', '', 650000, 0, 0, 0),
(535, 290, 91, 710, 2, '', 'Transportasi Bandara PP', '', '', '', 650000, 0, 0, 0),
(536, 290, 321, 712, 2, '', 'Transportasi Bandara PP', '', '', '', 650000, 0, 0, 0),
(537, 303, 123, 726, 4, '', 'Penginapan', 'Transport Bogor - Jakarta', 'Transport Jakarta - Bogor', '', 0, 275000, 275000, 0),
(538, 303, 108, 727, 4, '', 'Penginapan', 'Transport Bogor - Jakarta', 'Transport Jakarta - Bogor', '', 0, 275000, 275000, 0),
(539, 303, 103, 732, 4, '', 'Penginapan', 'Transport Bogor - Jakarta', 'Transport Jakarta - Bogor', '', 0, 275000, 275000, 0),
(540, 167, 237, 740, 1, '', 'Uang Harian', 'Penginapan', 'Uang Transport Bogor-Bandung', '', 1290000, 1140000, 332000, 0),
(541, 315, 238, 745, 1, '', 'Uang Harian Panitia', 'Uang Transport Jakarta', 'Paket Fullday', '', 130000, 550000, 430000, 0),
(542, 315, 236, 746, 1, '', 'Uang Transport Jakarta', '', '', '', 550000, 0, 0, 0),
(543, 198, 322, 749, 4, '0', 'Taxi Bogor-Jakarta PP', '', '', '', 550000, 0, 0, 0),
(544, 198, 70, 722, 4, '0', 'Taxi Bogor-Jakarta PP', '', '', '', 550000, 0, 0, 0),
(545, 317, 710, 750, 4, '', 'Penginapan', 'Taxi Bogor PP', 'Taxi Surabaya PP', '', 1894860, 650000, 388000, 0),
(546, 317, 24, 751, 4, '', 'Penginapan', 'Taxi Bogor PP', 'Taxi Surabaya PP', '', 1894860, 650000, 388000, 0),
(547, 317, 707, 752, 4, '', 'Penginapan', 'Taxi Bogor PP', 'Taxi Surabaya PP', '', 1894860, 650000, 388000, 0);

-- --------------------------------------------------------

--
-- Table structure for table `tb_rincian`
--

CREATE TABLE `tb_rincian` (
  `id_rincian` int(11) NOT NULL,
  `id_spd` int(11) NOT NULL,
  `id_peg` int(11) NOT NULL,
  `id_user` varchar(50) NOT NULL DEFAULT '',
  `jml_inap` int(11) NOT NULL,
  `nilai_inap` double NOT NULL,
  `ket_inap` varchar(255) NOT NULL,
  `jml_berangkat` int(11) NOT NULL,
  `nilai_berangkat` double NOT NULL,
  `ket_berangkat` varchar(255) NOT NULL,
  `jml_kembali` int(11) NOT NULL,
  `nilai_kembali` double NOT NULL,
  `ket_kembali` varchar(255) NOT NULL,
  `jml_taxi_berangkat` int(11) NOT NULL,
  `nilai_taxi_berangkat` double NOT NULL,
  `ket_taxi_berangkat` varchar(255) NOT NULL,
  `jml_taxi_kembali` int(11) NOT NULL,
  `nilai_taxi_kembali` double NOT NULL,
  `ket_taxi_kembali` varchar(255) NOT NULL,
  `jml_harian` int(11) NOT NULL,
  `nilai_harian` double NOT NULL,
  `ket_harian` varchar(255) NOT NULL,
  `jml_harian1` int(11) NOT NULL,
  `nilai_harian1` double NOT NULL,
  `ket_harian1` varchar(255) NOT NULL,
  `jml_saku` int(11) NOT NULL,
  `nilai_saku` double NOT NULL,
  `ket_saku` varchar(255) NOT NULL,
  `jml_saku2` int(11) NOT NULL DEFAULT '0',
  `nilai_saku2` double NOT NULL DEFAULT '0',
  `ket_saku2` varchar(50) NOT NULL DEFAULT '0',
  `nilai_saku3` int(11) NOT NULL DEFAULT '0',
  `jml_saku3` double NOT NULL DEFAULT '0',
  `ket_saku3` varchar(50) NOT NULL DEFAULT '0',
  `uraian_lain` varchar(255) NOT NULL,
  `jml_lain` int(11) NOT NULL,
  `nilai_lain` double NOT NULL,
  `ket_lain` varchar(255) NOT NULL,
  `jml_pasport` int(11) NOT NULL,
  `nilai_pasport` double NOT NULL,
  `ket_pasport` varchar(255) NOT NULL,
  `jml_reprentasi` int(11) NOT NULL,
  `nilai_reprentasi` double NOT NULL,
  `ket_reprentasi` varchar(255) NOT NULL,
  `uang_muka` double NOT NULL,
  `total` double NOT NULL,
  `id_satker` int(11) DEFAULT NULL,
  `jml_harian2` double DEFAULT NULL,
  `nilai_harian2` double DEFAULT NULL,
  `ket_harian2` varchar(50) DEFAULT NULL
) ENGINE=InnoDB DEFAULT CHARSET=latin1;

--
-- Dumping data for table `tb_rincian`
--

INSERT INTO `tb_rincian` (`id_rincian`, `id_spd`, `id_peg`, `id_user`, `jml_inap`, `nilai_inap`, `ket_inap`, `jml_berangkat`, `nilai_berangkat`, `ket_berangkat`, `jml_kembali`, `nilai_kembali`, `ket_kembali`, `jml_taxi_berangkat`, `nilai_taxi_berangkat`, `ket_taxi_berangkat`, `jml_taxi_kembali`, `nilai_taxi_kembali`, `ket_taxi_kembali`, `jml_harian`, `nilai_harian`, `ket_harian`, `jml_harian1`, `nilai_harian1`, `ket_harian1`, `jml_saku`, `nilai_saku`, `ket_saku`, `jml_saku2`, `nilai_saku2`, `ket_saku2`, `nilai_saku3`, `jml_saku3`, `ket_saku3`, `uraian_lain`, `jml_lain`, `nilai_lain`, `ket_lain`, `jml_pasport`, `nilai_pasport`, `ket_pasport`, `jml_reprentasi`, `nilai_reprentasi`, `ket_reprentasi`, `uang_muka`, `total`, `id_satker`, `jml_harian2`, `nilai_harian2`, `ket_harian2`) VALUES
(1, 2, 262, 'binmas1', 0, 610000, '', 0, 4500000, '', 0, 4500000, '', 5, 0, '', 5, 650000, '', 4, 530000, '', 0, 0, '', 0, 180000, '', 0, 180000, '', 180000, 0, '', '', 0, 0, '', 0, 0, '', 0, 0, '', 0, 5370000, 1, NULL, NULL, NULL),
(6, 3, 338, 'anev1', 0, 610000, '', 0, 4500000, '', 0, 4500000, '', 0, 0, '', 0, 650000, '', 0, 530000, '', 0, 0, '', 0, 180000, '', 0, 180000, '', 180000, 0, '', '', 0, 0, '', 0, 0, '', 0, 0, '', 0, 0, 2, NULL, NULL, NULL),
(7, 15, 347, 'anev1', 0, 0, '', 1, 275000, '', 1, 275000, '', 0, 0, '', 0, 0, '', 0, 0, '', 0, 0, '', 0, 0, '', 0, 0, '', 130000, 1, '', '', 0, 0, '', 0, 0, '', 0, 0, '', 680000, 680000, 2, NULL, NULL, NULL),
(8, 15, 329, 'anev1', 0, 0, '', 1, 275000, '', 1, 275000, '', 0, 0, '', 0, 0, '', 0, 0, '', 0, 0, '', 0, 0, '', 0, 0, '', 0, 0, '', '', 0, 0, '', 0, 0, '', 0, 0, '', 550000, 550000, 2, NULL, NULL, NULL),
(9, 15, 330, 'anev1', 0, 0, '', 1, 275000, '', 1, 275000, '', 0, 0, '', 0, 0, '', 0, 0, '', 0, 0, '', 0, 0, '', 0, 0, '', 130000, 1, '', '', 0, 0, '', 0, 0, '', 0, 0, '', 680000, 680000, 2, NULL, NULL, NULL),
(10, 15, 351, 'anev1', 0, 0, '', 1, 275000, '', 1, 275000, '', 0, 0, '', 0, 0, '', 0, 0, '', 0, 0, '', 0, 0, '', 0, 0, '', 130000, 1, '', '', 0, 0, '', 0, 0, '', 0, 0, '', 680000, 680000, 2, NULL, NULL, NULL),
(11, 15, 343, 'anev1', 0, 0, '', 1, 275000, '', 1, 275000, '', 0, 0, '', 0, 0, '', 0, 0, '', 0, 0, '', 0, 0, '', 0, 0, '', 130000, 1, '', '', 0, 0, '', 0, 0, '', 0, 0, '', 680000, 680000, 2, NULL, NULL, NULL),
(12, 15, 91, 'anev1', 0, 0, '', 1, 275000, '', 1, 275000, '', 0, 0, '', 0, 0, '', 0, 0, '', 0, 0, '', 0, 0, '', 0, 0, '', 130000, 1, '', '', 0, 0, '', 0, 0, '', 0, 0, '', 680000, 680000, 2, NULL, NULL, NULL),
(13, 15, 336, 'anev1', 0, 0, '', 1, 275000, '', 1, 275000, '', 0, 0, '', 0, 0, '', 0, 0, '', 0, 0, '', 0, 0, '', 0, 0, '', 130000, 1, '', '', 0, 0, '', 0, 0, '', 0, 0, '', 680000, 680000, 2, NULL, NULL, NULL),
(14, 16, 500, 'pamling1', 2, 570000, '', 1, 350000, '', 1, 350000, '', 1, 550000, '', 0, 166000, '', 3, 430000, '', 0, 0, '', 0, 150000, '', 0, 150000, '', 150000, 0, '', '', 0, 0, '', 0, 0, '', 0, 0, '', 3680000, 3680000, 1, NULL, NULL, NULL),
(15, 16, 254, 'pamling1', 2, 1800000, '', 1, 350000, '', 1, 350000, '', 1, 550000, '', 0, 166000, '', 3, 430000, '', 0, 0, '', 0, 150000, '', 0, 150000, '', 150000, 0, '', '', 0, 0, '', 0, 0, '', 0, 0, '', 0, 6140000, 1, NULL, NULL, NULL),
(17, 16, 223, 'pamling1', 2, 1000000, '', 1, 350000, '', 1, 350000, '', 1, 550000, '', 0, 166000, '', 3, 430000, '', 0, 0, '', 0, 150000, '', 0, 150000, '', 150000, 0, '', '', 0, 0, '', 0, 0, '', 0, 0, '', 0, 4540000, 1, NULL, NULL, NULL),
(18, 16, 224, 'pamling1', 2, 570000, '', 1, 350000, '', 1, 350000, '', 1, 550000, '', 0, 166000, '', 3, 430000, '', 0, 0, '', 0, 150000, '', 0, 150000, '', 150000, 0, '', '', 0, 0, '', 0, 0, '', 0, 0, '', 0, 3680000, 1, NULL, NULL, NULL),
(19, 16, 227, 'pamling1', 2, 570000, '', 1, 350000, '', 1, 350000, '', 1, 550000, '', 0, 166000, '', 3, 430000, '', 0, 0, '', 0, 150000, '', 0, 150000, '', 150000, 0, '', '', 0, 0, '', 0, 0, '', 0, 0, '', 0, 3680000, 1, NULL, NULL, NULL),
(20, 16, 231, 'pamling1', 2, 570000, '', 1, 350000, '', 1, 350000, '', 1, 550000, '', 0, 166000, '', 3, 430000, '', 0, 0, '', 0, 150000, '', 0, 150000, '', 150000, 0, '', '', 0, 0, '', 0, 0, '', 0, 0, '', 0, 3680000, 1, NULL, NULL, NULL),
(21, 16, 408, 'pamling1', 2, 570000, '', 1, 350000, '', 1, 350000, '', 1, 550000, '', 0, 166000, '', 3, 430000, '', 0, 0, '', 0, 150000, '', 0, 150000, '', 150000, 0, '', '', 0, 0, '', 0, 0, '', 0, 0, '', 0, 3680000, 1, NULL, NULL, NULL),
(22, 16, 497, 'pamling1', 2, 1800000, '', 1, 350000, '', 1, 350000, '', 1, 550000, '', 0, 166000, '', 3, 430000, '', 0, 0, '', 0, 150000, '', 0, 150000, '', 150000, 0, '', '', 0, 0, '', 0, 0, '', 0, 0, '', 0, 6140000, 1, NULL, NULL, NULL),
(24, 17, 273, 'sisop1', 0, 570000, '', 1, 275000, '', 1, 275000, '', 0, 0, '', 0, 0, '', 2, 430000, 'Dikurangi 1 Hari Sebagai Narasumber', 0, 0, '', 0, 0, '', 0, 0, '', 150000, 1, '', 'Representasi', 3, 150000, '', 0, 0, '', 0, 0, '', 0, 1860000, 2, NULL, NULL, NULL),
(25, 34, 140, 'inspek1', 2, 745000, '', 1, 150000, 'Kereta', 1, 150000, '', 1, 550000, 'Ke Stasiun Gambir (PP)', 1, 332000, 'Stasiun di Bandung (PP)', 3, 430000, '', 0, 0, '', 0, 0, '', 0, 0, '', 0, 0, '', 'Representatif', 0, 0, '', 0, 0, '', 0, 0, '', 0, 3962000, 4, NULL, NULL, NULL),
(26, 34, 142, 'inspek1', 2, 745000, '', 1, 150000, 'Kereta', 1, 150000, 'Kereta', 1, 550000, 'Ke Stasiun Gambir (PP)', 1, 332000, 'Stasiun di Bandung (PP)', 3, 430000, '', 0, 0, '', 0, 0, '', 0, 0, '', 0, 0, '', 'Representatif', 0, 0, '', 0, 0, '', 0, 0, '', 0, 3962000, 4, NULL, NULL, NULL),
(27, 31, 340, 'hubal1', 4, 281250, '', 1, 415000, '', 1, 300000, '', 1, 550000, '', 0, 0, '', 3, 370000, '', 0, 0, '', 0, 0, '', 1, 95000, '', 130000, 1, '', '', 0, 0, '', 0, 0, '', 0, 0, '', 3725000, 3725000, 2, NULL, NULL, NULL),
(28, 30, 308, 'latih1', 2, 610000, '2 Malam', 1, 275000, '', 1, 275000, '', 0, 0, '', 0, 0, '', 3, 530000, '', 0, 0, '', 0, 0, '', 0, 0, '', 0, 0, '', '', 0, 0, '', 0, 0, '', 0, 0, '', 3360000, 3360000, 2, NULL, NULL, NULL),
(29, 30, 288, 'latih1', 2, 610000, '2 Malam', 1, 275000, '', 1, 275000, '', 0, 0, '', 0, 0, '', 3, 530000, '', 0, 0, '', 0, 180000, '', 0, 180000, '', 180000, 0, '', '', 0, 0, '', 0, 0, '', 0, 0, '', 3360000, 3360000, 2, NULL, NULL, NULL),
(31, 30, 317, 'latih1', 2, 610000, '2 Malam', 1, 275000, '', 1, 275000, '', 0, 0, '', 0, 0, '', 3, 530000, '', 0, 0, '', 0, 0, '', 0, 0, '', 0, 0, '', '', 0, 0, '', 0, 0, '', 0, 0, '', 3360000, 3360000, 2, NULL, NULL, NULL),
(33, 30, 324, 'latih1', 2, 610000, '2 Malam', 1, 275000, '', 1, 275000, '', 0, 0, '', 0, 0, '', 3, 530000, '', 0, 0, '', 0, 180000, '', 0, 180000, '', 180000, 0, '', '', 0, 0, '', 0, 0, '', 0, 0, '', 3360000, 3360000, 2, NULL, NULL, NULL),
(34, 30, 328, 'latih1', 2, 610000, '2 Malam', 1, 275000, '', 1, 275000, '', 0, 0, '', 0, 0, '', 3, 530000, '', 0, 0, '', 0, 180000, '', 0, 180000, '', 180000, 0, '', '', 0, 0, '', 0, 0, '', 0, 0, '', 3360000, 3360000, 2, NULL, NULL, NULL),
(35, 52, 118, 'rumga2', 2, 764000, '2 Malam', 0, 0, '', 0, 0, '', 1, 550000, 'Bogor-Bandara Soetta PP', 1, 480000, 'Bandara Gorontalo-Tempat Kegiatan PP', 3, 370000, '', 0, 0, '', 0, 0, '', 0, 0, '', 0, 0, '', '', 0, 0, '', 0, 0, '', 0, 0, '', 3668000, 3668000, 4, NULL, NULL, NULL),
(36, 52, 549, 'rumga2', 2, 764000, '2 Malam', 0, 0, '', 0, 0, '', 1, 550000, 'Bogor-Bandara Soetta PP', 1, 480000, 'Bandara Gorontalo-Tempat Kegiatan PP', 3, 370000, '', 0, 0, '', 0, 0, '', 0, 0, '', 0, 0, '', '', 4, 0, '', 0, 0, '', 0, 0, '', 3668000, 3668000, 4, NULL, NULL, NULL),
(37, 52, 547, 'rumga2', 2, 764000, '2 Malam', 0, 0, '', 0, 0, '', 1, 550000, 'Bogor-Bandara Soetta PP', 1, 480000, 'Bandara Gorontalo-Tempat Kegiatan PP', 3, 370000, '', 0, 0, '', 0, 0, '', 0, 0, '', 0, 0, '', '', 0, 0, '', 0, 0, '', 0, 0, '', 3668000, 3668000, 4, NULL, NULL, NULL),
(38, 52, 517, 'rumga2', 2, 764000, '2 Malam', 0, 0, '', 0, 0, '', 1, 550000, 'Bogor-Bandara Soetta PP', 1, 480000, 'Bandara Gorontalo-Tempat Kegiatan PP', 3, 370000, '', 0, 0, '', 0, 0, '', 0, 0, '', 0, 0, '', '', 0, 0, '', 0, 0, '', 0, 0, '', 3668000, 3668000, 4, NULL, NULL, NULL),
(41, 31, 353, 'hubal1', 4, 225000, '', 1, 415000, '', 1, 300000, '', 1, 550000, '', 0, 0, '', 3, 370000, '', 0, 0, '', 0, 0, '', 1, 95000, '', 130000, 1, '', 'Representatif', 0, 0, '', 0, 0, '', 0, 0, '', 3500000, 3500000, 2, NULL, NULL, NULL),
(42, 31, 345, 'hubal1', 4, 225000, '', 1, 415000, '', 1, 300000, '', 1, 550000, '', 0, 0, '', 3, 370000, '', 0, 0, '', 0, 0, '', 1, 95000, '', 130000, 1, '', 'Representatif', 0, 0, '', 0, 0, '', 0, 0, '', 3500000, 3500000, 2, NULL, NULL, NULL),
(43, 57, 408, 'kontra1', 2, 350000, '', 1, 1790712, '', 1, 1790712, '', 1, 650000, '', 0, 0, '', 3, 380000, '', 0, 0, '', 0, 0, '', 0, 0, '', 0, 0, '', '', 0, 0, '', 0, 0, '', 0, 0, '', 0, 6071424, 1, NULL, NULL, NULL),
(44, 57, 410, 'kontra1', 2, 350000, '', 1, 1790712, '', 1, 1790712, '', 1, 650000, '', 0, 0, '', 3, 380000, '', 0, 0, '', 0, 0, '', 0, 0, '', 0, 0, '', '', 0, 0, '', 0, 0, '', 0, 0, '', 0, 6071424, 1, NULL, NULL, NULL),
(45, 58, 396, 'amerop1', 0, 0, '', 1, 106248703, '', 0, 0, '', 0, 0, '', 0, 0, '', 4, 7219200, 'Tarif: $512, Kurs: Rp.14,100', 1, 2887680, 'Tarif: $512, Kurs: Rp.14,100', 0, 0, '', 0, 0, '0', 0, 0, '0', '', 0, 0, '', 0, 0, '', 0, 0, '', 138013183, 138013183, 3, 0, 0, ''),
(46, 58, 366, 'amerop1', 0, 0, '', 1, 24459061, '', 0, 0, '', 0, 0, '', 0, 0, '', 4, 5724600, 'Tarif: $406, Kurs: Rp.14,100', 1, 2289840, 'Tarif: $406, Kurs: Rp.14,100', 0, 0, '', 0, 0, '0', 0, 0, '0', '', 0, 0, '', 0, 0, '', 0, 0, '', 49647301, 49647301, 3, 0, 0, ''),
(47, 59, 87, 'rumga2', 0, 0, '', 1, 275000, '', 1, 275000, '', 0, 0, '', 0, 0, '', 1, 530000, '', 0, 0, '', 0, 0, '', 0, 0, '', 0, 0, '', '', 0, 0, '', 0, 0, '', 0, 0, '', 1080000, 1080000, 4, NULL, NULL, NULL),
(48, 59, 85, 'rumga2', 0, 0, '', 1, 275000, '', 1, 275000, '', 0, 0, '', 0, 0, '', 1, 530000, '', 0, 0, '', 0, 0, '', 0, 0, '', 0, 0, '', '', 0, 0, '', 0, 0, '', 0, 0, '', 1080000, 1080000, 4, NULL, NULL, NULL),
(49, 59, 101, 'rumga2', 0, 0, '', 1, 275000, '', 1, 275000, '', 0, 0, '', 0, 0, '', 1, 530000, '', 0, 0, '', 0, 0, '', 0, 0, '', 0, 0, '', '', 0, 0, '', 0, 0, '', 0, 0, '', 1080000, 1080000, 4, NULL, NULL, NULL),
(50, 61, 84, 'rumga2', 0, 0, '', 1, 275000, '', 1, 275000, '', 0, 0, '', 0, 0, '', 1, 530000, '', 0, 0, '', 0, 0, '', 0, 0, '', 0, 0, '', '', 0, 0, '', 0, 0, '', 0, 0, '', 1080000, 1080000, 4, NULL, NULL, NULL),
(51, 61, 85, 'rumga2', 0, 0, '', 1, 275000, '', 1, 275000, '', 0, 0, '', 0, 0, '', 1, 530000, '', 0, 0, '', 0, 0, '', 0, 0, '', 0, 0, '', '', 0, 0, '', 0, 0, '', 0, 0, '', 1080000, 1080000, 4, NULL, NULL, NULL),
(52, 61, 108, 'rumga2', 0, 0, '', 1, 550000, '', 1, 550000, '', 0, 0, '', 0, 0, '', 2, 530000, '', 0, 0, '', 0, 0, '', 0, 0, '', 0, 0, '', '', 0, 0, '', 0, 0, '', 0, 0, '', 2160000, 2160000, 4, NULL, NULL, NULL),
(53, 61, 87, 'rumga2', 0, 0, '', 1, 550000, '', 1, 550000, '', 0, 0, '', 0, 0, '', 2, 530000, '', 0, 0, '', 0, 0, '', 0, 0, '', 0, 0, '', '', 0, 0, '', 0, 0, '', 0, 0, '', 2610000, 2160000, 4, NULL, NULL, NULL),
(54, 61, 121, 'rumga2', 0, 0, '', 1, 550000, '', 1, 550000, '', 0, 0, '', 0, 0, '', 2, 530000, '', 0, 0, '', 0, 0, '', 0, 0, '', 0, 0, '', '', 0, 0, '', 0, 0, '', 0, 0, '', 2610000, 2160000, 4, NULL, NULL, NULL),
(55, 61, 120, 'rumga2', 0, 0, '', 1, 550000, '', 1, 550000, '', 0, 0, '', 0, 0, '', 2, 530000, '', 0, 0, '', 0, 0, '', 0, 0, '', 0, 0, '', '', 0, 0, '', 0, 0, '', 0, 0, '', 2160000, 2160000, 4, NULL, NULL, NULL),
(57, 63, 151, 'roum', 0, 0, '', 0, 0, '', 0, 0, '', 0, 0, '', 0, 0, '', 1, 530000, '', 0, 0, '', 0, 0, '', 0, 0, '', 0, 0, '', 'Representatif', 1, 150000, '', 0, 0, '', 0, 0, '', 0, 680000, 4, NULL, NULL, NULL),
(58, 63, 518, 'roum', 0, 0, '', 0, 0, '', 0, 0, '', 0, 0, '', 0, 0, '', 1, 530000, '', 0, 0, '', 0, 0, '', 0, 0, '', 0, 0, '', '', 0, 0, '', 0, 0, '', 0, 0, '', 0, 530000, 4, NULL, NULL, NULL),
(59, 63, 423, 'roum', 0, 0, '', 0, 0, '', 0, 0, '', 0, 0, '', 0, 0, '', 1, 530000, '', 0, 0, '', 0, 0, '', 0, 0, '', -3, 0, '', '', 0, 0, '', 0, 0, '', 0, 0, '', 0, 530000, 4, NULL, NULL, NULL),
(60, 63, 155, 'roum', 0, 0, '', 0, 0, '', 0, 0, '', 0, 0, '', 0, 0, '', 1, 530000, '', 0, 0, '', 0, 0, '', 0, 0, '', 0, 0, '', '', 0, 0, '', 0, 0, '', 0, 0, '', 0, 530000, 4, NULL, NULL, NULL),
(61, 64, 550, '', 0, 0, '', 1, 197467171, '', 0, 0, '', 0, 0, '', 0, 0, '', 5, 5180000, '$ 332 Rp 14.000,-', 3, 2072000, '', 0, 0, '', 0, 0, '0', 0, 0, '0', '', 0, 0, '', 0, 0, '', 0, 0, '', 0, 229583171, 3, 0, 0, ''),
(62, 64, 368, '', 0, 0, '', 1, 55928504, '', 0, 0, '', 0, 0, '', 0, 0, '', 5, 4648000, '$ 332 Rp 14.000,-', 3, 1859200, '', 0, 0, '', 0, 0, '0', 0, 0, '0', '', 0, 0, '', 0, 0, '', 0, 0, '', 0, 84746104, 3, 0, 0, ''),
(63, 64, 378, '', 0, 0, '', 1, 55928504, '', 0, 0, '', 0, 0, '', 0, 0, '', 5, 4116000, '$ 294 Rp 14.000,-', 3, 1646400, '', 0, 0, '', 0, 0, '0', 0, 0, '0', '', 0, 0, '', 0, 0, '', 0, 0, '', 0, 81447704, 3, 0, 0, ''),
(64, 64, 372, '', 0, 0, '', 1, 55928504, '', 0, 0, '', 0, 0, '', 0, 0, '', 5, 4116000, '$ 294 Rp 14.000,-', 3, 1646400, '', 0, 0, '', 0, 0, '0', 0, 0, '0', '', 0, 0, '', 0, 0, '', 0, 0, '', 0, 81447704, 3, 0, 0, ''),
(65, 65, 413, 'kontra1', 0, 0, '', 1, 550000, '', 0, 0, '', 0, 0, '', 0, 0, '', 0, 0, '', 0, 0, '', 0, 0, '', 0, 0, '', 0, 0, '', '', 0, 0, '', 0, 0, '', 0, 0, '', 0, 550000, 1, NULL, NULL, NULL),
(66, 65, 203, 'kontra1', 0, 0, '', 0, 0, '', 0, 0, '', 1, 550000, '', 0, 0, '', 0, 0, '', 0, 0, '', 0, 0, '', 0, 0, '', 0, 0, '', '', 0, 0, '', 0, 0, '', 0, 0, '', 0, 550000, 1, NULL, NULL, NULL),
(67, 66, 196, 'kontra1', 0, 0, '', 1, 550000, '', 0, 0, '', 0, 0, '', 0, 0, '', 0, 0, '', 0, 0, '', 0, 0, '', 0, 0, '', 0, 0, '', '', 0, 0, '', 0, 0, '', 0, 0, '', 0, 550000, 1, NULL, NULL, NULL),
(68, 66, 200, 'kontra1', 0, 0, '', 1, 550000, '', 0, 0, '', 0, 0, '', 0, 0, '', 0, 0, '', 0, 0, '', 0, 0, '', 0, 0, '', 0, 0, '', '', 0, 0, '', 0, 0, '', 0, 0, '', 0, 550000, 1, NULL, NULL, NULL),
(69, 28, 188, 'binmas1', 0, 610000, '', 3, 275000, '', 3, 275000, '', 0, 0, '', 0, 650000, '', 3, 530000, '', 0, 0, '', 0, 180000, '', 0, 180000, '', 180000, 0, '', '', 0, 0, '', 0, 0, '', 0, 0, '', 0, 3240000, 1, NULL, NULL, NULL),
(70, 68, 329, 'anev1', 0, 610000, '', 1, 275000, '', 1, 275000, '', 0, 0, '', 0, 650000, '', 0, 530000, '', 0, 0, '', 0, 180000, '', 0, 180000, '', 180000, 0, '', '', 0, 0, '', 0, 0, '', 0, 0, '', 550000, 550000, 2, NULL, NULL, NULL),
(71, 68, 347, 'anev1', 0, 610000, '', 1, 275000, '', 1, 275000, '', 0, 0, '', 0, 650000, '', 0, 529930, '', 0, 0, '', 0, 180000, '', 0, 180000, '', 130000, 1, '', '', 0, 0, '', 0, 0, '', 0, 0, '', 680000, 680000, 2, NULL, NULL, NULL),
(72, 67, 425, 'kontra1', 0, 0, '', 1, 300000, '', 0, 0, '', 0, 0, '', 0, 0, '', 0, 0, '', 0, 0, '', 1, 105000, '', 0, 0, '', 0, 0, '', '', 0, 0, '', 0, 0, '', 0, 0, '', 0, 405000, 1, NULL, NULL, NULL),
(73, 68, 330, 'anev1', 0, 610000, '', 1, 275000, '', 1, 275000, '', 0, 0, '', 0, 650000, '', 0, 530000, '', 0, 0, '', 0, 180000, '', 0, 180000, '', 130000, 1, '', '', 0, 0, '', 0, 0, '', 0, 0, '', 680000, 680000, 2, NULL, NULL, NULL),
(74, 68, 275, 'anev1', 0, 610000, '', 1, 275000, '', 1, 275000, '', 0, 0, '', 0, 650000, '', 0, 530000, '', 0, 0, '', 0, 180000, '', 0, 180000, '', 130000, 1, '', '', 0, 0, '', 0, 0, '', 0, 0, '', 680000, 680000, 2, NULL, NULL, NULL),
(75, 68, 351, 'anev1', 0, 610000, '', 1, 275000, '', 1, 275000, '', 0, 0, '', 0, 650000, '', 0, 530000, '', 0, 0, '', 0, 180000, '', 0, 180000, '', 130000, 1, '', '', 0, 0, '', 0, 0, '', 0, 0, '', 680000, 680000, 2, NULL, NULL, NULL),
(76, 68, 336, 'anev1', 0, 610000, '', 1, 275000, '', 1, 275000, '', 0, 0, '', 0, 650000, '', 0, 530000, '', 0, 0, '', 0, 180000, '', 0, 180000, '', 130000, 1, '', '', 0, 0, '', 0, 0, '', 0, 0, '', 680000, 680000, 2, NULL, NULL, NULL),
(77, 69, 274, 'linkum1', 0, 570000, '', 0, 500000, '', 0, 500000, '', 0, 0, '', 0, 166000, '', 0, 430000, '', 0, 0, '', 0, 150000, '', 0, 150000, '', 150000, 0, '', '', 0, 0, '', 0, 0, '', 0, 0, '', 0, 0, 2, NULL, NULL, NULL),
(78, 69, 346, 'linkum1', 0, 570000, '', 0, 500000, '', 0, 500000, '', 0, 0, '', 0, 166000, '', 0, 430000, '', 0, 0, '', 0, 150000, '', 0, 150000, '', 150000, 0, '', '', 0, 0, '', 0, 0, '', 0, 0, '', 0, 0, 2, NULL, NULL, NULL),
(79, 68, 334, 'anev1', 0, 610000, '', 1, 275000, '', 1, 275000, '', 0, 0, '', 0, 650000, '', 0, 530000, '', 0, 0, '', 0, 180000, '', 0, 180000, '', 130000, 1, '', '', 0, 0, '', 0, 0, '', 0, 0, '', 680000, 680000, 2, NULL, NULL, NULL),
(80, 67, 198, 'kontra1', 0, 0, '', 1, 300000, '', 0, 0, '', 0, 0, '', 0, 0, '', 1, 430000, '', 0, 0, '', 0, 0, '', 0, 0, '', 105000, 1, '', '', 0, 0, '', 0, 0, '', 0, 0, '', 0, 835000, 1, NULL, NULL, NULL),
(81, 67, 199, 'kontra1', 0, 0, '', 1, 300000, '', 0, 0, '', 0, 0, '', 0, 0, '', 1, 430000, '', 0, 0, '', 0, 0, '', 0, 0, '', 105000, 1, '', '', 0, 0, '', 0, 0, '', 0, 0, '', 0, 835000, 1, NULL, NULL, NULL),
(82, 67, 412, 'kontra1', 0, 0, '', 1, 300000, '', 0, 0, '', 0, 0, '', 0, 0, '', 1, 430000, '', 0, 0, '', 0, 0, '', 0, 0, '', 105000, 1, '', '', 0, 0, '', 0, 0, '', 0, 0, '', 0, 835000, 1, NULL, NULL, NULL),
(83, 67, 413, 'kontra1', 0, 0, '', 1, 300000, '', 0, 0, '', 0, 0, '', 0, 0, '', 1, 430000, '', 0, 0, '', 0, 0, '', 0, 0, '', 105000, 1, '', '', 0, 0, '', 0, 0, '', 0, 0, '', 0, 835000, 1, NULL, NULL, NULL),
(84, 67, 205, 'kontra1', 0, 0, '', 1, 300000, '', 0, 0, '', 0, 0, '', 0, 0, '', 1, 430000, '', 0, 0, '', 0, 0, '', 0, 0, '', 105000, 1, '', '', 0, 0, '', 0, 0, '', 0, 0, '', 0, 835000, 1, NULL, NULL, NULL),
(85, 67, 256, 'kontra1', 0, 0, '', 1, 300000, '', 0, 0, '', 0, 0, '', 0, 0, '', 0, 0, '', 0, 0, '', 1, 105000, '', 0, 0, '', 0, 0, '', '', 0, 0, '', 0, 0, '', 0, 0, '', 0, 405000, 1, NULL, NULL, NULL),
(86, 67, 258, 'kontra1', 0, 0, '', 1, 300000, '', 0, 0, '', 0, 0, '', 0, 0, '', 0, 0, '', 0, 0, '', 1, 105000, '', 0, 0, '', 0, 0, '', '', 0, 0, '', 0, 0, '', 0, 0, '', 0, 405000, 1, NULL, NULL, NULL),
(87, 67, 203, 'kontra1', 0, 0, '', 1, 300000, '', 0, 0, '', 0, 0, '', 0, 0, '', 0, 0, '', 0, 0, '', 1, 105000, '', 0, 0, '', 0, 0, '', '', 0, 0, '', 0, 0, '', 0, 0, '', 0, 405000, 1, NULL, NULL, NULL),
(88, 67, 417, 'kontra1', 0, 0, '', 1, 300000, '', 0, 0, '', 0, 0, '', 0, 0, '', 0, 0, '', 0, 0, '', 1, 105000, '', 0, 0, '', 0, 0, '', '', 0, 0, '', 0, 0, '', 0, 0, '', 0, 405000, 1, NULL, NULL, NULL),
(89, 67, 419, 'kontra1', 0, 0, '', 1, 300000, '', 0, 0, '', 0, 0, '', 0, 0, '', 0, 0, '', 0, 0, '', 1, 105000, '', 0, 0, '', 0, 0, '', '', 0, 0, '', 0, 0, '', 0, 0, '', 0, 405000, 1, NULL, NULL, NULL),
(90, 76, 359, 'amerop1', 0, 0, '', 0, 0, '', 0, 0, '', 0, 0, '', 0, 0, '', 0, 0, '', 0, 0, '', 0, 0, '', 0, 0, '0', 0, 0, '0', '', 0, 0, '', 0, 0, '', 0, 0, '', 7872480, 7872480, 3, 7, 1124640, 'Nilai SBM $: 264, Kurs: 14,200'),
(91, 80, 382, 'pwni1', 2, 170000, 'Uang Penginapan 30%', 1, 550000, 'Transpor PP Jakarta-Depok', 0, 0, '', 0, 0, '', 0, 0, '', 3, 430000, 'Uang Harian Selama 3 Hari di Depok', 0, 0, '', 0, 0, '', 0, 0, '', 0, 0, '', '', 0, 0, '', 0, 0, '', 0, 0, '', 0, 2180000, 3, NULL, NULL, NULL),
(92, 80, 385, 'pwni1', 2, 171000, 'Uang Penginapan 30%', 1, 550000, 'Transpor PP Jakarta-Depok', 0, 0, '', 0, 0, '', 0, 0, '', 3, 430000, 'Uang Harian Selama 3 Hari di Depok', 0, 0, '', 0, 0, '', 0, 0, '', 0, 0, '', '', 0, 0, '', 0, 0, '', 0, 0, '', 0, 2182000, 3, NULL, NULL, NULL),
(93, 82, 308, 'latih1', 2, 610000, '', 1, 275000, '', 1, 275000, '', 0, 0, '', 0, 650000, '', 3, 530000, '', 0, 0, '', 0, 180000, '', 0, 180000, '', 180000, 0, '', '', 0, 0, '', 0, 0, '', 0, 0, '', 0, 3360000, 2, NULL, NULL, NULL),
(94, 84, 84, 'rumga2', 1, 850000, '', 1, 275000, '', 1, 275000, '', 0, 0, '', 0, 0, '', 1, 530000, '', 0, 0, '', 0, 0, '', 0, 0, '', 180000, 0, '', '', 0, 0, '', 0, 0, '', 0, 0, '', 2690000, 1930000, 4, NULL, NULL, NULL),
(95, 84, 85, 'rumga2', 1, 475000, '', 1, 275000, '', 1, 275000, '', 0, 0, '', 0, 0, '', 2, 530000, '', 0, 0, '', 0, 0, '', 0, 0, '', 180000, 1, '', '', 0, 0, '', 0, 0, '', 0, 0, '', 2390000, 2265000, 4, NULL, NULL, NULL),
(96, 92, 197, 'kontra1', 0, 0, '', 1, 300000, '', 0, 0, '', 0, 0, '', 0, 0, '', 1, 430000, '', 0, 0, '', 0, 0, '', 0, 0, '', 105000, 1, '', '', 0, 0, '', 0, 0, '', 0, 0, '', 0, 835000, 1, NULL, NULL, NULL),
(97, 100, 41, 'humas1', 0, 0, '', 0, 0, '', 0, 0, '', 1, 650000, 'Bandara Soetta', 1, 150000, 'Bandara Adi Sumarno', 1, 370000, '', 0, 0, '', 0, 0, '', 1, 95000, '', 130000, 2, '', 'Representatif', 0, 0, '', 0, 0, '', 0, 0, '', 0, 1525000, 4, NULL, NULL, NULL),
(98, 70, 62, 'linkum1', 0, 0, '', 1, 275000, '', 1, 275000, '', 0, 0, '', 0, 0, '', 0, 0, '', 0, 0, '', 0, 0, '', 1, 130000, '', 0, 0, '', '', 0, 0, '', 0, 0, '', 0, 0, '', 680000, 680000, 2, NULL, NULL, NULL),
(99, 70, 343, 'linkum1', 0, 0, '', 1, 275000, '', 1, 275000, '', 0, 0, '', 0, 0, '', 0, 0, '', 0, 0, '', 0, 0, '', 1, 130000, '', 0, 0, '', '', 0, 0, '', 0, 0, '', 0, 0, '', 680000, 680000, 2, NULL, NULL, NULL),
(100, 70, 346, 'linkum1', 0, 0, '', 1, 275000, '', 1, 275000, '', 0, 0, '', 0, 0, '', 0, 0, '', 0, 0, '', 0, 0, '', 0, 0, '', 0, 0, '', '', 0, 0, '', 0, 0, '', 0, 0, '', 550000, 550000, 2, NULL, NULL, NULL),
(101, 70, 348, 'linkum1', 0, 0, '', 1, 275000, '', 1, 275000, '', 0, 0, '', 0, 0, '', 0, 0, '', 0, 0, '', 0, 0, '', 0, 0, '', 0, 0, '', '', 0, 0, '', 0, 0, '', 0, 0, '', 550000, 550000, 2, NULL, NULL, NULL),
(102, 70, 350, 'linkum1', 0, 0, '', 1, 275000, '', 1, 275000, '', 0, 0, '', 0, 0, '', 0, 0, '', 0, 0, '', 0, 0, '', 1, 130000, '', 0, 0, '', '', 0, 0, '', 0, 0, '', 0, 0, '', 680000, 680000, 2, NULL, NULL, NULL),
(103, 70, 332, 'linkum1', 0, 0, '', 1, 275000, '', 1, 275000, '', 0, 0, '', 0, 0, '', 0, 0, '', 0, 0, '', 0, 0, '', 1, 130000, '', 0, 0, '', '', 0, 0, '', 0, 0, '', 0, 0, '', 680000, 680000, 2, NULL, NULL, NULL),
(104, 70, 502, 'linkum1', 0, 0, '', 1, 275000, '', 1, 275000, '', 0, 0, '', 0, 0, '', 0, 0, '', 0, 0, '', 0, 0, '', 1, 130000, '', 0, 0, '', '', 0, 0, '', 0, 0, '', 0, 0, '', 680000, 680000, 2, NULL, NULL, NULL),
(105, 70, 338, 'linkum1', 0, 0, '', 1, 275000, '', 1, 275000, '', 0, 0, '', 0, 0, '', 0, 0, '', 0, 0, '', 0, 0, '', 1, 130000, '', 0, 0, '', '', 0, 0, '', 0, 0, '', 0, 0, '', 680000, 680000, 2, NULL, NULL, NULL),
(106, 70, 331, 'linkum1', 0, 0, '', 1, 275000, '', 1, 275000, '', 0, 0, '', 0, 0, '', 0, 0, '', 0, 0, '', 0, 0, '', 1, 130000, '', 0, 0, '', '', 0, 0, '', 0, 0, '', 0, 0, '', 680000, 680000, 2, NULL, NULL, NULL),
(107, 112, 93, 'rumga1', 0, 610000, '', 0, 4500000, '', 0, 4500000, '', 0, 0, '', 10, 550000, '', 0, 530000, '', 0, 0, '', 0, 180000, '', 0, 180000, '', 180000, 0, '', '', 0, 0, '', 0, 0, '', 0, 0, '', 0, 5500000, 4, NULL, NULL, NULL),
(108, 113, 88, 'rumga1', 0, 610000, '', 0, 4500000, '', 0, 4500000, '', 0, 0, '', 10, 550000, '', 0, 530000, '', 0, 0, '', 0, 180000, '', 0, 180000, '', 180000, 0, '', '', 0, 0, '', 0, 0, '', 0, 0, '', 0, 5500000, 4, NULL, NULL, NULL),
(109, 115, 315, 'sisop1', 0, 0, '', 1, 325000, '', 1, 325000, '', 0, 0, '', 0, 0, '', 420000, 3, '', 0, 0, '', 0, 0, '', 0, 0, '', 0, 0, '', '', 0, 0, '', 0, 0, '', 0, 0, '', 0, 1910000, 2, NULL, NULL, NULL),
(110, 115, 316, 'sisop1', 0, 0, '', 325000, 1, '', 275000, 1, '', 0, 0, '', 0, 0, '', 420000, 3, '', 0, 0, '', 0, 0, '', 0, 0, '', 0, 0, '', '', 0, 0, '', 0, 0, '', 0, 0, '', 0, 1860000, 2, NULL, NULL, NULL),
(111, 115, 307, 'sisop1', 0, 0, '', 275000, 1, '', 275000, 1, '', 0, 0, '', 0, 0, '', 420000, 3, '', 0, 0, '', 0, 0, '', 0, 0, '', 0, 0, '', '', 0, 0, '', 0, 0, '', 0, 0, '', 0, 1810000, 2, NULL, NULL, NULL),
(112, 115, 311, 'sisop1', 0, 0, '', 275000, 1, '', 275000, 1, '', 0, 0, '', 0, 0, '', 420000, 3, '', 0, 0, '', 0, 0, '', 0, 0, '', 0, 0, '', '', 0, 0, '', 0, 0, '', 0, 0, '', 0, 1810000, 2, NULL, NULL, NULL),
(113, 115, 318, 'sisop1', 0, 0, '', 275000, 1, '', 325000, 1, '', 0, 0, '', 0, 0, '', 420000, 3, '', 0, 0, '', 0, 0, '', 0, 0, '', 0, 0, '', '', 0, 0, '', 0, 0, '', 0, 0, '', 0, 1860000, 2, NULL, NULL, NULL),
(114, 115, 321, 'sisop1', 0, 0, '', 275000, 1, '', 275000, 1, '', 0, 0, '', 0, 0, '', 420000, 3, '', 0, 0, '', 0, 0, '', 0, 0, '', 0, 0, '', '', 0, 0, '', 0, 0, '', 0, 0, '', 0, 1810000, 2, NULL, NULL, NULL),
(115, 115, 314, 'sisop1', 0, 0, '', 275000, 1, '', 275000, 1, '', 0, 0, '', 0, 0, '', 420000, 3, '', 0, 0, '', 0, 0, '', 0, 0, '', 0, 0, '', '', 0, 0, '', 0, 0, '', 0, 0, '', 0, 1810000, 2, NULL, NULL, NULL),
(116, 115, 326, 'sisop1', 0, 0, '', 275000, 1, '', 275000, 1, '', 0, 0, '', 0, 0, '', 420000, 3, '', 0, 0, '', 0, 0, '', 0, 0, '', 0, 0, '', '', 0, 0, '', 0, 0, '', 0, 0, '', 0, 1810000, 2, NULL, NULL, NULL),
(117, 117, 3, 'dapel1', 0, 0, '', 0, 275000, '', 0, 275000, '', 0, 0, '', 0, 0, '', 0, 530000, '', 0, 0, '', 0, 0, '', 0, 0, '', 0, 0, '', '', 0, 0, '', 0, 0, '', 0, 0, '', 1080000, 0, 4, NULL, NULL, NULL),
(118, 118, 3, 'dapel1', 0, 0, '', 0, 275000, '', 0, 275000, '', 0, 0, '', 0, 0, '', 0, 530000, '', 0, 0, '', 0, 0, '', 0, 0, '', 0, 0, '', '', 0, 0, '', 0, 0, '', 0, 0, '', 1080000, 0, 4, NULL, NULL, NULL),
(119, 119, 253, 'kontra1', 0, 0, '', 0, 0, '', 0, 0, '', 1, 650000, '', 0, 0, '', 0, 0, '', 0, 0, '', 0, 0, '', 0, 0, '', 0, 0, '', '', 0, 0, '', 0, 0, '', 0, 0, '', 0, 650000, 1, NULL, NULL, NULL),
(120, 84, 94, 'rumga2', 1, 475000, '', 1, 275000, '', 1, 275000, '', 0, 0, '', 0, 0, '', 2, 530000, '', 0, 0, '', 0, 0, '', 0, 0, '', 180000, 1, '', '', 0, 0, '', 0, 0, '', 0, 0, '', 2390000, 2265000, 4, NULL, NULL, NULL),
(121, 84, 120, 'rumga2', 1, 475000, '', 1, 275000, '', 1, 275000, '', 0, 0, '', 0, 0, '', 2, 530000, '', 0, 0, '', 0, 0, '', 0, 0, '', 180000, 1, '', '', 0, 0, '', 0, 0, '', 0, 0, '', 2390000, 2265000, 4, NULL, NULL, NULL),
(122, 84, 121, 'rumga2', 1, 475000, '', 1, 275000, '', 1, 275000, '', 0, 0, '', 0, 0, '', 2, 530000, '', 0, 0, '', 0, 0, '', 0, 0, '', 180000, 1, '', '', 0, 0, '', 0, 0, '', 0, 0, '', 2390000, 2265000, 4, NULL, NULL, NULL),
(123, 84, 101, 'rumga2', 1, 475000, '', 1, 275000, '', 1, 275000, '', 0, 0, '', 0, 0, '', 2, 530000, '', 0, 0, '', 0, 0, '', 0, 0, '', 180000, 1, '', '', 0, 0, '', 0, 0, '', 0, 0, '', 2390000, 2265000, 4, NULL, NULL, NULL),
(124, 84, 87, 'rumga2', 1, 475000, '', 1, 275000, '', 1, 275000, '', 0, 0, '', 0, 0, '', 2, 530000, '', 0, 0, '', 0, 0, '', 0, 0, '', 180000, 1, '', '', 0, 0, '', 0, 0, '', 0, 0, '', 2390000, 2265000, 4, NULL, NULL, NULL),
(125, 46, 64, '', 0, 610000, '', 1, 550000, '', 0, 4500000, '', 0, 0, '', 0, 650000, '', 3, 530000, '', 0, 0, '', 0, 180000, '', 0, 180000, '', 180000, 0, '', '', 0, 0, '', 0, 0, '', 0, 0, '', 0, 2140000, 0, NULL, NULL, NULL),
(126, 46, 66, '', 0, 610000, '', 1, 550000, '', 0, 4500000, '', 0, 0, '', 0, 650000, '', 3, 530000, '', 0, 0, '', 0, 180000, '', 0, 180000, '', 180000, 0, '', '', 0, 0, '', 0, 0, '', 0, 0, '', 0, 2140000, 0, NULL, NULL, NULL),
(127, 46, 67, '', 0, 610000, '', 1, 550000, '', 0, 4500000, '', 0, 0, '', 0, 650000, '', 3, 530000, '', 0, 0, '', 0, 180000, '', 0, 180000, '', 180000, 0, '', '', 0, 0, '', 0, 0, '', 0, 0, '', 0, 2140000, 0, NULL, NULL, NULL),
(128, 46, 62, '', 0, 610000, '', 1, 550000, '', 0, 4500000, '', 0, 0, '', 0, 650000, '', 3, 530000, '', 0, 0, '', 0, 180000, '', 0, 180000, '', 180000, 0, '', '', 0, 0, '', 0, 0, '', 0, 0, '', 0, 2140000, 0, NULL, NULL, NULL),
(129, 46, 58, '', 0, 610000, '', 1, 550000, '', 0, 4500000, '', 0, 0, '', 0, 650000, '', 3, 530000, '', 0, 0, '', 0, 180000, '', 0, 180000, '', 180000, 0, '', '', 0, 0, '', 0, 0, '', 0, 0, '', 0, 2140000, 0, NULL, NULL, NULL),
(130, 46, 72, '', 0, 610000, '', 1, 550000, '', 0, 4500000, '', 0, 0, '', 0, 650000, '', 3, 530000, '', 0, 0, '', 0, 180000, '', 0, 180000, '', 180000, 0, '', '', 0, 0, '', 0, 0, '', 0, 0, '', 0, 2140000, 0, NULL, NULL, NULL),
(131, 46, 70, '', 0, 610000, '', 1, 550000, '', 0, 4500000, '', 0, 0, '', 0, 650000, '', 3, 530000, '', 0, 0, '', 0, 180000, '', 0, 180000, '', 180000, 0, '', '', 0, 0, '', 0, 0, '', 0, 0, '', 0, 2140000, 0, NULL, NULL, NULL),
(132, 46, 57, '', 0, 610000, '', 1, 550000, '', 0, 4500000, '', 0, 0, '', 0, 650000, '', 3, 530000, '', 0, 0, '', 0, 180000, '', 0, 180000, '', 180000, 0, '', '', 0, 0, '', 0, 0, '', 0, 0, '', 0, 2140000, 0, NULL, NULL, NULL),
(137, 42, 73, '', 0, 610000, '', 1, 550000, '', 0, 4500000, '', 0, 0, '', 0, 650000, '', 3, 530000, '', 0, 0, '', 0, 180000, '', 0, 180000, '', 180000, 0, '', '', 0, 0, '', 0, 0, '', 0, 0, '', 0, 2140000, 0, NULL, NULL, NULL),
(138, 42, 58, '', 0, 610000, '', 1, 550000, '', 0, 4500000, '', 0, 0, '', 0, 650000, '', 3, 530000, '', 0, 0, '', 0, 180000, '', 0, 180000, '', 180000, 0, '', '', 0, 0, '', 0, 0, '', 0, 0, '', 0, 2140000, 0, NULL, NULL, NULL),
(139, 42, 65, '', 0, 610000, '', 1, 550000, '', 0, 4500000, '', 0, 0, '', 0, 650000, '', 3, 530000, '', 0, 0, '', 0, 180000, '', 0, 180000, '', 180000, 0, '', '', 0, 0, '', 0, 0, '', 0, 0, '', 0, 2140000, 0, NULL, NULL, NULL),
(140, 42, 64, '', 0, 610000, '', 1, 550000, '', 0, 4500000, '', 0, 0, '', 0, 650000, '', 3, 530000, '', 0, 0, '', 0, 180000, '', 0, 180000, '', 180000, 0, '', '', 0, 0, '', 0, 0, '', 0, 0, '', 0, 2140000, 0, NULL, NULL, NULL),
(141, 42, 67, '', 0, 610000, '', 1, 550000, '', 0, 4500000, '', 0, 0, '', 0, 650000, '', 3, 530000, '', 0, 0, '', 0, 180000, '', 0, 180000, '', 180000, 0, '', '', 0, 0, '', 0, 0, '', 0, 0, '', 0, 2140000, 0, NULL, NULL, NULL),
(142, 42, 68, '', 0, 610000, '', 1, 550000, '', 0, 4500000, '', 0, 0, '', 0, 650000, '', 3, 530000, '', 0, 0, '', 0, 180000, '', 0, 180000, '', 180000, 0, '', '', 0, 0, '', 0, 0, '', 0, 0, '', 0, 2140000, 0, NULL, NULL, NULL),
(143, 42, 70, '', 0, 610000, '', 1, 550000, '', 0, 4500000, '', 0, 0, '', 0, 650000, '', 3, 530000, '', 0, 0, '', 0, 180000, '', 0, 180000, '', 180000, 0, '', '', 0, 0, '', 0, 0, '', 0, 0, '', 0, 2140000, 0, NULL, NULL, NULL),
(144, 42, 71, '', 0, 610000, '', 1, 550000, '', 0, 4500000, '', 0, 0, '', 0, 650000, '', 3, 530000, '', 0, 0, '', 0, 180000, '', 0, 180000, '', 180000, 0, '', '', 0, 0, '', 0, 0, '', 0, 0, '', 0, 2140000, 0, NULL, NULL, NULL),
(145, 42, 59, '', 0, 610000, '', 1, 550000, '', 0, 4500000, '', 0, 0, '', 0, 650000, '', 3, 530000, '', 0, 0, '', 0, 180000, '', 0, 180000, '', 180000, 0, '', '', 0, 0, '', 0, 0, '', 0, 0, '', 0, 2140000, 0, NULL, NULL, NULL),
(146, 121, 577, 'hubal1', 0, 0, '', 1, 275000, '', 1, 275000, '', 0, 0, '', 0, 0, '', 1, 530000, '', 0, 0, '', 0, 0, '', 0, 0, '', 0, 0, '', '', 0, 0, '', 0, 0, '', 0, 0, '', 1080000, 1080000, 2, NULL, NULL, NULL),
(147, 121, 579, 'hubal1', 0, 0, '', 1, 275000, '', 1, 275000, '', 0, 0, '', 0, 0, '', 1, 530000, '', 0, 0, '', 0, 0, '', 0, 0, '', 0, 0, '', '', 0, 0, '', 0, 0, '', 0, 0, '', 1080000, 1080000, 2, NULL, NULL, NULL),
(149, 121, 580, 'hubal1', 0, 0, '', 1, 275000, '', 1, 275000, '', 0, 0, '', 0, 0, '', 1, 530000, '', 0, 0, '', 0, 0, '', 0, 0, '', 0, 0, '', '', 0, 0, '', 0, 0, '', 0, 0, '', 0, 1080000, 2, NULL, NULL, NULL),
(150, 121, 581, 'hubal1', 0, 0, '', 1, 275000, '', 1, 275000, '', 0, 0, '', 0, 0, '', 1, 530000, '', 0, 0, '', 0, 0, '', 0, 0, '', 0, 0, '', '', 0, 0, '', 0, 0, '', 0, 0, '', 1080000, 1080000, 2, NULL, NULL, NULL),
(151, 121, 582, 'hubal1', 0, 0, '', 1, 275000, '', 1, 275000, '', 0, 0, '', 0, 0, '', 1, 530000, '', 0, 0, '', 0, 0, '', 0, 0, '', 0, 0, '', '', 0, 0, '', 0, 0, '', 0, 0, '', 1080000, 1080000, 2, NULL, NULL, NULL),
(152, 121, 574, 'hubal1', 0, 0, '', 1, 275000, '', 1, 275000, '', 0, 0, '', 0, 0, '', 1, 530000, '', 0, 0, '', 0, 0, '', 0, 0, '', 0, 0, '', '', 0, 0, '', 0, 0, '', 0, 0, '', 1080000, 1080000, 2, NULL, NULL, NULL),
(153, 121, 573, 'hubal1', 0, 0, '', 1, 275000, '', 1, 275000, '', 0, 0, '', 0, 0, '', 1, 530000, '', 0, 0, '', 0, 0, '', 0, 0, '', 0, 0, '', '', 0, 0, '', 0, 0, '', 0, 0, '', 1080000, 1080000, 2, NULL, NULL, NULL),
(154, 121, 568, 'hubal1', 0, 0, '', 1, 275000, '', 1, 275000, '', 0, 0, '', 0, 0, '', 1, 530000, '', 0, 0, '', 0, 0, '', 0, 0, '', 0, 0, '', '', 0, 0, '', 0, 0, '', 0, 0, '', 1080000, 1080000, 2, NULL, NULL, NULL),
(155, 121, 569, 'hubal1', 0, 0, '', 1, 275000, '', 1, 275000, '', 0, 0, '', 0, 0, '', 1, 530000, '', 0, 0, '', 0, 0, '', 0, 0, '', 0, 0, '', '', 0, 0, '', 0, 0, '', 0, 0, '', 1080000, 1080000, 2, NULL, NULL, NULL),
(156, 121, 570, 'hubal1', 0, 0, '', 1, 275000, '', 1, 275000, '', 0, 0, '', 0, 0, '', 1, 530000, '', 0, 0, '', 0, 0, '', 0, 0, '', 0, 0, '', '', 0, 0, '', 0, 0, '', 0, 0, '', 1080000, 1080000, 2, NULL, NULL, NULL),
(157, 121, 575, 'hubal1', 0, 0, '', 1, 275000, '', 1, 275000, '', 0, 0, '', 0, 0, '', 1, 530000, '', 0, 0, '', 0, 0, '', 0, 0, '', 0, 0, '', '', 0, 0, '', 0, 0, '', 0, 0, '', 1080000, 1080000, 2, NULL, NULL, NULL),
(158, 121, 576, 'hubal1', 0, 0, '', 1, 275000, '', 1, 275000, '', 0, 0, '', 0, 0, '', 1, 530000, '', 0, 0, '', 0, 0, '', 0, 0, '', 0, 0, '', '', 0, 0, '', 0, 0, '', 0, 0, '', 1080000, 1080000, 2, NULL, NULL, NULL),
(159, 122, 579, 'hubal1', 0, 0, '', 1, 275000, '', 1, 275000, '', 0, 0, '', 0, 0, '', 1, 530000, '', 0, 0, '', 0, 0, '', 0, 0, '', 0, 0, '', '', 0, 0, '', 0, 0, '', 0, 0, '', 1080000, 1080000, 2, NULL, NULL, NULL),
(160, 122, 577, 'hubal1', 0, 0, '', 1, 275000, '', 1, 275000, '', 0, 0, '', 0, 0, '', 1, 530000, '', 0, 0, '', 0, 0, '', 0, 0, '', 0, 0, '', '', 0, 0, '', 0, 0, '', 0, 0, '', 1080000, 1080000, 2, NULL, NULL, NULL),
(161, 122, 573, 'hubal1', 0, 0, '', 1, 275000, '', 1, 275000, '', 0, 0, '', 0, 0, '', 1, 530000, '', 0, 0, '', 0, 0, '', 0, 0, '', 0, 0, '', '', 0, 0, '', 0, 0, '', 0, 0, '', 1080000, 1080000, 2, NULL, NULL, NULL),
(162, 122, 569, 'hubal1', 0, 0, '', 1, 275000, '', 1, 275000, '', 0, 0, '', 0, 0, '', 1, 530000, '', 0, 0, '', 0, 0, '', 0, 0, '', 0, 0, '', '', 0, 0, '', 0, 0, '', 0, 0, '', 1080000, 1080000, 2, NULL, NULL, NULL),
(163, 122, 567, 'hubal1', 0, 0, '', 1, 275000, '', 1, 275000, '', 0, 0, '', 0, 0, '', 1, 530000, '', 0, 0, '', 0, 0, '', 0, 0, '', 0, 0, '', '', 0, 0, '', 0, 0, '', 0, 0, '', 1080000, 1080000, 2, NULL, NULL, NULL),
(164, 122, 345, 'hubal1', 0, 0, '', 1, 275000, '', 1, 275000, '', 0, 0, '', 0, 0, '', 1, 530000, '', 0, 0, '', 0, 0, '', 0, 0, '', 0, 0, '', '', 0, 0, '', 0, 0, '', 0, 0, '', 1080000, 1080000, 2, NULL, NULL, NULL),
(165, 122, 335, 'hubal1', 0, 0, '', 1, 275000, '', 1, 275000, '', 0, 0, '', 0, 0, '', 1, 530000, '', 0, 0, '', 0, 0, '', 0, 0, '', 0, 0, '', '', 0, 0, '', 0, 0, '', 0, 0, '', 1080000, 1080000, 2, NULL, NULL, NULL),
(166, 122, 339, 'hubal1', 0, 0, '', 1, 275000, '', 1, 275000, '', 0, 0, '', 0, 0, '', 1, 530000, '', 0, 0, '', 0, 0, '', 0, 0, '', 0, 0, '', '', 0, 0, '', 0, 0, '', 0, 0, '', 1080000, 1080000, 2, NULL, NULL, NULL),
(167, 122, 340, 'hubal1', 0, 0, '', 1, 275000, '', 1, 275000, '', 0, 0, '', 0, 0, '', 1, 530000, '', 0, 0, '', 0, 0, '', 0, 0, '', 0, 0, '', '', 0, 0, '', 0, 0, '', 0, 0, '', 1080000, 1080000, 2, NULL, NULL, NULL),
(168, 122, 341, 'hubal1', 0, 0, '', 1, 275000, '', 1, 275000, '', 0, 0, '', 0, 0, '', 1, 530000, '', 0, 0, '', 0, 0, '', 0, 0, '', 0, 0, '', '', 0, 0, '', 0, 0, '', 0, 0, '', 1080000, 1080000, 2, NULL, NULL, NULL),
(169, 122, 344, 'hubal1', 0, 0, '', 1, 275000, '', 1, 275000, '', 0, 0, '', 0, 0, '', 1, 530000, '', 0, 0, '', 0, 0, '', 0, 0, '', 0, 0, '', '', 0, 0, '', 0, 0, '', 0, 0, '', 1080000, 1080000, 2, NULL, NULL, NULL),
(170, 122, 333, 'hubal1', 0, 0, '', 1, 275000, '', 1, 275000, '', 0, 0, '', 0, 0, '', 1, 530000, '', 0, 0, '', 0, 0, '', 0, 0, '', 0, 0, '', '', 0, 0, '', 0, 0, '', 0, 0, '', 1080000, 1080000, 2, NULL, NULL, NULL),
(171, 123, 579, 'hubal1', 0, 0, '', 1, 275000, '', 1, 275000, '', 0, 0, '', 0, 0, '', 1, 530000, '', 0, 0, '', 0, 0, '', 0, 0, '', 0, 0, '', '', 0, 0, '', 0, 0, '', 0, 0, '', 1080000, 1080000, 2, NULL, NULL, NULL),
(172, 123, 580, 'hubal1', 0, 0, '', 1, 275000, '', 1, 275000, '', 0, 0, '', 0, 0, '', 1, 530000, '', 0, 0, '', 0, 0, '', 0, 0, '', 0, 0, '', '', 0, 0, '', 0, 0, '', 0, 0, '', 1080000, 1080000, 2, NULL, NULL, NULL),
(173, 123, 581, 'hubal1', 0, 0, '', 1, 275000, '', 1, 275000, '', 0, 0, '', 0, 0, '', 1, 530000, '', 0, 0, '', 0, 0, '', 0, 0, '', 0, 0, '', '', 0, 0, '', 0, 0, '', 0, 0, '', 1080000, 1080000, 2, NULL, NULL, NULL),
(174, 123, 582, 'hubal1', 0, 0, '', 1, 275000, '', 1, 275000, '', 0, 0, '', 0, 0, '', 1, 530000, '', 0, 0, '', 0, 0, '', 0, 0, '', 0, 0, '', '', 0, 0, '', 0, 0, '', 0, 0, '', 1080000, 1080000, 2, NULL, NULL, NULL),
(175, 123, 578, 'hubal1', 0, 0, '', 1, 275000, '', 1, 275000, '', 0, 0, '', 0, 0, '', 1, 530000, '', 0, 0, '', 0, 0, '', 0, 0, '', 0, 0, '', '', 0, 0, '', 0, 0, '', 0, 0, '', 1080000, 1080000, 2, NULL, NULL, NULL),
(176, 123, 576, 'hubal1', 0, 0, '', 1, 275000, '', 1, 275000, '', 0, 0, '', 0, 0, '', 1, 530000, '', 0, 0, '', 0, 0, '', 0, 0, '', 0, 0, '', '', 0, 0, '', 0, 0, '', 0, 0, '', 1080000, 1080000, 2, NULL, NULL, NULL),
(177, 123, 575, 'hubal1', 0, 0, '', 1, 275000, '', 1, 275000, '', 0, 0, '', 0, 0, '', 1, 530000, '', 0, 0, '', 0, 0, '', 0, 0, '', 0, 0, '', '', 0, 0, '', 0, 0, '', 0, 0, '', 1080000, 1080000, 2, NULL, NULL, NULL),
(178, 123, 567, 'hubal1', 0, 0, '', 1, 275000, '', 1, 275000, '', 0, 0, '', 0, 0, '', 1, 530000, '', 0, 0, '', 0, 0, '', 0, 0, '', 0, 0, '', '', 0, 0, '', 0, 0, '', 0, 0, '', 1080000, 1080000, 2, NULL, NULL, NULL),
(179, 123, 571, 'hubal1', 0, 0, '', 1, 275000, '', 1, 275000, '', 0, 0, '', 0, 0, '', 1, 530000, '', 0, 0, '', 0, 0, '', 0, 0, '', 0, 0, '', '', 0, 0, '', 0, 0, '', 0, 0, '', 1080000, 1080000, 2, NULL, NULL, NULL),
(180, 123, 572, 'hubal1', 0, 0, '', 1, 275000, '', 1, 275000, '', 0, 0, '', 0, 0, '', 1, 530000, '', 0, 0, '', 0, 0, '', 0, 0, '', 0, 0, '', '', 0, 0, '', 0, 0, '', 0, 0, '', 1080000, 1080000, 2, NULL, NULL, NULL),
(181, 123, 573, 'hubal1', 0, 0, '', 1, 275000, '', 1, 275000, '', 0, 0, '', 0, 0, '', 1, 530000, '', 0, 0, '', 0, 0, '', 0, 0, '', 0, 0, '', '', 0, 0, '', 0, 0, '', 0, 0, '', 1080000, 1080000, 2, NULL, NULL, NULL),
(182, 123, 574, 'hubal1', 0, 0, '', 1, 275000, '', 1, 275000, '', 0, 0, '', 0, 0, '', 1, 530000, '', 0, 0, '', 0, 0, '', 0, 0, '', 0, 0, '', '', 0, 0, '', 0, 0, '', 0, 0, '', 1080000, 1080000, 2, NULL, NULL, NULL),
(183, 124, 579, 'hubal1', 0, 0, '', 1, 275000, '', 1, 275000, '', 0, 0, '', 0, 0, '', 1, 530000, '', 0, 0, '', 0, 0, '', 0, 0, '', 0, 0, '', '', 0, 0, '', 0, 0, '', 0, 0, '', 1080000, 1080000, 2, NULL, NULL, NULL),
(184, 124, 580, 'hubal1', 0, 0, '', 1, 275000, '', 1, 275000, '', 0, 0, '', 0, 0, '', 1, 530000, '', 0, 0, '', 0, 0, '', 0, 0, '', 0, 0, '', '', 0, 0, '', 0, 0, '', 0, 0, '', 1080000, 1080000, 2, NULL, NULL, NULL),
(185, 124, 581, 'hubal1', 0, 0, '', 1, 275000, '', 1, 275000, '', 0, 0, '', 0, 0, '', 1, 530000, '', 0, 0, '', 0, 0, '', 0, 0, '', 0, 0, '', '', 0, 0, '', 0, 0, '', 0, 0, '', 1080000, 1080000, 2, NULL, NULL, NULL),
(186, 124, 582, 'hubal1', 0, 0, '', 1, 275000, '', 1, 275000, '', 0, 0, '', 0, 0, '', 1, 530000, '', 0, 0, '', 0, 0, '', 0, 0, '', 0, 0, '', '', 0, 0, '', 0, 0, '', 0, 0, '', 1080000, 1080000, 2, NULL, NULL, NULL),
(187, 124, 578, 'hubal1', 0, 0, '', 1, 275000, '', 1, 275000, '', 0, 0, '', 0, 0, '', 1, 530000, '', 0, 0, '', 0, 0, '', 0, 0, '', 0, 0, '', '', 0, 0, '', 0, 0, '', 0, 0, '', 1080000, 1080000, 2, NULL, NULL, NULL),
(188, 124, 576, 'hubal1', 0, 0, '', 1, 275000, '', 1, 275000, '', 0, 0, '', 0, 0, '', 1, 530000, '', 0, 0, '', 0, 0, '', 0, 0, '', 0, 0, '', '', 0, 0, '', 0, 0, '', 0, 0, '', 1080000, 1080000, 2, NULL, NULL, NULL),
(189, 124, 575, 'hubal1', 0, 0, '', 1, 275000, '', 1, 275000, '', 0, 0, '', 0, 0, '', 1, 530000, '', 0, 0, '', 0, 0, '', 0, 0, '', 0, 0, '', '', 0, 0, '', 0, 0, '', 0, 0, '', 1080000, 1080000, 2, NULL, NULL, NULL),
(190, 124, 567, 'hubal1', 0, 0, '', 1, 275000, '', 1, 275000, '', 0, 0, '', 0, 0, '', 1, 530000, '', 0, 0, '', 0, 0, '', 0, 0, '', 0, 0, '', '', 0, 0, '', 0, 0, '', 0, 0, '', 1080000, 1080000, 2, NULL, NULL, NULL),
(191, 124, 571, 'hubal1', 0, 0, '', 1, 275000, '', 1, 275000, '', 0, 0, '', 0, 0, '', 1, 530000, '', 0, 0, '', 0, 0, '', 0, 0, '', 0, 0, '', '', 0, 0, '', 0, 0, '', 0, 0, '', 1080000, 1080000, 2, NULL, NULL, NULL),
(192, 124, 572, 'hubal1', 0, 0, '', 1, 275000, '', 1, 275000, '', 0, 0, '', 0, 0, '', 1, 530000, '', 0, 0, '', 0, 0, '', 0, 0, '', 0, 0, '', '', 0, 0, '', 0, 0, '', 0, 0, '', 1080000, 1080000, 2, NULL, NULL, NULL),
(193, 32, 341, 'hubal1', 3, 225000, '', 1, 415000, '', 1, 300000, '', 1, 550000, '', 0, 0, '', 2, 370000, '', 0, 0, '', 0, 0, '', 1, 95000, '', 130000, 1, '', '', 0, 0, '', 0, 0, '', 0, 0, '', 2905000, 2905000, 2, NULL, NULL, NULL),
(194, 32, 335, 'hubal1', 3, 275000, '', 1, 300000, '', 1, 300000, '', 1, 550000, '', 0, 0, '', 2, 370000, '', 0, 0, '', 0, 0, '', 1, 95000, '', 130000, 1, '', '', 0, 0, '', 0, 0, '', 0, 0, '', 2945000, 2940000, 2, NULL, NULL, NULL),
(195, 33, 536, 'hubal1', 0, 0, '', 1, 415000, '', 1, 300000, '', 1, 550000, '', 0, 0, '', 0, 0, '', 0, 0, '', 0, 0, '', 1, 95000, '', 0, 0, '', '', 0, 0, '', 0, 0, '', 0, 0, '', 1360000, 1360000, 2, NULL, NULL, NULL),
(196, 39, 535, 'hubal1', 1, 225000, '', 1, 415000, '', 1, 300000, '', 1, 550000, '', 0, 0, '', 0, 0, '', 0, 0, '', 0, 0, '', 1, 95000, '', 130000, 1, '', '', 0, 0, '', 0, 0, '', 0, 0, '', 1715000, 1715000, 2, NULL, NULL, NULL),
(197, 39, 543, 'hubal1', 1, 400000, '', 1, 415000, '', 1, 300000, '', 1, 550000, '', 0, 0, '', 0, 0, '', 0, 0, '', 0, 0, '', 1, 95000, '', 130000, 1, '', '', 0, 0, '', 0, 0, '', 0, 0, '', 1890000, 1890000, 2, NULL, NULL, NULL),
(198, 39, 545, 'hubal1', 1, 225000, '', 1, 415000, '', 1, 300000, '', 1, 550000, '', 0, 0, '', 0, 0, '', 0, 0, '', 0, 0, '', 1, 95000, '', 130000, 1, '', '', 0, 0, '', 0, 0, '', 0, 0, '', 1715000, 1715000, 2, NULL, NULL, NULL),
(199, 39, 544, 'hubal1', 1, 225000, '', 1, 415000, '', 1, 300000, '', 1, 550000, '', 0, 0, '', 0, 0, '', 0, 0, '', 0, 0, '', 1, 95000, '', 130000, 1, '', '', 0, 0, '', 0, 0, '', 0, 0, '', 1715000, 1715000, 2, NULL, NULL, NULL),
(200, 124, 573, 'hubal1', 0, 0, '', 1, 275000, '', 1, 275000, '', 0, 0, '', 0, 0, '', 1, 530000, '', 0, 0, '', 0, 0, '', 0, 0, '', 0, 0, '', '', 0, 0, '', 0, 0, '', 0, 0, '', 1080000, 1080000, 2, NULL, NULL, NULL),
(201, 124, 574, 'hubal1', 0, 0, '', 1, 275000, '', 1, 275000, '', 0, 0, '', 0, 0, '', 1, 530000, '', 0, 0, '', 0, 0, '', 0, 0, '', 0, 0, '', '', 0, 0, '', 0, 0, '', 0, 0, '', 1080000, 1080000, 2, NULL, NULL, NULL),
(202, 126, 579, 'hubal1', 0, 0, '', 1, 275000, '', 1, 275000, '', 0, 0, '', 0, 0, '', 1, 530000, '', 0, 0, '', 0, 0, '', 0, 0, '', 0, 0, '', '', 0, 0, '', 0, 0, '', 0, 0, '', 1080000, 1080000, 2, NULL, NULL, NULL),
(203, 126, 580, 'hubal1', 0, 0, '', 1, 275000, '', 1, 275000, '', 0, 0, '', 0, 0, '', 1, 530000, '', 0, 0, '', 0, 0, '', 0, 0, '', 0, 0, '', '', 0, 0, '', 0, 0, '', 0, 0, '', 1080000, 1080000, 2, NULL, NULL, NULL),
(204, 126, 581, 'hubal1', 0, 0, '', 1, 275000, '', 1, 275000, '', 0, 0, '', 0, 0, '', 1, 530000, '', 0, 0, '', 0, 0, '', 0, 0, '', 0, 0, '', '', 0, 0, '', 0, 0, '', 0, 0, '', 1080000, 1080000, 2, NULL, NULL, NULL),
(205, 126, 582, 'hubal1', 0, 0, '', 1, 275000, '', 1, 275000, '', 0, 0, '', 0, 0, '', 1, 530000, '', 0, 0, '', 0, 0, '', 0, 0, '', 0, 0, '', '', 0, 0, '', 0, 0, '', 0, 0, '', 1080000, 1080000, 2, NULL, NULL, NULL),
(206, 126, 578, 'hubal1', 0, 0, '', 1, 275000, '', 1, 275000, '', 0, 0, '', 0, 0, '', 1, 530000, '', 0, 0, '', 0, 0, '', 0, 0, '', 0, 0, '', '', 0, 0, '', 0, 0, '', 0, 0, '', 1080000, 1080000, 2, NULL, NULL, NULL),
(207, 126, 576, 'hubal1', 0, 0, '', 1, 275000, '', 1, 275000, '', 0, 0, '', 0, 0, '', 1, 530000, '', 0, 0, '', 0, 0, '', 0, 0, '', 0, 0, '', '', 0, 0, '', 0, 0, '', 0, 0, '', 1080000, 1080000, 2, NULL, NULL, NULL),
(208, 126, 575, 'hubal1', 0, 0, '', 1, 275000, '', 1, 275000, '', 0, 0, '', 0, 0, '', 1, 530000, '', 0, 0, '', 0, 0, '', 0, 0, '', 0, 0, '', '', 0, 0, '', 0, 0, '', 0, 0, '', 1080000, 1080000, 2, NULL, NULL, NULL),
(209, 126, 567, 'hubal1', 0, 0, '', 1, 275000, '', 1, 275000, '', 0, 0, '', 0, 0, '', 1, 530000, '', 0, 0, '', 0, 0, '', 0, 0, '', 0, 0, '', '', 0, 0, '', 0, 0, '', 0, 0, '', 1080000, 1080000, 2, NULL, NULL, NULL),
(210, 126, 571, 'hubal1', 0, 0, '', 1, 275000, '', 1, 275000, '', 0, 0, '', 0, 0, '', 1, 530000, '', 0, 0, '', 0, 0, '', 0, 0, '', 0, 0, '', '', 0, 0, '', 0, 0, '', 0, 0, '', 1080000, 1080000, 2, NULL, NULL, NULL),
(211, 126, 572, 'hubal1', 0, 0, '', 1, 275000, '', 1, 275000, '', 0, 0, '', 0, 0, '', 1, 530000, '', 0, 0, '', 0, 0, '', 0, 0, '', 0, 0, '', '', 0, 0, '', 0, 0, '', 0, 0, '', 1080000, 1080000, 2, NULL, NULL, NULL),
(212, 126, 573, 'hubal1', 0, 0, '', 1, 275000, '', 1, 275000, '', 0, 0, '', 0, 0, '', 1, 530000, '', 0, 0, '', 0, 0, '', 0, 0, '', 0, 0, '', '', 0, 0, '', 0, 0, '', 0, 0, '', 1080000, 1080000, 2, NULL, NULL, NULL),
(213, 126, 574, 'hubal1', 0, 0, '', 1, 275000, '', 1, 275000, '', 0, 0, '', 0, 0, '', 1, 530000, '', 0, 0, '', 0, 0, '', 0, 0, '', 0, 0, '', '', 0, 0, '', 0, 0, '', 0, 0, '', 1080000, 1080000, 2, NULL, NULL, NULL),
(214, 127, 569, 'hubal1', 0, 0, '', 1, 275000, '', 1, 275000, '', 0, 0, '', 0, 0, '', 1, 530000, '', 0, 0, '', 0, 0, '', 0, 0, '', 0, 0, '', '', 0, 0, '', 0, 0, '', 0, 0, '', 1080000, 1080000, 2, NULL, NULL, NULL),
(215, 127, 582, 'hubal1', 0, 0, '', 1, 275000, '', 1, 275000, '', 0, 0, '', 0, 0, '', 1, 530000, '', 0, 0, '', 0, 0, '', 0, 0, '', 0, 0, '', '', 0, 0, '', 0, 0, '', 0, 0, '', 1080000, 1080000, 2, NULL, NULL, NULL),
(216, 127, 581, 'hubal1', 0, 0, '', 1, 275000, '', 1, 275000, '', 0, 0, '', 0, 0, '', 1, 530000, '', 0, 0, '', 0, 0, '', 0, 0, '', 0, 0, '', '', 0, 0, '', 0, 0, '', 0, 0, '', 1080000, 1080000, 2, NULL, NULL, NULL),
(217, 127, 580, 'hubal1', 0, 0, '', 1, 275000, '', 1, 275000, '', 0, 0, '', 0, 0, '', 1, 530000, '', 0, 0, '', 0, 0, '', 0, 0, '', 0, 0, '', '', 0, 0, '', 0, 0, '', 0, 0, '', 1080000, 1080000, 2, NULL, NULL, NULL),
(218, 127, 579, 'hubal1', 0, 0, '', 1, 275000, '', 1, 275000, '', 0, 0, '', 0, 0, '', 1, 530000, '', 0, 0, '', 0, 0, '', 0, 0, '', 0, 0, '', '', 0, 0, '', 0, 0, '', 0, 0, '', 1080000, 1080000, 2, NULL, NULL, NULL),
(219, 127, 577, 'hubal1', 0, 0, '', 1, 275000, '', 1, 275000, '', 0, 0, '', 0, 0, '', 1, 530000, '', 0, 0, '', 0, 0, '', 0, 0, '', 0, 0, '', '', 0, 0, '', 0, 0, '', 0, 0, '', 1080000, 1080000, 2, NULL, NULL, NULL),
(220, 127, 574, 'hubal1', 0, 0, '', 1, 275000, '', 1, 275000, '', 0, 0, '', 0, 0, '', 1, 530000, '', 0, 0, '', 0, 0, '', 0, 0, '', 0, 0, '', '', 0, 0, '', 0, 0, '', 0, 0, '', 1080000, 1080000, 2, NULL, NULL, NULL),
(221, 127, 573, 'hubal1', 0, 0, '', 1, 275000, '', 1, 275000, '', 0, 0, '', 0, 0, '', 1, 530000, '', 0, 0, '', 0, 0, '', 0, 0, '', 0, 0, '', '', 0, 0, '', 0, 0, '', 0, 0, '', 1080000, 1080000, 2, NULL, NULL, NULL),
(222, 127, 576, 'hubal1', 0, 0, '', 1, 275000, '', 1, 275000, '', 0, 0, '', 0, 0, '', 1, 530000, '', 0, 0, '', 0, 0, '', 0, 0, '', 0, 0, '', '', 0, 0, '', 0, 0, '', 0, 0, '', 1080000, 1080000, 2, NULL, NULL, NULL),
(223, 127, 575, 'hubal1', 0, 0, '', 1, 275000, '', 1, 275000, '', 0, 0, '', 0, 0, '', 1, 530000, '', 0, 0, '', 0, 0, '', 0, 0, '', 0, 0, '', '', 0, 0, '', 0, 0, '', 0, 0, '', 1080000, 1080000, 2, NULL, NULL, NULL),
(224, 127, 570, 'hubal1', 0, 0, '', 1, 275000, '', 1, 275000, '', 0, 0, '', 0, 0, '', 1, 530000, '', 0, 0, '', 0, 0, '', 0, 0, '', 0, 0, '', '', 0, 0, '', 0, 0, '', 0, 0, '', 1080000, 1080000, 2, NULL, NULL, NULL),
(225, 127, 568, 'hubal1', 0, 0, '', 1, 275000, '', 1, 275000, '', 0, 0, '', 0, 0, '', 1, 530000, '', 0, 0, '', 0, 0, '', 0, 0, '', 0, 0, '', '', 0, 0, '', 0, 0, '', 0, 0, '', 1080000, 1080000, 2, NULL, NULL, NULL),
(226, 128, 578, 'hubal1', 0, 0, '', 1, 275000, '', 1, 275000, '', 0, 0, '', 0, 0, '', 1, 530000, '', 0, 0, '', 0, 0, '', 0, 0, '', 0, 0, '', '', 0, 0, '', 0, 0, '', 0, 0, '', 1080000, 1080000, 2, NULL, NULL, NULL),
(227, 128, 582, 'hubal1', 0, 0, '', 1, 275000, '', 1, 275000, '', 0, 0, '', 0, 0, '', 1, 530000, '', 0, 0, '', 0, 0, '', 0, 0, '', 0, 0, '', '', 0, 0, '', 0, 0, '', 0, 0, '', 1080000, 1080000, 2, NULL, NULL, NULL),
(228, 128, 581, 'hubal1', 0, 0, '', 1, 275000, '', 1, 275000, '', 0, 0, '', 0, 0, '', 1, 530000, '', 0, 0, '', 0, 0, '', 0, 0, '', 0, 0, '', '', 0, 0, '', 0, 0, '', 0, 0, '', 1080000, 1080000, 2, NULL, NULL, NULL),
(229, 128, 580, 'hubal1', 0, 0, '', 1, 275000, '', 1, 275000, '', 0, 0, '', 0, 0, '', 1, 530000, '', 0, 0, '', 0, 0, '', 0, 0, '', 0, 0, '', '', 0, 0, '', 0, 0, '', 0, 0, '', 1080000, 1080000, 2, NULL, NULL, NULL),
(230, 128, 576, 'hubal1', 0, 0, '', 1, 275000, '', 1, 275000, '', 0, 0, '', 0, 0, '', 1, 530000, '', 0, 0, '', 0, 0, '', 0, 0, '', 0, 0, '', '', 0, 0, '', 0, 0, '', 0, 0, '', 1080000, 1080000, 2, NULL, NULL, NULL),
(231, 128, 575, 'hubal1', 0, 0, '', 1, 275000, '', 1, 275000, '', 0, 0, '', 0, 0, '', 1, 530000, '', 0, 0, '', 0, 0, '', 0, 0, '', 0, 0, '', '', 0, 0, '', 0, 0, '', 0, 0, '', 1080000, 1080000, 2, NULL, NULL, NULL),
(232, 128, 574, 'hubal1', 0, 0, '', 1, 275000, '', 1, 275000, '', 0, 0, '', 0, 0, '', 1, 530000, '', 0, 0, '', 0, 0, '', 0, 0, '', 0, 0, '', '', 0, 0, '', 0, 0, '', 0, 0, '', 1080000, 1080000, 2, NULL, NULL, NULL),
(233, 128, 573, 'hubal1', 0, 0, '', 1, 275000, '', 1, 275000, '', 0, 0, '', 0, 0, '', 1, 530000, '', 0, 0, '', 0, 0, '', 0, 0, '', 0, 0, '', '', 0, 0, '', 0, 0, '', 0, 0, '', 1080000, 1080000, 2, NULL, NULL, NULL),
(234, 128, 572, 'hubal1', 0, 0, '', 1, 275000, '', 1, 275000, '', 0, 0, '', 0, 0, '', 1, 530000, '', 0, 0, '', 0, 0, '', 0, 0, '', 0, 0, '', '', 0, 0, '', 0, 0, '', 0, 0, '', 1080000, 1080000, 2, NULL, NULL, NULL),
(235, 128, 571, 'hubal1', 0, 0, '', 1, 275000, '', 1, 275000, '', 0, 0, '', 0, 0, '', 1, 530000, '', 0, 0, '', 0, 0, '', 0, 0, '', 0, 0, '', '', 0, 0, '', 0, 0, '', 0, 0, '', 1080000, 1080000, 2, NULL, NULL, NULL),
(236, 128, 579, 'hubal1', 0, 0, '', 1, 275000, '', 1, 275000, '', 0, 0, '', 0, 0, '', 1, 530000, '', 0, 0, '', 0, 0, '', 0, 0, '', 0, 0, '', '', 0, 0, '', 0, 0, '', 0, 0, '', 1080000, 1080000, 2, NULL, NULL, NULL),
(237, 128, 567, 'hubal1', 0, 0, '', 1, 275000, '', 1, 275000, '', 0, 0, '', 0, 0, '', 1, 530000, '', 0, 0, '', 0, 0, '', 0, 0, '', 0, 0, '', '', 0, 0, '', 0, 0, '', 0, 0, '', 1080000, 1080000, 2, NULL, NULL, NULL),
(242, 136, 76, 'ren1', 0, 610000, '', 1, 550000, '', 0, 4500000, '', 0, 0, '', 0, 650000, '', 1, 530000, '', 0, 0, '', 0, 180000, '', 0, 180000, '', 180000, 0, '', '', 0, 0, '', 0, 0, '', 0, 0, '', 1080000, 1080000, 4, NULL, NULL, NULL),
(243, 136, 82, 'ren1', 0, 610000, '', 1, 550000, '', 0, 4500000, '', 0, 0, '', 0, 650000, '', 1, 530000, '', 0, 0, '', 0, 180000, '', 0, 180000, '', 180000, 0, '', '', 0, 0, '', 0, 0, '', 0, 0, '', 1080000, 1080000, 4, NULL, NULL, NULL),
(244, 136, 24, 'ren1', 0, 610000, '', 1, 550000, '', 0, 4500000, '', 0, 0, '', 0, 650000, '', 1, 530000, '', 0, 0, '', 0, 180000, '', 0, 180000, '', 180000, 0, '', '', 0, 0, '', 0, 0, '', 0, 0, '', 1080000, 1080000, 4, NULL, NULL, NULL);
INSERT INTO `tb_rincian` (`id_rincian`, `id_spd`, `id_peg`, `id_user`, `jml_inap`, `nilai_inap`, `ket_inap`, `jml_berangkat`, `nilai_berangkat`, `ket_berangkat`, `jml_kembali`, `nilai_kembali`, `ket_kembali`, `jml_taxi_berangkat`, `nilai_taxi_berangkat`, `ket_taxi_berangkat`, `jml_taxi_kembali`, `nilai_taxi_kembali`, `ket_taxi_kembali`, `jml_harian`, `nilai_harian`, `ket_harian`, `jml_harian1`, `nilai_harian1`, `ket_harian1`, `jml_saku`, `nilai_saku`, `ket_saku`, `jml_saku2`, `nilai_saku2`, `ket_saku2`, `nilai_saku3`, `jml_saku3`, `ket_saku3`, `uraian_lain`, `jml_lain`, `nilai_lain`, `ket_lain`, `jml_pasport`, `nilai_pasport`, `ket_pasport`, `jml_reprentasi`, `nilai_reprentasi`, `ket_reprentasi`, `uang_muka`, `total`, `id_satker`, `jml_harian2`, `nilai_harian2`, `ket_harian2`) VALUES
(245, 137, 551, '', 0, 0, '', 0, 0, '', 0, 0, '', 0, 0, '', 0, 0, '', 7, 4335500, 'Uang Harian 100% Selama 7 Hari di Tanzania', 2, 1734200, 'Uang Harian 40% Selama 2 Hari di Tanzania', 0, 0, '', 0, 0, '0', 0, 0, '0', '', 0, 0, '', 0, 0, '', 0, 0, '', 33816900, 33816900, 3, 0, 0, ''),
(246, 137, 389, '', 0, 0, '', 0, 0, '', 0, 0, '', 0, 0, '', 0, 0, '', 7, 3857000, 'Uang Harian 100% Selama 7 Hari di Tanzania', 2, 1542800, 'Uang Harian 40% Selama 2 Hari di Tanzania', 0, 0, '', 0, 0, '0', 0, 0, '0', '', 0, 0, '', 0, 0, '', 0, 0, '', 30084600, 30084600, 3, 0, 0, ''),
(247, 137, 390, '', 0, 0, '', 0, 0, '', 0, 0, '', 0, 0, '', 0, 0, '', 7, 3857000, 'Uang Harian 100% Selama 7 Hari di Tanzania', 2, 1542800, 'Uang Harian 40% Selama 2 Hari di Tanzania', 0, 0, '', 0, 0, '0', 0, 0, '0', '', 0, 0, '', 0, 0, '', 0, 0, '', 30084600, 30084600, 3, 0, 0, ''),
(248, 137, 384, '', 0, 0, '', 0, 0, '', 0, 0, '', 0, 0, '', 0, 0, '', 7, 3857000, 'Uang Harian 100% Selama 7 Hari di Tanzania', 2, 1542800, 'Uang Harian 40% Selama 2 Hari di Tanzania', 0, 0, '', 0, 0, '0', 0, 0, '0', '', 0, 0, '', 0, 0, '', 0, 0, '', 30084600, 30084600, 3, 0, 0, ''),
(249, 138, 83, 'ren1', 0, 0, '', 1, 550000, '', 0, 0, '', 0, 0, '', 0, 0, '', 1, 530000, '', 0, 0, '', 0, 0, '', 0, 0, '', 0, 0, '', 'Representatif', 0, 0, '', 0, 0, '', 0, 0, '', 1080000, 1080000, 4, NULL, NULL, NULL),
(250, 138, 74, 'ren1', 0, 610000, '', 1, 550000, '', 0, 4500000, '', 0, 0, '', 0, 650000, '', 1, 530000, '', 0, 0, '', 0, 180000, '', 0, 180000, '', 180000, 0, '', '', 0, 0, '', 0, 0, '', 0, 0, '', 1080000, 1080000, 4, NULL, NULL, NULL),
(251, 138, 76, 'ren1', 0, 610000, '', 1, 550000, '', 0, 4500000, '', 0, 0, '', 0, 650000, '', 1, 530000, '', 0, 0, '', 0, 180000, '', 0, 180000, '', 180000, 0, '', '', 0, 0, '', 0, 0, '', 0, 0, '', 1080000, 1080000, 4, NULL, NULL, NULL),
(252, 138, 80, 'ren1', 0, 610000, '', 1, 550000, '', 0, 4500000, '', 0, 0, '', 0, 650000, '', 1, 530000, '', 0, 0, '', 0, 180000, '', 0, 180000, '', 180000, 0, '', '', 0, 0, '', 0, 0, '', 0, 0, '', 1080000, 1080000, 4, NULL, NULL, NULL),
(253, 138, 81, 'ren1', 0, 610000, '', 1, 550000, '', 0, 4500000, '', 0, 0, '', 0, 650000, '', 1, 530000, '', 0, 0, '', 0, 180000, '', 0, 180000, '', 180000, 0, '', '', 0, 0, '', 0, 0, '', 0, 0, '', 1080000, 1080000, 4, NULL, NULL, NULL),
(254, 139, 74, 'ren1', 0, 610000, '', 1, 550000, '', 0, 4500000, '', 0, 0, '', 0, 650000, '', 1, 530000, '', 0, 0, '', 0, 180000, '', 0, 180000, '', 180000, 0, '', '', 0, 0, '', 0, 0, '', 0, 0, '', 1080000, 1080000, 4, NULL, NULL, NULL),
(255, 139, 78, 'ren1', 0, 610000, '', 1, 550000, '', 0, 4500000, '', 0, 0, '', 0, 650000, '', 1, 530000, '', 0, 0, '', 0, 180000, '', 0, 180000, '', 180000, 0, '', '', 0, 0, '', 0, 0, '', 0, 0, '', 1080000, 1080000, 4, NULL, NULL, NULL),
(256, 139, 24, 'ren1', 0, 610000, '', 1, 550000, '', 0, 4500000, '', 0, 0, '', 0, 650000, '', 1, 530000, '', 0, 0, '', 0, 180000, '', 0, 180000, '', 180000, 0, '', '', 0, 0, '', 0, 0, '', 0, 0, '', 1080000, 1080000, 4, NULL, NULL, NULL),
(257, 139, 82, 'ren1', 0, 610000, '', 1, 550000, '', 0, 4500000, '', 0, 0, '', 0, 650000, '', 1, 530000, '', 0, 0, '', 0, 180000, '', 0, 180000, '', 180000, 0, '', '', 0, 0, '', 0, 0, '', 0, 0, '', 1080000, 1080000, 4, NULL, NULL, NULL),
(258, 140, 406, 'kontra1', 1, 595000, '', 1, 1087845, '', 1, 1087845, '', 1, 650000, '', 0, 0, '', 2, 370000, '', 0, 0, '', 0, 0, '', 0, 0, '', 0, 0, '', '', 0, 0, '', 0, 0, '', 0, 0, '', 0, 4160690, 1, NULL, NULL, NULL),
(259, 142, 196, 'kontra1', 2, 1350000, '', 1, 1790712, '', 1, 1790712, '', 1, 650000, '', 1, 380000, '', 3, 380000, '', 0, 0, '', 0, 0, '', 0, 0, '', 0, 0, '', '', 0, 0, '', 0, 0, '', 0, 0, '', 0, 8451424, 1, NULL, NULL, NULL),
(260, 142, 199, 'kontra1', 2, 650000, '', 1, 1790712, '', 1, 1790712, '', 1, 650000, '', 1, 380000, '', 3, 380000, '', 0, 0, '', 0, 0, '', 0, 0, '', 0, 0, '', '', 0, 0, '', 0, 0, '', 0, 0, '', 0, 7051424, 1, NULL, NULL, NULL),
(261, 142, 421, 'kontra1', 1, 650000, '', 1, 1837737, '', 1, 880413, '', 1, 650000, '', 1, 380000, '', 2, 380000, '', 0, 0, '', 0, 0, '', 0, 0, '', 0, 0, '', '', 0, 0, '', 0, 0, '', 0, 0, '', 0, 5158150, 1, NULL, NULL, NULL),
(262, 144, 197, 'kontra1', 0, 0, '', 1, 550000, 'PP', 0, 0, '', 0, 0, '', 0, 0, '', 1, 530000, '', 0, 0, '', 0, 0, '', 0, 0, '', 0, 0, '', '', 0, 0, '', 0, 0, '', 0, 0, '', 0, 1080000, 1, NULL, NULL, NULL),
(263, 144, 198, 'kontra1', 0, 0, '', 1, 550000, 'PP', 0, 0, '', 0, 0, '', 0, 0, '', 1, 530000, '', 0, 0, '', 0, 0, '', 0, 0, '', 0, 0, '', '', 0, 0, '', 0, 0, '', 0, 0, '', 0, 1080000, 1, NULL, NULL, NULL),
(264, 144, 424, 'kontra1', 0, 0, '', 1, 550000, 'PP', 0, 0, '', 0, 0, '', 0, 0, '', 1, 530000, '', 0, 0, '', 0, 0, '', 0, 0, '', 0, 0, '', '', 0, 0, '', 0, 0, '', 0, 0, '', 0, 1080000, 1, NULL, NULL, NULL),
(265, 144, 204, 'kontra1', 0, 0, '', 1, 550000, 'PP', 0, 0, '', 0, 0, '', 0, 0, '', 1, 530000, '', 0, 0, '', 0, 0, '', 0, 0, '', 0, 0, '', '', 0, 0, '', 0, 0, '', 0, 0, '', 0, 1080000, 1, NULL, NULL, NULL),
(266, 144, 425, 'kontra1', 0, 0, '', 1, 550000, 'PP', 0, 0, '', 0, 0, '', 0, 0, '', 1, 530000, '', 0, 0, '', 0, 0, '', 0, 0, '', 0, 0, '', '', 0, 0, '', 0, 0, '', 0, 0, '', 0, 1080000, 1, NULL, NULL, NULL),
(267, 144, 552, 'kontra1', 0, 0, '', 0, 0, '', 0, 0, '', 0, 0, '', 0, 0, '', 0, 0, '', 0, 0, '', 0, 0, '', 0, 0, '', 0, 0, '', '', 0, 0, '', 0, 0, '', 0, 0, '', 0, 0, 1, NULL, NULL, NULL),
(268, 144, 363, 'kontra1', 0, 0, '', 0, 0, '', 0, 0, '', 0, 0, '', 0, 0, '', 0, 0, '', 0, 0, '', 0, 0, '', 0, 0, '', 0, 0, '', '', 0, 0, '', 0, 0, '', 0, 0, '', 0, 0, 1, NULL, NULL, NULL),
(269, 145, 415, 'kontra1', 0, 0, '', 0, 0, '', 0, 0, '', 0, 0, '', 0, 0, '', 0, 0, '', 0, 0, '', 0, 0, '', 0, 0, '', 0, 0, '', '', 0, 0, '', 0, 0, '', 0, 0, '', 0, 0, 1, NULL, NULL, NULL),
(270, 145, 417, 'kontra1', 0, 0, '', 0, 0, '', 0, 0, '', 0, 0, '', 0, 0, '', 0, 0, '', 0, 0, '', 0, 0, '', 0, 0, '', 0, 0, '', '', 0, 0, '', 0, 0, '', 0, 0, '', 0, 0, 1, NULL, NULL, NULL),
(271, 145, 410, 'kontra1', 0, 0, '', 0, 0, '', 0, 0, '', 0, 0, '', 0, 0, '', 0, 0, '', 0, 0, '', 0, 0, '', 0, 0, '', 0, 0, '', '', 0, 0, '', 0, 0, '', 0, 0, '', 0, 0, 1, NULL, NULL, NULL),
(272, 145, 408, 'kontra1', 0, 0, '', 0, 0, '', 0, 0, '', 0, 0, '', 0, 0, '', 0, 0, '', 0, 0, '', 0, 0, '', 0, 0, '', 0, 0, '', '', 0, 0, '', 0, 0, '', 0, 0, '', 0, 0, 1, NULL, NULL, NULL),
(273, 145, 404, 'kontra1', 0, 0, '', 0, 0, '', 0, 0, '', 0, 0, '', 0, 0, '', 0, 0, '', 0, 0, '', 0, 0, '', 0, 0, '', 0, 0, '', '', 0, 0, '', 0, 0, '', 0, 0, '', 0, 0, 1, NULL, NULL, NULL),
(274, 145, 416, 'kontra1', 0, 0, '', 0, 0, '', 0, 0, '', 0, 0, '', 0, 0, '', 0, 0, '', 0, 0, '', 0, 0, '', 0, 0, '', 0, 0, '', '', 0, 0, '', 0, 0, '', 0, 0, '', 0, 0, 1, NULL, NULL, NULL),
(275, 145, 203, 'kontra1', 0, 0, '', 0, 0, '', 0, 0, '', 0, 0, '', 0, 0, '', 0, 0, '', 0, 0, '', 0, 0, '', 0, 0, '', 0, 0, '', '', 0, 0, '', 0, 0, '', 0, 0, '', 0, 0, 1, NULL, NULL, NULL),
(276, 119, 258, 'kontra1', 0, 0, '', 0, 0, '', 0, 0, '', 0, 0, '', 0, 0, '', 0, 0, '', 0, 0, '', 0, 0, '', 0, 0, '', 0, 0, '', '', 0, 0, '', 0, 0, '', 0, 0, '', 0, 0, 1, NULL, NULL, NULL),
(277, 146, 405, 'kontra1', 2, 665000, '', 1, 4421395, 'PP', 0, 0, '', 1, 650000, 'PP', 0, 0, '', 3, 430000, '', 0, 0, '', 0, 0, '', 0, 0, '', 0, 0, '', '', 0, 0, '', 0, 0, '', 0, 0, '', 0, 7691395, 1, NULL, NULL, NULL),
(278, 146, 198, 'kontra1', 2, 665000, '', 1, 4421395, 'PP', 0, 0, '', 1, 650000, 'PP', 0, 0, '', 3, 430000, '', 0, 0, '', 0, 0, '', 0, 0, '', 0, 0, '', '', 0, 0, '', 0, 0, '', 0, 0, '', 0, 7691395, 1, NULL, NULL, NULL),
(279, 146, 421, 'kontra1', 2, 665000, '', 1, 4421395, 'PP', 0, 0, '', 1, 650000, 'PP', 0, 0, '', 3, 430000, '', 0, 0, '', 0, 0, '', 0, 0, '', 0, 0, '', '', 0, 0, '', 0, 0, '', 0, 0, '', 0, 7691395, 1, NULL, NULL, NULL),
(280, 147, 157, '', 0, 0, '', 0, 0, '', 0, 0, '', 0, 0, '', 0, 0, '', 0, 0, '', 0, 0, '', 0, 0, '', 0, 0, '0', 0, 0, '0', '', 0, 0, '', 0, 0, '', 0, 0, '', 0, 0, 1, 0, 0, ''),
(281, 125, 569, 'hubal1', 0, 0, '', 1, 275000, '', 1, 275000, '', 0, 0, '', 0, 0, '', 1, 530000, '', 0, 0, '', 0, 0, '', 0, 0, '', 0, 0, '', '', 0, 0, '', 0, 0, '', 0, 0, '', 1080000, 1080000, 2, NULL, NULL, NULL),
(282, 150, 66, 'keu1', 0, 0, '', 1, 550000, '', 0, 0, '', 0, 0, '', 0, 0, '', 1, 530000, '', 0, 0, '', 0, 0, '', 0, 0, '', 0, 0, '', '', 0, 0, '', 0, 0, '', 0, 0, '', 0, 1080000, 4, NULL, NULL, NULL),
(283, 150, 62, 'keu1', 0, 0, '', 1, 550000, '', 0, 0, '', 0, 0, '', 0, 0, '', 1, 530000, '', 0, 0, '', 0, 0, '', 0, 0, '', 0, 0, '', '', 0, 0, '', 0, 0, '', 0, 0, '', 0, 1080000, 4, NULL, NULL, NULL),
(284, 150, 59, 'keu1', 0, 0, '', 1, 550000, '', 0, 0, '', 0, 0, '', 0, 0, '', 1, 530000, '', 0, 0, '', 0, 0, '', 0, 0, '', 0, 0, '', '', 0, 0, '', 0, 0, '', 0, 0, '', 0, 1080000, 4, NULL, NULL, NULL),
(285, 150, 58, 'keu1', 0, 0, '', 1, 550000, '', 0, 0, '', 0, 0, '', 0, 0, '', 1, 530000, '', 0, 0, '', 0, 0, '', 0, 0, '', 0, 0, '', '', 0, 0, '', 0, 0, '', 0, 0, '', 0, 1080000, 4, NULL, NULL, NULL),
(286, 150, 57, 'keu1', 0, 0, '', 1, 550000, '', 0, 0, '', 0, 0, '', 0, 0, '', 1, 530000, '', 0, 0, '', 0, 0, '', 0, 0, '', 0, 0, '', '', 0, 0, '', 0, 0, '', 0, 0, '', 0, 1080000, 4, NULL, NULL, NULL),
(287, 150, 72, 'keu1', 0, 0, '', 1, 550000, '', 0, 0, '', 0, 0, '', 0, 0, '', 1, 530000, '', 0, 0, '', 0, 0, '', 0, 0, '', 0, 0, '', '', 0, 0, '', 0, 0, '', 0, 0, '', 0, 1080000, 4, NULL, NULL, NULL),
(288, 148, 151, 'kepeg1', 1, 1200000, '', 0, 0, '', 1, 1089726, 'Pesawat SOC-HLP', 1, 275000, 'HLP-Bogor', 1, 75000, '', 1, 370000, '', 0, 0, '', 0, 130000, '', 0, 130000, '', 130000, 1, '', 'Representasi', 2, 150000, '', 0, 0, '', 0, 0, '', 0, 3439726, 4, NULL, NULL, NULL),
(289, 148, 49, 'kepeg1', 1, 486000, '', 0, 0, '', 1, 1108922, 'Pesawat SOC-CGK', 1, 325000, 'CGK-Bogor', 1, 75000, '', 1, 370000, '', 0, 0, '', 0, 130000, '', 0, 130000, '', 130000, 1, '', '', 0, 0, '', 0, 0, '', 0, 0, '', 0, 2494922, 4, NULL, NULL, NULL),
(290, 149, 48, 'kepeg1', 1, 243000, '', 1, 979165, '', 1, 952590, '', 1, 650000, '', 1, 150000, '', 1, 370000, '', 0, 0, '', 0, 130000, '', 0, 130000, '', 130000, 1, '', '', 0, 0, '', 0, 0, '', 0, 0, '', 0, 3474755, 4, NULL, NULL, NULL),
(291, 149, 47, 'kepeg1', 1, 486000, '', 1, 979165, '', 1, 952590, '', 1, 650000, '', 1, 150000, '', 1, 370000, '', 0, 0, '', 0, 130000, '', 0, 130000, '', 130000, 1, '', '', 0, 0, '', 0, 0, '', 0, 0, '', 0, 3717755, 4, NULL, NULL, NULL),
(292, 149, 52, 'kepeg1', 1, 243000, '', 1, 1192522, '', 1, 952590, '', 1, 650000, '', 1, 150000, '', 1, 370000, '', 0, 0, '', 0, 130000, '', 0, 130000, '', 130000, 1, '', '', 0, 0, '', 0, 0, '', 0, 0, '', 0, 3688112, 4, NULL, NULL, NULL),
(293, 148, 50, 'kepeg1', 1, 486000, '', 0, 0, '', 1, 944544, '', 1, 275000, 'HLP-Bogor', 1, 75000, '', 1, 370000, '', 0, 0, '', 0, 130000, '', 0, 130000, '', 130000, 1, '', '', 0, 0, '', 0, 0, '', 0, 0, '', 0, 2280544, 4, NULL, NULL, NULL),
(294, 149, 147, 'kepeg1', 1, 243000, '', 1, 1192522, '', 1, 952590, '', 1, 650000, '', 1, 150000, '', 2, 370000, '', 0, 0, '', 0, 130000, '', 0, 130000, '', 130000, 1, '', '', 0, 0, '', 0, 0, '', 0, 0, '', 0, 4058112, 4, NULL, NULL, NULL),
(295, 141, 347, 'anev1', 0, 610000, '', 1, 275000, '', 1, 275000, '', 0, 0, '', 0, 650000, '', 0, 530000, '', 0, 0, '', 0, 180000, '', 1, 130000, '', 180000, 0, '', '', 0, 0, '', 0, 0, '', 0, 0, '', 680000, 680000, 2, NULL, NULL, NULL),
(296, 141, 329, 'anev1', 0, 610000, '', 1, 275000, '', 1, 275000, '', 0, 0, '', 0, 650000, '', 0, 530000, '', 0, 0, '', 0, 180000, '', 0, 180000, '', 180000, 0, '', '', 0, 0, '', 0, 0, '', 0, 0, '', 550000, 550000, 2, NULL, NULL, NULL),
(297, 141, 330, 'anev1', 0, 610000, '', 1, 275000, '', 1, 275000, '', 0, 0, '', 0, 650000, '', 0, 530000, '', 0, 0, '', 0, 180000, '', 1, 130000, '', 180000, 0, '', '', 0, 0, '', 0, 0, '', 0, 0, '', 680000, 680000, 2, NULL, NULL, NULL),
(298, 141, 351, 'anev1', 0, 610000, '', 1, 275000, '', 1, 275000, '', 0, 0, '', 0, 650000, '', 0, 530000, '', 0, 0, '', 0, 180000, '', 1, 130000, '', 180000, 0, '', '', 0, 0, '', 0, 0, '', 0, 0, '', 680000, 680000, 2, NULL, NULL, NULL),
(299, 141, 343, 'anev1', 0, 610000, '', 1, 275000, '', 1, 275000, '', 0, 0, '', 0, 650000, '', 0, 530000, '', 0, 0, '', 0, 180000, '', 1, 130000, '', 180000, 0, '', '', 0, 0, '', 0, 0, '', 0, 0, '', 680000, 680000, 2, NULL, NULL, NULL),
(300, 141, 334, 'anev1', 0, 610000, '', 1, 275000, '', 1, 275000, '', 0, 0, '', 0, 650000, '', 0, 530000, '', 0, 0, '', 0, 180000, '', 1, 130000, '', 180000, 0, '', '', 0, 0, '', 0, 0, '', 0, 0, '', 680000, 680000, 2, NULL, NULL, NULL),
(301, 141, 277, 'anev1', 0, 610000, '', 1, 275000, '', 1, 275000, '', 0, 0, '', 0, 650000, '', 0, 530000, '', 0, 0, '', 0, 180000, '', 1, 130000, '', 180000, 0, '', '', 0, 0, '', 0, 0, '', 0, 0, '', 680000, 680000, 2, NULL, NULL, NULL),
(302, 151, 143, '', 0, 0, '', 0, 0, '', 0, 0, '', 0, 0, '', 0, 0, '', 3, 7867400, '', 2, 3146960, '', 0, 0, '', 0, 0, '0', 0, 0, '0', '', 0, 0, '', 0, 0, '', 0, 0, '', 0, 23602200, 4, 0, 0, ''),
(303, 149, 51, 'kepeg1', 1, 243000, '', 1, 1192522, '', 1, 944544, '', 1, 600000, '', 1, 150000, '', 2, 370000, '', 0, 0, '', 0, 130000, '', 0, 130000, '', 130000, 1, '', '', 0, 0, '', 0, 0, '', 0, 0, '', 0, 4000066, 4, NULL, NULL, NULL),
(304, 125, 568, 'hubal1', 0, 0, '', 1, 275000, '', 1, 275000, '', 0, 0, '', 0, 0, '', 1, 530000, '', 0, 0, '', 0, 0, '', 0, 0, '', 0, 0, '', '', 0, 0, '', 0, 0, '', 0, 0, '', 1080000, 1080000, 2, NULL, NULL, NULL),
(305, 125, 570, 'hubal1', 0, 0, '', 1, 275000, '', 1, 275000, '', 0, 0, '', 0, 0, '', 1, 530000, '', 0, 0, '', 0, 0, '', 0, 0, '', 0, 0, '', '', 0, 0, '', 0, 0, '', 0, 0, '', 1080000, 1080000, 2, NULL, NULL, NULL),
(306, 125, 575, 'hubal1', 0, 0, '', 1, 275000, '', 1, 275000, '', 0, 0, '', 0, 0, '', 1, 530000, '', 0, 0, '', 0, 0, '', 0, 0, '', 0, 0, '', '', 0, 0, '', 0, 0, '', 0, 0, '', 1080000, 1080000, 2, NULL, NULL, NULL),
(307, 149, 53, 'kepeg1', 1, 243000, '', 1, 1192522, '', 1, 944544, '', 1, 600000, '', 1, 150000, '', 2, 370000, '', 0, 0, '', 0, 130000, '', 0, 130000, '', 130000, 1, '', '', 0, 0, '', 0, 0, '', 0, 0, '', 0, 4000066, 4, NULL, NULL, NULL),
(308, 125, 576, 'hubal1', 0, 0, '', 1, 275000, '', 1, 275000, '', 0, 0, '', 0, 0, '', 1, 530000, '', 0, 0, '', 0, 0, '', 0, 0, '', 0, 0, '', '', 0, 0, '', 0, 0, '', 0, 0, '', 1080000, 1080000, 2, NULL, NULL, NULL),
(309, 90, 362, 'aspasaf1', 2, 486000, '', 1, 2281444, 'Tiket Pesawat PP', 0, 0, '', 1, 512000, '', 1, 490000, '', 3, 370000, '', 0, 0, '', 0, 0, '', 0, 0, '', 0, 0, '', '', 0, 0, '', 0, 0, '', 0, 0, '', 5365444, 5365444, 3, NULL, NULL, NULL),
(310, 125, 574, 'hubal1', 0, 0, '', 1, 275000, '', 1, 275000, '', 0, 0, '', 0, 0, '', 1, 530000, '', 0, 0, '', 0, 0, '', 0, 0, '', 0, 0, '', '0', 0, 0, '', 0, 0, '', 0, 0, '', 1080000, 1080000, 2, NULL, NULL, NULL),
(311, 125, 577, 'hubal1', 0, 610000, '', 1, 275000, '', 1, 275000, '', 0, 0, '', 0, 0, '', 1, 530000, '', 0, 0, '', 0, 0, '', 0, 0, '', 0, 0, '', '', 0, 0, '', 0, 0, '', 0, 0, '', 1080000, 1080000, 2, NULL, NULL, NULL),
(312, 125, 579, 'hubal1', 0, 0, '', 1, 275000, '', 1, 275000, '', 0, 0, '', 0, 0, '', 1, 530000, '', 0, 0, '', 0, 0, '', 0, 0, '', 0, 0, '', '', 0, 0, '', 0, 0, '', 0, 0, '', 1080000, 1080000, 2, NULL, NULL, NULL),
(313, 125, 580, 'hubal1', 0, 0, '', 1, 275000, '', 1, 275000, '', 0, 0, '', 0, 0, '', 1, 530000, '', 0, 0, '', 0, 0, '', 0, 0, '', 0, 0, '', '', 0, 0, '', 0, 0, '', 0, 0, '', 1080000, 1080000, 2, NULL, NULL, NULL),
(314, 143, 274, 'hubal1', 0, 0, '', 0, 0, '', 0, 0, '', 0, 0, '', 0, 0, '', 0, 0, '', 0, 0, '', 0, 0, '', 0, 0, '', 0, 0, '', '', 0, 0, '', 0, 0, '', 0, 0, '', 0, 0, 2, NULL, NULL, NULL),
(315, 125, 582, 'hubal1', 0, 0, '', 1, 275000, '', 1, 275000, '', 0, 0, '', 0, 0, '', 1, 530000, '', 0, 0, '', 0, 0, '', 0, 0, '', 0, 0, '', '', 0, 0, '', 0, 0, '', 0, 0, '', 1080000, 1080000, 2, NULL, NULL, NULL),
(316, 149, 54, 'kepeg1', 1, 243000, '', 1, 1192522, '', 1, 944544, '', 1, 600000, '', 1, 150000, '', 2, 370000, '', 0, 0, '', 0, 130000, '', 0, 130000, '', 130000, 1, '', '', 0, 0, '', 0, 0, '', 0, 0, '', 0, 4000066, 4, NULL, NULL, NULL),
(317, 149, 55, 'kepeg1', 1, 243000, '', 1, 1192522, '', 1, 944544, '', 1, 600000, '', 1, 150000, '', 2, 370000, '', 0, 0, '', 0, 130000, '', 0, 130000, '', 130000, 1, '', '', 0, 0, '', 0, 0, '', 0, 0, '', 0, 4000066, 4, NULL, NULL, NULL),
(318, 149, 56, 'kepeg1', 1, 243000, '', 1, 1192522, '', 1, 944544, '', 1, 600000, '', 1, 150000, '', 2, 370000, '', 0, 0, '', 0, 130000, '', 0, 130000, '', 130000, 1, '', '', 0, 0, '', 0, 0, '', 0, 0, '', 0, 4000066, 4, NULL, NULL, NULL),
(319, 125, 581, 'hubal1', 0, 0, '', 1, 275000, '', 1, 275000, '', 0, 0, '', 0, 0, '', 1, 530000, '', 0, 0, '', 0, 0, '', 0, 0, '', 0, 0, '', '', 0, 0, '', 0, 0, '', 0, 0, '', 1080000, 1080000, 2, NULL, NULL, NULL),
(320, 125, 573, 'hubal1', 0, 610000, '', 1, 275000, '', 1, 275000, '', 0, 0, '', 0, 0, '', 1, 530000, '', 0, 0, '', 0, 0, '', 0, 0, '', 0, 0, '', '', 0, 0, '', 0, 0, '', 0, 0, '', 1080000, 1080000, 2, NULL, NULL, NULL),
(321, 149, 155, 'kepeg1', 1, 243000, '', 1, 1192522, '', 1, 944544, '', 1, 600000, '', 1, 150000, '', 2, 370000, '', 0, 0, '', 0, 130000, '', 0, 130000, '', 130000, 1, '', '', 0, 0, '', 0, 0, '', 0, 0, '', 0, 4000066, 4, NULL, NULL, NULL),
(322, 149, 112, 'kepeg1', 1, 243000, '', 1, 1192522, '', 1, 944544, '', 1, 600000, '', 1, 150000, '', 2, 370000, '', 0, 0, '', 0, 130000, '', 0, 130000, '', 130000, 1, '', '', 0, 0, '', 0, 0, '', 0, 0, '', 0, 4000066, 4, NULL, NULL, NULL),
(323, 149, 553, 'kepeg1', 1, 243000, '', 1, 1192522, '', 1, 944544, '', 1, 600000, '', 1, 150000, '', 2, 370000, '', 0, 0, '', 0, 130000, '', 0, 130000, '', 130000, 1, '', '', 0, 0, '', 0, 0, '', 0, 0, '', 0, 4000066, 4, NULL, NULL, NULL),
(324, 153, 273, 'gunkuat1', 2, 935000, 'Tanggal 23-10-2019 = Rp. 770.000,- (Room Only), 24-10-2019 = Rp. 1.100.000,- (Fullboard)', 1, 275000, '', 1, 275000, '', 0, 0, '', 0, 0, '', 2, 530000, '', 0, 0, '', 0, 180000, '', 0, 180000, '', 180000, 0, 'Dikurangi 1 hari sebagai Narasumber', 'Uang Representasi 3 hari x 150000', 3, 150000, '', 0, 0, '', 0, 0, '', 3930000, 3930000, 2, NULL, NULL, NULL),
(325, 149, 423, 'kepeg1', 1, 243000, '', 1, 1089726, '', 1, 1089726, '', 1, 550000, '', 1, 150000, '', 2, 370000, '', 0, 0, '', 0, 130000, '', 0, 130000, '', 130000, 1, '', '', 0, 0, '', 0, 0, '', 0, 0, '', 0, 3992452, 4, NULL, NULL, NULL),
(326, 155, 143, '', 0, 0, '', 0, 0, '', 0, 0, '', 0, 0, '', 0, 0, '', 3, 7867400, '', 2, 3146960, '', 0, 0, '', 0, 0, '0', 0, 0, '0', '', 0, 0, '', 0, 0, '', 0, 0, '', 0, 29896120, 4, 0, 0, ''),
(327, 154, 322, 'gunkuat1', 2, 935000, 'Tanggal 23-10-2019 = Rp. 770.000,- (Room Only), 24-10-2019 = Rp. 1.100.000,- (Fullboard)', 1, 275000, '', 1, 275000, '', 0, 0, '', 0, 650000, '', 2, 530000, '', 0, 0, '', 0, 180000, '', 0, 180000, '', 180000, 0, 'Dikurangi 1 hari sebagai Narasumber ', '', 0, 0, '', 0, 0, '', 0, 0, '', 3480000, 3480000, 2, NULL, NULL, NULL),
(328, 154, 312, 'gunkuat1', 2, 617500, 'Tanggal 23-10-2019 = Rp. 385.000,- (Room Only), 24-10-2019 = Rp. 850.000,- (Fullboard)', 1, 275000, '', 1, 275000, '', 0, 0, '', 0, 650000, '', 2, 530000, '', 0, 0, '', 0, 180000, '', 0, 180000, '', 180000, 1, '', '', 0, 0, '', 0, 0, '', 0, 0, '', 3025000, 3025000, 2, NULL, NULL, NULL),
(329, 154, 320, 'gunkuat1', 2, 617500, 'Tanggal 23-10-2019 = Rp. 385.000,- (Room Only), 24-10-2019 = Rp. 850.000,- (Fullboard)', 1, 275000, '', 1, 275000, '', 0, 0, '', 0, 650000, '', 2, 530000, '', 0, 0, '', 0, 180000, '', 0, 180000, '', 180000, 1, '', '', 0, 0, '', 0, 0, '', 0, 0, '', 3025000, 3025000, 2, NULL, NULL, NULL),
(330, 154, 318, 'gunkuat1', 2, 617500, 'Tanggal 23-10-2019 = Rp. 385.000,- (Room Only), 24-10-2019 = Rp. 850.000,- (Fullboard)', 1, 275000, '', 1, 275000, '', 0, 0, '', 0, 650000, '', 2, 530000, '', 0, 0, '', 0, 180000, '', 0, 180000, '', 180000, 1, '', '', 0, 0, '', 0, 0, '', 0, 0, '', 3025000, 3025000, 2, NULL, NULL, NULL),
(331, 154, 319, 'gunkuat1', 2, 617500, 'Tanggal 23-10-2019 = Rp. 385.000,- (Room Only), 24-10-2019 = Rp. 850.000,- (Fullboard)', 1, 275000, '', 1, 275000, '', 0, 0, '', 0, 650000, '', 2, 530000, '', 0, 0, '', 0, 180000, '', 0, 180000, '', 180000, 1, '', '', 0, 0, '', 0, 0, '', 0, 0, '', 3025000, 3025000, 2, NULL, NULL, NULL),
(332, 154, 313, 'gunkuat1', 2, 617500, 'Tanggal 23-10-2019 = Rp. 385.000,- (Room Only), 24-10-2019 = Rp. 850.000,- (Fullboard)', 1, 275000, '', 1, 275000, '', 0, 0, '', 0, 650000, '', 2, 530000, '', 0, 0, '', 0, 180000, '', 0, 180000, '', 180000, 1, '', '', 0, 0, '', 0, 0, '', 0, 0, '', 3025000, 3025000, 2, NULL, NULL, NULL),
(333, 154, 325, 'gunkuat1', 2, 617500, 'Tanggal 23-10-2019 = Rp. 385.000,- (Room Only), 24-10-2019 = Rp. 850.000,- (Fullboard)', 1, 275000, '', 1, 275000, '', 0, 0, '', 0, 650000, '', 2, 530000, '', 0, 0, '', 0, 180000, '', 0, 180000, '', 180000, 1, '', '', 0, 0, '', 0, 0, '', 0, 0, '', 3025000, 3025000, 2, NULL, NULL, NULL),
(334, 154, 327, 'gunkuat1', 2, 617500, 'Tanggal 23-10-2019 = Rp. 385.000,- (Room Only), 24-10-2019 = Rp. 850.000,- (Fullboard)', 1, 275000, '', 1, 275000, '', 0, 0, '', 0, 650000, '', 2, 530000, '', 0, 0, '', 0, 180000, '', 0, 180000, '', 180000, 1, '', '', 0, 0, '', 0, 0, '', 0, 0, '', 3025000, 3025000, 2, NULL, NULL, NULL),
(335, 154, 328, 'gunkuat1', 2, 617500, 'Tanggal 23-10-2019 = Rp. 385.000,- (Room Only), 24-10-2019 = Rp. 850.000,- (Fullboard)', 1, 275000, '', 1, 275000, '', 0, 0, '', 0, 650000, '', 2, 530000, '', 0, 0, '', 0, 180000, '', 0, 180000, '', 180000, 1, '', '', 0, 0, '', 0, 0, '', 0, 0, '', 3025000, 3025000, 2, NULL, NULL, NULL),
(336, 154, 326, 'gunkuat1', 2, 617500, 'Tanggal 23-10-2019 = Rp. 385.000,- (Room Only), 24-10-2019 = Rp. 850.000,- (Fullboard)', 1, 275000, '', 1, 275000, '', 0, 0, '', 0, 650000, '', 2, 530000, '', 0, 0, '', 0, 180000, '', 0, 180000, '', 180000, 1, '', '', 0, 0, '', 0, 0, '', 0, 0, '', 3025000, 3025000, 2, NULL, NULL, NULL),
(337, 154, 515, 'gunkuat1', 2, 617500, 'Tanggal 23-10-2019 = Rp. 385.000,- (Room Only), 24-10-2019 = Rp. 850.000,- (Fullboard)', 1, 275000, '', 1, 275000, '', 0, 0, '', 0, 650000, '', 2, 530000, '', 0, 0, '', 0, 180000, '', 0, 180000, '', 180000, 1, '', '', 0, 0, '', 0, 0, '', 0, 0, '', 3025000, 3025000, 2, NULL, NULL, NULL),
(338, 152, 274, 'linkum1', 0, 610000, '', 1, 275000, '', 1, 275000, '', 0, 0, '', 0, 650000, '', 0, 530000, '', 0, 0, '', 0, 180000, '', 0, 130000, '', 180000, 0, '', '', 0, 0, '', 0, 0, '', 0, 0, '', 0, 550000, 2, NULL, NULL, NULL),
(339, 84, 118, 'rumga2', 1, 475000, '', 1, 275000, '', 1, 275000, '', 0, 0, '', 0, 0, '', 2, 530000, '', 0, 0, '', 0, 0, '', 0, 0, '', 180000, 1, '', '', 0, 0, '', 0, 0, '', 0, 0, '', 2390000, 2265000, 4, NULL, NULL, NULL),
(340, 84, 154, 'rumga2', 1, 475000, '', 1, 275000, '', 1, 275000, '', 0, 0, '', 0, 0, '', 2, 530000, '', 0, 0, '', 0, 0, '', 0, 0, '', 180000, 1, '', '', 0, 0, '', 0, 0, '', 0, 0, '', 2390000, 2265000, 4, NULL, NULL, NULL),
(341, 84, 122, 'rumga2', 1, 475000, '', 1, 275000, '', 1, 275000, '', 0, 0, '', 0, 0, '', 2, 530000, '', 0, 0, '', 0, 0, '', 0, 0, '', 180000, 1, '', '', 0, 0, '', 0, 0, '', 0, 0, '', 2390000, 2265000, 4, NULL, NULL, NULL),
(342, 84, 72, 'rumga2', 1, 475000, '', 1, 275000, '', 1, 275000, '', 0, 0, '', 0, 0, '', 2, 530000, '', 0, 0, '', 0, 0, '', 0, 0, '', 180000, 1, '', '', 0, 0, '', 0, 0, '', 0, 0, '', 2390000, 2265000, 4, NULL, NULL, NULL),
(343, 152, 346, 'linkum1', 0, 610000, '', 1, 275000, '', 1, 275000, '', 0, 0, '', 0, 650000, '', 0, 530000, '', 0, 0, '', 0, 180000, '', 0, 130000, '', 180000, 0, '', '', 0, 0, '', 0, 0, '', 0, 0, '', 550000, 550000, 2, NULL, NULL, NULL),
(344, 152, 348, 'linkum1', 0, 610000, '', 1, 275000, '', 1, 275000, '', 0, 0, '', 0, 650000, '', 0, 530000, '', 0, 0, '', 0, 180000, '', 0, 130000, '', 180000, 0, '', '', 0, 0, '', 0, 0, '', 0, 0, '', 550000, 550000, 2, NULL, NULL, NULL),
(345, 152, 585, 'linkum1', 0, 610000, '', 1, 275000, '', 1, 275000, '', 0, 0, '', 0, 650000, '', 0, 530000, '', 0, 0, '', 0, 180000, '', 0, 180000, '', 180000, 0, '', '', 0, 0, '', 0, 0, '', 0, 0, '', 550000, 550000, 2, NULL, NULL, NULL),
(346, 152, 350, 'linkum1', 0, 610000, '', 1, 275000, '', 1, 275000, '', 0, 0, '', 0, 650000, '', 0, 530000, '', 0, 0, '', 0, 180000, '', 1, 130000, '', 180000, 0, '', '', 0, 0, '', 0, 0, '', 0, 0, '', 680000, 680000, 2, NULL, NULL, NULL),
(347, 152, 332, 'linkum1', 0, 610000, '', 1, 275000, '', 1, 275000, '', 0, 0, '', 0, 650000, '', 0, 530000, '', 0, 0, '', 0, 180000, '', 1, 130000, '', 180000, 0, '', '', 0, 0, '', 0, 0, '', 0, 0, '', 680000, 680000, 2, NULL, NULL, NULL),
(348, 152, 331, 'linkum1', 0, 610000, '', 1, 275000, '', 1, 275000, '', 0, 0, '', 0, 650000, '', 0, 530000, '', 0, 0, '', 0, 180000, '', 1, 130000, '', 180000, 0, '', '', 0, 0, '', 0, 0, '', 0, 0, '', 680000, 680000, 2, NULL, NULL, NULL),
(349, 152, 343, 'linkum1', 0, 610000, '', 1, 275000, '', 1, 275000, '', 0, 0, '', 0, 650000, '', 0, 530000, '', 0, 0, '', 0, 180000, '', 1, 130000, '', 180000, 0, '', '', 0, 0, '', 0, 0, '', 0, 0, '', 680000, 680000, 2, NULL, NULL, NULL),
(350, 152, 91, 'linkum1', 0, 610000, '', 1, 275000, '', 1, 275000, '', 0, 0, '', 0, 650000, '', 0, 530000, '', 0, 0, '', 0, 180000, '', 1, 130000, '', 180000, 0, '', '', 0, 0, '', 0, 0, '', 0, 0, '', 680000, 680000, 2, NULL, NULL, NULL),
(351, 152, 73, 'linkum1', 0, 610000, '', 1, 275000, '', 1, 275000, '', 0, 0, '', 0, 650000, '', 0, 530000, '', 0, 0, '', 0, 180000, '', 1, 130000, '', 180000, 0, '', '', 0, 0, '', 0, 0, '', 0, 0, '', 0, 680000, 2, NULL, NULL, NULL),
(352, 153, 315, 'gunkuat1', 2, 935000, 'Tanggal 23-10-2019 = Rp. 770.000,- (Room Only), 24-10-2019 = Rp. 1.100.000,- (Fullboard)', 1, 275000, '', 1, 275000, '', 0, 0, '', 0, 650000, '', 2, 530000, '', 0, 0, '', 0, 180000, '', 0, 180000, '', 180000, 0, 'Dikurangi 1 hari sebagai Narasumber', '', 0, 0, '', 0, 0, '', 0, 0, '', 3480000, 3480000, 2, NULL, NULL, NULL),
(353, 153, 306, 'gunkuat1', 2, 935000, 'Tanggal 23-10-2019 = Rp. 770.000,- (Room Only), 24-10-2019 = Rp. 1.100.000,- (Fullboard)', 1, 275000, '', 1, 275000, '', 0, 0, '', 0, 650000, '', 2, 530000, '', 0, 0, '', 0, 180000, '', 0, 180000, '', 180000, 0, 'Dikurangi 1 hari sebagai Narasumber', '', 0, 0, '', 0, 0, '', 0, 0, '', 3480000, 3480000, 2, NULL, NULL, NULL),
(354, 153, 308, 'gunkuat1', 2, 617500, 'Tanggal 23-10-2019 = Rp. 385.000,- (Room Only), 24-10-2019 = Rp. 850.000,- (Fullboard)', 1, 275000, '', 1, 275000, '', 0, 0, '', 0, 650000, '', 2, 530000, '', 0, 0, '', 0, 180000, '', 0, 180000, '', 180000, 1, '', '', 0, 0, '', 0, 0, '', 0, 0, '', 3025000, 3025000, 2, NULL, NULL, NULL),
(355, 153, 307, 'gunkuat1', 2, 617500, 'Tanggal 23-10-2019 = Rp. 385.000,- (Room Only), 24-10-2019 = Rp. 850.000,- (Fullboard)', 1, 275000, '', 1, 275000, '', 0, 0, '', 0, 650000, '', 2, 530000, '', 0, 0, '', 0, 180000, '', 0, 180000, '', 180000, 1, '', '', 0, 0, '', 0, 0, '', 0, 0, '', 3025000, 3025000, 2, NULL, NULL, NULL),
(356, 153, 316, 'gunkuat1', 2, 617500, 'Tanggal 23-10-2019 = Rp. 385.000,- (Room Only), 24-10-2019 = Rp. 850.000,- (Fullboard)', 1, 275000, '', 1, 275000, '', 0, 0, '', 0, 650000, '', 2, 530000, '', 0, 0, '', 0, 180000, '', 0, 180000, '', 180000, 0, 'Dikurangi 1 hari sebagai Moderator', '', 0, 0, '', 0, 0, '', 0, 0, '', 2845000, 2845000, 2, NULL, NULL, NULL),
(357, 153, 309, 'gunkuat1', 2, 617500, 'Tanggal 23-10-2019 = Rp. 385.000,- (Room Only), 24-10-2019 = Rp. 850.000,- (Fullboard)', 1, 275000, '', 1, 275000, '', 0, 0, '', 0, 650000, '', 2, 530000, '', 0, 0, '', 0, 180000, '', 0, 180000, '', 180000, 0, 'Dikurangi 1 hari sebagai Moderator', '', 0, 0, '', 0, 0, '', 0, 0, '', 2845000, 2845000, 2, NULL, NULL, NULL),
(358, 153, 311, 'gunkuat1', 2, 617500, 'Tanggal 23-10-2019 = Rp. 385.000,- (Room Only), 24-10-2019 = Rp. 850.000,- (Fullboard)', 1, 275000, '', 1, 275000, '', 0, 0, '', 0, 650000, '', 2, 530000, '', 0, 0, '', 0, 180000, '', 0, 180000, '', 180000, 1, '', '', 0, 0, '', 0, 0, '', 0, 0, '', 3025000, 3025000, 2, NULL, NULL, NULL),
(359, 153, 310, 'gunkuat1', 2, 617500, 'Tanggal 23-10-2019 = Rp. 385.000,- (Room Only), 24-10-2019 = Rp. 850.000,- (Fullboard)', 1, 275000, '', 1, 275000, '', 0, 0, '', 0, 650000, '', 2, 530000, '', 0, 0, '', 0, 180000, '', 0, 180000, '', 180000, 1, '', '', 0, 0, '', 0, 0, '', 0, 0, '', 3025000, 3025000, 2, NULL, NULL, NULL),
(360, 153, 317, 'gunkuat1', 2, 617500, 'Tanggal 23-10-2019 = Rp. 385.000,- (Room Only), 24-10-2019 = Rp. 850.000,- (Fullboard)', 1, 275000, '', 1, 275000, '', 0, 0, '', 0, 650000, '', 2, 530000, '', 0, 0, '', 0, 180000, '', 0, 180000, '', 180000, 1, '', '', 0, 0, '', 0, 0, '', 0, 0, '', 3025000, 3025000, 2, NULL, NULL, NULL),
(361, 153, 279, 'gunkuat1', 2, 617500, 'Tanggal 23-10-2019 = Rp. 385.000,- (Room Only), 24-10-2019 = Rp. 850.000,- (Fullboard)', 1, 275000, '', 1, 275000, '', 0, 0, '', 0, 650000, '', 2, 530000, '', 0, 0, '', 0, 180000, '', 0, 180000, '', 180000, 1, '', '', 0, 0, '', 0, 0, '', 0, 0, '', 3025000, 3025000, 2, NULL, NULL, NULL),
(363, 184, 408, 'kontra1', 2, 368000, '', 1, 3568884, 'PP', 0, 0, '', 1, 650000, 'PP', 0, 0, '', 3, 380000, '', 0, 0, '', 0, 0, '', 0, 0, '', 0, 0, '', '', 0, 0, '', 0, 0, '', 0, 0, '', 0, 6094884, 1, NULL, NULL, NULL),
(364, 184, 424, 'kontra1', 2, 368000, '', 1, 3568884, 'PP', 0, 0, '', 1, 650000, 'PP', 0, 0, '', 3, 380000, '', 0, 0, '', 0, 0, '', 0, 0, '', 0, 0, '', '', 0, 0, '', 0, 0, '', 0, 0, '', 0, 6094884, 1, NULL, NULL, NULL),
(365, 180, 383, '', 0, 0, '', 0, 0, '', 0, 0, '', 0, 0, '', 0, 0, '', 3, 8322600, 'Tarif: $582, Kurs : 14.300', 3, 3329040, 'Tarif: $582, Kurs : 14.300', 0, 0, '', 0, 0, '0', 0, 0, '0', 'Biaya Pembutan Visa', 1, 5285000, '', 0, 0, '', 0, 0, '', 40239920, 40239920, 3, 0, 0, ''),
(366, 180, 388, '', 0, 0, '', 0, 0, '', 0, 0, '', 0, 0, '', 0, 0, '', 3, 8322600, 'Tarif: $582, Kurs : 14.300', 3, 3329040, 'Tarif: $582, Kurs : 14.300', 0, 0, '', 0, 0, '0', 0, 0, '0', 'Biaya Pembuatan Visa', 1, 5285000, '', 0, 0, '', 0, 0, '', 40239920, 40239920, 3, 0, 0, ''),
(367, 38, 525, 'hubal1', 1, 1200000, '', 1, 415000, '', 1, 300000, '', 1, 550000, '', 0, 0, '', 0, 0, '', 0, 0, '', 0, 0, '', 0, 0, '', 130000, 1, '', '', 0, 0, '', 0, 0, '', 0, 0, '', 2595000, 2595000, 2, NULL, NULL, NULL),
(368, 38, 521, 'hubal1', 1, 900000, '', 1, 415000, '', 1, 300000, '', 1, 550000, '', 0, 0, '', 0, 0, '', 0, 0, '', 0, 0, '', 0, 0, '', 130000, 1, '', '', 0, 0, '', 0, 0, '', 0, 0, '', 2295000, 2295000, 2, NULL, NULL, NULL),
(369, 38, 522, 'hubal1', 1, 550000, '', 1, 415000, '', 1, 300000, '', 1, 550000, '', 0, 0, '', 0, 0, '', 0, 0, '', 0, 0, '', 0, 0, '', 130000, 1, '', '', 0, 0, '', 0, 0, '', 0, 0, '', 1945000, 1945000, 2, NULL, NULL, NULL),
(370, 38, 583, 'hubal1', 1, 550000, '', 1, 415000, '', 1, 300000, '', 1, 550000, '', 0, 0, '', 0, 0, '', 0, 0, '', 0, 0, '', 1, 95000, '', 130000, 1, '', '', 0, 0, '', 0, 0, '', 0, 0, '', 2040000, 2040000, 2, NULL, NULL, NULL),
(371, 38, 584, 'hubal1', 1, 225000, '', 1, 415000, '', 1, 300000, '', 1, 550000, '', 0, 0, '', 0, 0, '', 0, 0, '', 0, 0, '', 1, 95000, '', 130000, 1, '', '', 0, 0, '', 0, 0, '', 0, 0, '', 1715000, 1715000, 2, NULL, NULL, NULL),
(372, 38, 530, 'hubal1', 1, 550000, '', 1, 415000, '', 1, 300000, '', 1, 550000, '', 0, 0, '', 0, 0, '', 0, 0, '', 0, 0, '', 0, 0, '', 130000, 1, '', '', 0, 0, '', 0, 0, '', 0, 0, '', 1945000, 1945000, 2, NULL, NULL, NULL),
(373, 188, 200, 'kontra1', 0, 0, '', 0, 0, '', 0, 0, '', 0, 0, '', 0, 0, '', 0, 0, '', 0, 0, '', 0, 0, '', 0, 0, '', 0, 0, '', '', 0, 0, '', 0, 0, '', 0, 0, '', 0, 0, 1, NULL, NULL, NULL),
(374, 188, 196, 'kontra1', 0, 0, '', 0, 0, '', 0, 0, '', 0, 0, '', 0, 0, '', 0, 0, '', 0, 0, '', 0, 0, '', 0, 0, '', 0, 0, '', '', 0, 0, '', 0, 0, '', 0, 0, '', 0, 0, 1, NULL, NULL, NULL),
(375, 38, 532, 'hubal1', 1, 550000, '', 1, 415000, '', 1, 300000, '', 1, 550000, '', 0, 0, '', 0, 0, '', 0, 0, '', 0, 0, '', 0, 0, '', 130000, 1, '', '', 0, 0, '', 0, 0, '', 0, 0, '', 1945000, 1945000, 2, NULL, NULL, NULL),
(376, 38, 531, 'hubal1', 1, 550000, '', 1, 415000, '', 1, 300000, '', 1, 550000, '', 0, 0, '', 0, 0, '', 0, 0, '', 0, 0, '', 0, 0, '', 130000, 1, '', '', 0, 0, '', 0, 0, '', 0, 0, '', 1945000, 1945000, 2, NULL, NULL, NULL),
(377, 189, 92, 'rumga1', 0, 610000, '', 1, 550000, 'Bogor Jakarta PP', 0, 4500000, '', 0, 0, '', 0, 650000, '', 2, 530000, '', 0, 0, '', 0, 180000, '', 0, 180000, '', 180000, 0, '', '', 0, 0, '', 0, 0, '', 0, 0, '', 1610000, 1610000, 4, NULL, NULL, NULL),
(378, 189, 124, 'rumga1', 0, 610000, '', 1, 550000, '', 0, 4500000, '', 0, 0, '', 0, 650000, '', 2, 530000, '', 0, 0, '', 0, 180000, '', 0, 180000, '', 180000, 0, '', '', 0, 0, '', 0, 0, '', 0, 0, '', 1610000, 1610000, 4, NULL, NULL, NULL),
(379, 39, 539, 'hubal1', 1, 150000, '', 1, 415000, '', 1, 300000, '', 1, 550000, '', 0, 0, '', 0, 0, '', 0, 0, '', 0, 0, '', 1, 95000, '', 130000, 1, '', '', 0, 0, '', 0, 0, '', 0, 0, '', 1640000, 1640000, 2, NULL, NULL, NULL),
(380, 39, 546, 'hubal1', 0, 0, '', 1, 415000, '', 1, 300000, '', 1, 550000, '', 0, 0, '', 0, 0, '', 0, 0, '', 0, 0, '', 1, 95000, '', 130000, 1, '', '', 0, 0, '', 0, 0, '', 0, 0, '', 1490000, 1490000, 2, NULL, NULL, NULL),
(381, 190, 158, 'dalpas1', 1, 664000, 'Penginapan Panitia 1 Hari x 1 Orang ', 1, 1500000, 'Tiket Pesawat Pergi Panitia', 1, 1500000, 'Tiket Pesawat Pulang Panitia', 1, 650000, 'Transport Bandara ', 1, 388000, 'Taxi Daerah Panitia', 3, 410000, 'Uang Harian Panitia', 0, 0, '', 0, 0, '', 0, 0, '', 0, 0, '', '', 0, 0, '', 0, 0, '', 0, 0, '', 0, 5932000, 1, NULL, NULL, NULL),
(382, 190, 159, 'dalpas1', 1, 664000, 'Penginapan Panitia 1 Hari x 1 Orang ', 1, 1500000, 'Tiket Pesawat Pergi Panitia', 1, 1500000, 'Tiket Pesawat Pulang Panitia', 1, 650000, 'Transport Bandara ', 1, 388000, 'Taxi Daerah Panitia', 3, 410000, 'Uang Harian Panitia', 0, 0, '', 0, 0, '', 0, 0, '', 0, 0, '', '', 0, 0, '', 0, 0, '', 0, 0, '', 0, 5932000, 1, NULL, NULL, NULL),
(383, 190, 173, 'dalpas1', 1, 664000, 'Penginapan Panitia 1 Hari x 1 Orang ', 1, 1500000, 'Tiket Pesawat Pergi Panitia', 1, 1500000, 'Tiket Pesawat Pulang Panitia', 1, 650000, 'Transport Bandara ', 1, 388000, 'Taxi Daerah Panitia', 3, 410000, 'Uang Harian Panitia', 0, 0, '', 0, 0, '', 0, 0, '', 0, 0, '', '', 0, 0, '', 0, 0, '', 0, 0, '', 0, 5932000, 1, NULL, NULL, NULL),
(384, 39, 542, 'hubal1', 1, 150000, '', 1, 415000, '', 1, 300000, '', 1, 550000, '', 0, 0, '', 0, 0, '', 0, 0, '', 0, 0, '', 1, 95000, '', 130000, 1, '', '', 0, 0, '', 0, 0, '', 0, 0, '', 1640000, 1640000, 2, NULL, NULL, NULL),
(385, 40, 274, 'hubal1', 2, 1200000, '', 1, 415000, '', 1, 300000, '', 1, 550000, '', 0, 0, '', 1, 370000, '', 0, 0, '', 0, 0, '', 0, 0, '', 130000, 1, '', '', 0, 0, '', 0, 0, '', 0, 0, '', 4165000, 4165000, 2, NULL, NULL, NULL),
(386, 40, 526, 'hubal1', 2, 900000, '', 1, 415000, '', 1, 300000, '', 1, 550000, '', 0, 0, '', 1, 370000, '', 0, 0, '', 0, 0, '', 0, 0, '', 130000, 1, '', '', 0, 0, '', 0, 0, '', 0, 0, '', 3565000, 3565000, 2, NULL, NULL, NULL),
(387, 40, 519, 'hubal1', 0, 0, '', 1, 415000, '', 1, 300000, '', 1, 550000, '', 0, 0, '', 1, 370000, '', 0, 0, '', 0, 0, '', 0, 0, '', 130000, 1, '', '', 0, 0, '', 0, 0, '', 0, 0, '', 1765000, 1765000, 2, NULL, NULL, NULL),
(388, 40, 520, 'hubal1', 2, 1200000, '', 1, 415000, '', 1, 300000, '', 1, 550000, '', 0, 0, '', 1, 370000, '', 0, 0, '', 0, 0, '', 0, 0, '', 130000, 1, '', '', 0, 0, '', 0, 0, '', 0, 0, '', 4165000, 4165000, 2, NULL, NULL, NULL),
(389, 40, 339, 'hubal1', 2, 900000, '', 1, 415000, '', 1, 300000, '', 1, 550000, '', 0, 0, '', 1, 370000, '', 0, 0, '', 0, 0, '', 1, 95000, '', 130000, 1, '', '', 0, 0, '', 0, 0, '', 0, 0, '', 3660000, 3660000, 2, NULL, NULL, NULL),
(390, 40, 529, 'hubal1', 2, 900000, '', 1, 415000, '', 1, 300000, '', 1, 550000, '', 0, 0, '', 1, 370000, '', 0, 0, '', 0, 0, '', 0, 0, '', 130000, 1, '', '', 0, 0, '', 0, 0, '', 0, 0, '', 3565000, 3565000, 2, NULL, NULL, NULL),
(391, 40, 527, 'hubal1', 2, 225000, '', 1, 415000, '', 1, 300000, '', 1, 550000, '', 0, 0, '', 1, 370000, '', 0, 0, '', 0, 0, '', 1, 95000, '', 130000, 1, '', '', 0, 0, '', 0, 0, '', 0, 0, '', 2310000, 2310000, 2, NULL, NULL, NULL),
(392, 40, 528, 'hubal1', 2, 225000, '', 1, 415000, '', 1, 300000, '', 1, 550000, '', 0, 0, '', 1, 370000, '', 0, 0, '', 0, 0, '', 1, 95000, '', 130000, 1, '', '', 0, 0, '', 0, 0, '', 0, 0, '', 2310000, 2310000, 2, NULL, NULL, NULL),
(393, 40, 533, 'hubal1', 2, 225000, '', 1, 415000, '', 1, 300000, '', 1, 550000, '', 0, 0, '', 1, 370000, '', 0, 0, '', 0, 0, '', 1, 95000, '', 130000, 1, '', '', 0, 0, '', 0, 0, '', 0, 0, '', 2310000, 2310000, 2, NULL, NULL, NULL),
(394, 40, 534, 'hubal1', 2, 225000, '', 1, 415000, '', 1, 300000, '', 1, 550000, '', 0, 0, '', 1, 370000, '', 0, 0, '', 0, 0, '', 1, 95000, '', 130000, 1, '', '', 0, 0, '', 0, 0, '', 0, 0, '', 2310000, 2310000, 2, NULL, NULL, NULL),
(395, 41, 344, 'hubal1', 2, 225000, '', 1, 300000, '', 1, 300000, '', 1, 550000, '', 0, 0, '', 1, 370000, '', 0, 0, '', 0, 0, '', 1, 95000, '', 130000, 1, '', '', 0, 0, '', 0, 0, '', 0, 0, '', 2195000, 2195000, 2, NULL, NULL, NULL),
(396, 41, 333, 'hubal1', 2, 225000, '', 1, 300000, '', 1, 300000, '', 1, 550000, '', 0, 0, '', 1, 370000, '', 0, 0, '', 0, 0, '', 1, 95000, '', 130000, 1, '', '', 0, 0, '', 0, 0, '', 0, 0, '', 2195000, 2195000, 2, NULL, NULL, NULL),
(397, 41, 338, 'hubal1', 2, 225000, '', 1, 415000, '', 1, 300000, '', 1, 550000, '', 0, 0, '', 1, 370000, '', 0, 0, '', 0, 0, '', 1, 95000, '', 130000, 1, '', '', 0, 0, '', 0, 0, '', 0, 0, '', 2310000, 2310000, 2, NULL, NULL, NULL),
(398, 41, 277, 'hubal1', 2, 150000, '', 1, 300000, '', 1, 300000, '', 1, 550000, '', 0, 0, '', 1, 370000, '', 0, 0, '', 0, 0, '', 1, 95000, '', 130000, 1, '', '', 0, 0, '', 0, 0, '', 0, 0, '', 2045000, 2045000, 2, NULL, NULL, NULL),
(399, 41, 409, 'hubal1', 2, 150000, '', 1, 415000, '', 1, 300000, '', 1, 550000, '', 0, 0, '', 1, 370000, '', 0, 0, '', 0, 0, '', 1, 95000, '', 130000, 1, '', '', 0, 0, '', 0, 0, '', 0, 0, '', 2160000, 2160000, 2, NULL, NULL, NULL),
(400, 41, 416, 'hubal1', 2, 400000, '', 1, 415000, '', 1, 300000, '', 1, 550000, '', 0, 0, '', 1, 370000, '', 0, 0, '', 0, 0, '', 1, 95000, '', 130000, 1, '', '', 0, 0, '', 0, 0, '', 0, 0, '', 2660000, 2660000, 2, NULL, NULL, NULL),
(401, 41, 538, 'hubal1', 0, 0, '', 1, 415000, '', 1, 300000, '', 1, 550000, '', 0, 0, '', 1, 370000, '', 0, 0, '', 0, 0, '', 1, 95000, '', 130000, 1, '', '', 0, 0, '', 0, 0, '', 0, 0, '', 1860000, 1860000, 2, NULL, NULL, NULL),
(402, 41, 540, 'hubal1', 2, 225000, '', 1, 415000, '', 1, 300000, '', 1, 550000, '', 0, 0, '', 1, 370000, '', 0, 0, '', 0, 0, '', 1, 95000, '', 130000, 1, '', '', 0, 0, '', 0, 0, '', 0, 0, '', 2310000, 2310000, 2, NULL, NULL, NULL),
(403, 41, 541, 'hubal1', 2, 225000, '', 1, 415000, '', 1, 300000, '', 1, 550000, '', 0, 0, '', 1, 370000, '', 0, 0, '', 0, 0, '', 1, 95000, '', 130000, 1, '', '', 0, 0, '', 0, 0, '', 0, 0, '', 2310000, 2310000, 2, NULL, NULL, NULL),
(404, 156, 150, 'ren1', 1, 1754500, '', 1, 370000, '', 0, 0, '', 0, 0, '', 0, 0, '', 1, 430000, '', 0, 0, '', 0, 0, '', 0, 0, '', 0, 0, '', 'Uang representative eselon I', 2, 200000, '', 0, 0, '', 0, 0, '', 2954500, 2954500, 4, NULL, NULL, NULL),
(405, 156, 156, 'ren1', 1, 410000, '', 1, 370000, '', 0, 0, '', 0, 0, '', 0, 0, '', 1, 430000, '', 0, 0, '', 0, 0, '', 1, 150000, '', 0, 0, '', '', 0, 0, '', 0, 0, '', 0, 0, '', 1360000, 1360000, 4, NULL, NULL, NULL),
(406, 156, 587, 'ren1', 1, 410000, '', 1, 370000, '', 0, 0, '', 0, 0, '', 0, 0, '', 1, 430000, '', 0, 0, '', 0, 0, '', 0, 0, '', 150000, 1, '', '', 0, 0, '', 0, 0, '', 0, 0, '', 1360000, 1360000, 4, NULL, NULL, NULL),
(407, 172, 74, 'ren1', 3, 820000, '', 1, 370000, '', 0, 0, '', 0, 0, '', 0, 0, '', 2, 430000, '', 0, 0, '', 0, 0, '', 1, 105000, '', 150000, 1, '', '', 0, 0, '', 0, 0, '', 0, 0, '', 3945000, 3945000, 4, NULL, NULL, NULL),
(408, 172, 76, 'ren1', 3, 410000, '', 1, 370000, '', 0, 0, '', 0, 0, '', 0, 0, '', 2, 430000, '', 0, 0, '', 0, 0, '', 1, 105000, '', 150000, 1, '', '', 0, 0, '', 0, 0, '', 0, 0, '', 2715000, 2715000, 4, NULL, NULL, NULL),
(409, 172, 78, 'ren1', 3, 410000, '', 1, 370000, '', 0, 0, '', 0, 0, '', 0, 0, '', 2, 430000, '', 0, 0, '', 0, 0, '', 1, 105000, '', 150000, 1, '', '', 0, 0, '', 0, 0, '', 0, 0, '', 2715000, 2715000, 4, NULL, NULL, NULL),
(410, 172, 79, 'ren1', 3, 410000, '', 1, 370000, '', 0, 0, '', 0, 0, '', 0, 0, '', 2, 430000, '', 0, 0, '', 0, 0, '', 1, 105000, '', 150000, 1, '', '', 0, 0, '', 0, 0, '', 0, 0, '', 2715000, 2715000, 4, NULL, NULL, NULL),
(411, 172, 80, 'ren1', 3, 410000, '', 1, 370000, '', 0, 0, '', 0, 0, '', 0, 0, '', 2, 430000, '', 0, 0, '', 0, 0, '', 1, 105000, '', 150000, 1, '', '', 0, 0, '', 0, 0, '', 0, 0, '', 2715000, 2715000, 4, NULL, NULL, NULL),
(412, 172, 82, 'ren1', 3, 410000, '', 1, 370000, '', 0, 0, '', 0, 0, '', 0, 0, '', 2, 430000, '', 0, 0, '', 0, 0, '', 1, 105000, '', 150000, 1, '', '', 0, 0, '', 0, 0, '', 0, 0, '', 2715000, 2715000, 4, NULL, NULL, NULL),
(413, 172, 81, 'ren1', 3, 410000, '', 1, 370000, '', 0, 0, '', 0, 0, '', 0, 0, '', 2, 430000, '', 0, 0, '', 0, 0, '', 1, 105000, '', 150000, 1, '', '', 0, 0, '', 0, 0, '', 0, 0, '', 2715000, 2715000, 4, NULL, NULL, NULL),
(414, 172, 24, 'ren1', 3, 410000, '', 1, 370000, '', 0, 0, '', 0, 0, '', 0, 0, '', 2, 430000, '', 0, 0, '', 0, 0, '', 1, 105000, '', 150000, 1, '', '', 0, 0, '', 0, 0, '', 0, 0, '', 2715000, 2715000, 4, NULL, NULL, NULL),
(415, 172, 83, 'ren1', 3, 410000, '', 1, 370000, '', 0, 0, '', 0, 0, '', 0, 0, '', 2, 430000, '', 0, 0, '', 0, 0, '', 1, 105000, '', 150000, 1, '', '', 0, 0, '', 0, 0, '', 0, 0, '', 2715000, 2715000, 4, NULL, NULL, NULL),
(416, 157, 152, 'ren1', 2, 1754500, '', 1, 370000, '', 0, 0, '', 0, 0, '', 0, 0, '', 1, 430000, '', 0, 0, '', 0, 0, '', 0, 0, '', 150000, 1, '', 'Uang Representatif Eselon II', 3, 150000, '', 0, 0, '', 0, 0, '', 4909000, 4909000, 4, NULL, NULL, NULL),
(417, 157, 35, 'ren1', 2, 820000, '', 1, 370000, '', 0, 0, '', 0, 0, '', 0, 0, '', 1, 430000, '', 0, 0, '', 0, 0, '', 1, 105000, '', 150000, 1, '', '', 0, 0, '', 0, 0, '', 0, 0, '', 2695000, 2695000, 4, NULL, NULL, NULL),
(418, 157, 174, 'ren1', 2, 820000, '', 1, 370000, '', 0, 0, '', 0, 0, '', 0, 0, '', 1, 430000, '', 0, 0, '', 0, 0, '', 1, 105000, '', 150000, 1, '', '', 0, 0, '', 0, 0, '', 0, 0, '', 2695000, 2695000, 4, NULL, NULL, NULL),
(419, 157, 49, 'ren1', 1, 820000, '', 0, 500000, '', 0, 500000, '', 0, 0, '', 0, 166000, '', 0, 430000, '', 0, 0, '', 0, 150000, '', 0, 150000, '', 150000, 0, '', '', 0, 0, '', 0, 0, '', 0, 0, '', 0, 820000, 4, NULL, NULL, NULL),
(420, 157, 49, 'ren1', 2, 820000, '', 1, 370000, '', 0, 0, '', 0, 0, '', 0, 0, '', 1, 430000, '', 0, 0, '', 0, 0, '', 1, 105000, '', 150000, 1, '', '', 0, 0, '', 0, 0, '', 0, 0, '', 2695000, 2695000, 4, NULL, NULL, NULL),
(421, 157, 377, 'ren1', 2, 820000, '', 1, 370000, '', 0, 0, '', 0, 0, '', 0, 0, '', 1, 430000, '', 0, 0, '', 0, 0, '', 1, 105000, '', 150000, 1, '', '', 0, 0, '', 0, 0, '', 0, 0, '', 2695000, 2695000, 4, NULL, NULL, NULL),
(422, 157, 239, 'ren1', 2, 820000, '', 1, 370000, '', 0, 0, '', 0, 0, '', 0, 0, '', 1, 430000, '', 0, 0, '', 0, 0, '', 1, 105000, '', 150000, 1, '', '', 0, 0, '', 0, 0, '', 0, 0, '', 2695000, 2695000, 4, NULL, NULL, NULL),
(423, 157, 363, 'ren1', 2, 820000, '', 1, 370000, '', 0, 0, '', 0, 0, '', 0, 0, '', 1, 430000, '', 0, 0, '', 0, 0, '', 1, 105000, '', 150000, 1, '', '', 0, 0, '', 0, 0, '', 0, 0, '', 2695000, 2695000, 4, NULL, NULL, NULL),
(424, 157, 130, 'ren1', 2, 820000, '', 1, 370000, '', 0, 0, '', 0, 0, '', 0, 0, '', 1, 430000, '', 0, 0, '', 0, 0, '', 1, 105000, '', 150000, 1, '', '', 0, 0, '', 0, 0, '', 0, 0, '', 2695000, 2695000, 4, NULL, NULL, NULL),
(425, 157, 296, 'ren1', 2, 820000, '', 1, 370000, '', 0, 0, '', 0, 0, '', 0, 0, '', 1, 430000, '', 0, 0, '', 0, 0, '', 1, 105000, '', 150000, 1, '', '', 0, 0, '', 0, 0, '', 0, 0, '', 2695000, 2695000, 4, NULL, NULL, NULL),
(426, 157, 84, 'ren1', 2, 820000, '', 1, 370000, '', 0, 0, '', 0, 0, '', 0, 0, '', 1, 430000, '', 0, 0, '', 0, 0, '', 1, 105000, '', 150000, 1, '', '', 0, 0, '', 0, 0, '', 0, 0, '', 2695000, 2695000, 4, NULL, NULL, NULL),
(427, 157, 57, 'ren1', 2, 820000, '', 1, 370000, '', 0, 0, '', 0, 0, '', 0, 0, '', 1, 430000, '', 0, 0, '', 0, 0, '', 1, 105000, '', 150000, 1, '', '', 0, 0, '', 0, 0, '', 0, 0, '', 2695000, 2695000, 4, NULL, NULL, NULL),
(428, 170, 196, 'ren1', 2, 820000, '', 1, 370000, '', 0, 0, '', 0, 0, '', 0, 0, '', 1, 430000, '', 0, 0, '', 0, 0, '', 1, 105000, '', 150000, 1, '', '', 0, 0, '', 0, 0, '', 0, 0, '', 2695000, 2695000, 4, NULL, NULL, NULL),
(429, 170, 368, 'ren1', 2, 820000, '', 1, 370000, '', 0, 0, '', 0, 0, '', 1, 0, '', 1, 430000, '', 0, 0, '', 0, 0, '', 1, 105000, '', 150000, 1, '', '', 0, 0, '', 0, 0, '', 0, 0, '', 2695000, 2695000, 4, NULL, NULL, NULL),
(430, 170, 387, 'ren1', 2, 820000, '', 1, 370000, '', 0, 0, '', 0, 0, '', 0, 0, '', 1, 430000, '', 0, 0, '', 0, 0, '', 1, 105000, '', 150000, 1, '', '', 0, 0, '', 0, 0, '', 0, 0, '', 2695000, 2695000, 4, NULL, NULL, NULL),
(431, 170, 387, 'ren1', 2, 820000, '', 1, 370000, '', 0, 0, '', 0, 0, '', 0, 0, '', 1, 430000, '', 0, 0, '', 0, 0, '', 1, 105000, '', 150000, 1, '', '', 0, 0, '', 0, 0, '', 0, 0, '', 2695000, 2695000, 4, NULL, NULL, NULL),
(432, 170, 346, 'ren1', 2, 820000, '', 1, 370000, '', 0, 0, '', 0, 0, '', 0, 0, '', 1, 430000, '', 0, 0, '', 0, 0, '', 1, 105000, '', 150000, 1, '', '', 0, 0, '', 0, 0, '', 0, 0, '', 2695000, 2695000, 4, NULL, NULL, NULL),
(433, 170, 322, 'ren1', 2, 820000, '', 1, 370000, '', 0, 0, '', 0, 0, '', 0, 0, '', 1, 430000, '', 0, 0, '', 0, 0, '', 1, 105000, '', 150000, 1, '', '', 0, 0, '', 0, 0, '', 0, 0, '', 2695000, 2695000, 4, NULL, NULL, NULL),
(434, 170, 232, 'ren1', 2, 820000, '', 1, 370000, '', 0, 0, '', 0, 0, '', 0, 0, '', 1, 430000, '', 0, 0, '', 0, 0, '', 1, 105000, '', 150000, 1, '', '', 0, 0, '', 0, 0, '', 0, 0, '', 2695000, 2695000, 4, NULL, NULL, NULL),
(435, 170, 223, 'ren1', 2, 820000, '', 1, 370000, '', 0, 0, '', 0, 0, '', 0, 0, '', 1, 430000, '', 0, 0, '', 0, 0, '', 1, 105000, '', 150000, 1, '', '', 0, 0, '', 0, 0, '', 0, 0, '', 2695000, 2695000, 4, NULL, NULL, NULL),
(436, 170, 223, 'ren1', 2, 820000, '', 1, 370000, '', 0, 0, '', 0, 0, '', 0, 0, '', 1, 430000, '', 0, 0, '', 0, 0, '', 1, 105000, '', 150000, 1, '', '', 0, 0, '', 0, 0, '', 0, 0, '', 2695000, 2695000, 4, NULL, NULL, NULL),
(437, 170, 4, 'ren1', 2, 410000, '', 1, 370000, '', 0, 0, '', 0, 0, '', 0, 0, '', 1, 430000, '', 0, 0, '', 0, 0, '', 1, 105000, '', 150000, 1, '', '', 0, 0, '', 0, 0, '', 0, 0, '', 1875000, 1875000, 4, NULL, NULL, NULL),
(438, 170, 197, 'ren1', 2, 410000, '', 1, 370000, '', 0, 0, '', 0, 0, '', 0, 0, '', 1, 430000, '', 0, 0, '', 0, 0, '', 1, 105000, '', 150000, 1, '', '', 0, 0, '', 0, 0, '', 0, 0, '', 1875000, 1875000, 4, NULL, NULL, NULL),
(439, 170, 209, 'ren1', 2, 410000, '', 1, 370000, '', 0, 0, '', 0, 0, '', 0, 0, '', 1, 430000, '', 0, 0, '', 0, 0, '', 1, 105000, '', 150000, 1, '', '', 0, 0, '', 0, 0, '', 0, 0, '', 1875000, 1875000, 4, NULL, NULL, NULL),
(440, 199, 310, 'latih1', 2, 550000, '', 1, 275000, '', 1, 275000, '', 0, 0, '', 0, 0, '', 2, 530000, '', 0, 0, '', 0, 0, '', 0, 0, '', 180000, 3, '', '', 0, 0, '', 0, 0, '', 0, 0, '', 3250000, 3250000, 2, NULL, NULL, NULL),
(441, 199, 515, 'latih1', 2, 550000, '', 1, 275000, '', 1, 275000, '', 0, 0, '', 0, 0, '', 2, 530000, '', 0, 0, '', 0, 0, '', 0, 0, '', 180000, 3, '', '', 0, 0, '', 0, 0, '', 0, 0, '', 3250000, 3250000, 2, NULL, NULL, NULL),
(442, 199, 317, 'latih1', 2, 550000, '', 1, 275000, '', 1, 275000, '', 0, 0, '', 0, 0, '', 2, 530000, '', 0, 0, '', 0, 0, '', 0, 0, '', 180000, 3, '', '', 0, 0, '', 0, 0, '', 0, 0, '', 3250000, 3250000, 2, NULL, NULL, NULL),
(443, 199, 324, 'latih1', 2, 550000, '', 1, 275000, '', 1, 275000, '', 0, 0, '', 0, 0, '', 2, 530000, '', 0, 0, '', 0, 0, '', 0, 0, '', 180000, 3, '', '', 0, 0, '', 0, 0, '', 0, 0, '', 3250000, 3250000, 2, NULL, NULL, NULL),
(444, 199, 328, 'latih1', 2, 550000, '', 1, 275000, '', 1, 275000, '', 0, 0, '', 0, 0, '', 2, 530000, '', 0, 0, '', 0, 0, '', 0, 0, '', 180000, 3, '', '', 0, 0, '', 0, 0, '', 0, 0, '', 3250000, 3250000, 2, NULL, NULL, NULL),
(445, 199, 501, 'latih1', 2, 550000, '', 1, 275000, '', 1, 275000, '', 0, 0, '', 0, 0, '', 2, 530000, '', 0, 0, '', 0, 0, '', 0, 0, '', 180000, 3, '', '', 0, 0, '', 0, 0, '', 0, 0, '', 3250000, 3250000, 2, NULL, NULL, NULL),
(446, 199, 502, 'latih1', 2, 550000, '', 1, 275000, '', 1, 275000, '', 0, 0, '', 0, 0, '', 2, 530000, '', 0, 0, '', 0, 0, '', 0, 0, '', 180000, 3, '', '', 0, 0, '', 0, 0, '', 0, 0, '', 3250000, 3250000, 2, NULL, NULL, NULL),
(447, 198, 319, 'latih1', 2, 550000, '', 1, 275000, '', 1, 275000, '', 0, 0, '', 0, 0, '', 2, 530000, '', 0, 0, '', 0, 0, '', 0, 0, '', 180000, 3, '', '', 0, 0, '', 0, 0, '', 0, 0, '', 3250000, 3250000, 2, NULL, NULL, NULL),
(448, 198, 320, 'latih1', 2, 550000, '', 1, 275000, '', 1, 275000, '', 0, 0, '', 0, 0, '', 2, 530000, '', 0, 0, '', 0, 0, '', 0, 0, '', 180000, 3, '', '', 0, 0, '', 0, 0, '', 0, 0, '', 3250000, 3250000, 2, NULL, NULL, NULL),
(449, 198, 326, 'latih1', 2, 550000, '', 1, 275000, '', 1, 275000, '', 0, 0, '', 0, 0, '', 2, 530000, '', 0, 0, '', 0, 0, '', 0, 0, '', 180000, 3, '', '', 0, 0, '', 0, 0, '', 0, 0, '', 3250000, 3250000, 2, NULL, NULL, NULL),
(450, 198, 353, 'latih1', 2, 550000, '', 1, 275000, '', 1, 275000, '', 0, 0, '', 0, 0, '', 2, 530000, '', 0, 0, '', 0, 0, '', 0, 0, '', 180000, 3, '', '', 0, 0, '', 0, 0, '', 0, 0, '', 3250000, 3250000, 2, NULL, NULL, NULL),
(451, 198, 311, 'latih1', 2, 550000, '', 1, 275000, '', 1, 275000, '', 0, 0, '', 0, 0, '', 2, 530000, '', 0, 0, '', 0, 0, '', 0, 0, '', 180000, 3, '', '', 0, 0, '', 0, 0, '', 0, 0, '', 3250000, 3250000, 2, NULL, NULL, NULL);
INSERT INTO `tb_rincian` (`id_rincian`, `id_spd`, `id_peg`, `id_user`, `jml_inap`, `nilai_inap`, `ket_inap`, `jml_berangkat`, `nilai_berangkat`, `ket_berangkat`, `jml_kembali`, `nilai_kembali`, `ket_kembali`, `jml_taxi_berangkat`, `nilai_taxi_berangkat`, `ket_taxi_berangkat`, `jml_taxi_kembali`, `nilai_taxi_kembali`, `ket_taxi_kembali`, `jml_harian`, `nilai_harian`, `ket_harian`, `jml_harian1`, `nilai_harian1`, `ket_harian1`, `jml_saku`, `nilai_saku`, `ket_saku`, `jml_saku2`, `nilai_saku2`, `ket_saku2`, `nilai_saku3`, `jml_saku3`, `ket_saku3`, `uraian_lain`, `jml_lain`, `nilai_lain`, `ket_lain`, `jml_pasport`, `nilai_pasport`, `ket_pasport`, `jml_reprentasi`, `nilai_reprentasi`, `ket_reprentasi`, `uang_muka`, `total`, `id_satker`, `jml_harian2`, `nilai_harian2`, `ket_harian2`) VALUES
(452, 198, 85, 'latih1', 2, 550000, '', 1, 275000, '', 1, 275000, '', 0, 0, '', 0, 0, '', 2, 530000, '', 0, 0, '', 0, 0, '', 0, 0, '', 180000, 3, '', '', 0, 0, '', 0, 0, '', 0, 0, '', 3250000, 3250000, 2, NULL, NULL, NULL),
(453, 170, 290, 'ren1', 2, 820000, '', 1, 370000, '', 0, 0, '', 0, 0, '', 0, 0, '', 1, 430000, '', 0, 0, '', 0, 0, '', 1, 105000, '', 150000, 1, '', '', 0, 0, '', 0, 0, '', 0, 0, '', 2695000, 2695000, 4, NULL, NULL, NULL),
(454, 204, 196, 'kontra1', 0, 0, '', 0, 0, '', 0, 0, '', 0, 0, '', 0, 0, '', 0, 0, '', 0, 0, '', 0, 0, '', 0, 0, '', 0, 0, '', '', 0, 0, '', 0, 0, '', 0, 0, '', 0, 0, 1, NULL, NULL, NULL),
(455, 204, 200, 'kontra1', 0, 0, '', 0, 0, '', 0, 0, '', 0, 0, '', 0, 0, '', 0, 0, '', 0, 0, '', 0, 0, '', 0, 0, '', 0, 0, '', '', 0, 0, '', 0, 0, '', 0, 0, '', 0, 0, 1, NULL, NULL, NULL),
(456, 171, 309, 'ren1', 2, 410000, '', 1, 370000, '', 0, 0, '', 0, 0, '', 0, 0, '', 1, 430000, '', 0, 0, '', 0, 0, '', 1, 105000, '', 150000, 1, '', '', 0, 0, '', 0, 0, '', 0, 0, '', 1875000, 1875000, 4, NULL, NULL, NULL),
(457, 171, 190, 'ren1', 2, 410000, '', 1, 370000, '', 0, 0, '', 0, 0, '', 0, 0, '', 1, 430000, '', 0, 0, '', 0, 0, '', 1, 105000, '', 150000, 1, '', '', 0, 0, '', 0, 0, '', 0, 0, '', 1875000, 1875000, 4, NULL, NULL, NULL),
(458, 171, 207, 'ren1', 2, 410000, '', 1, 370000, '', 0, 0, '', 0, 0, '', 0, 0, '', 1, 430000, '', 0, 0, '', 0, 0, '', 1, 105000, '', 150000, 1, '', '', 0, 0, '', 0, 0, '', 0, 0, '', 1875000, 1875000, 4, NULL, NULL, NULL),
(459, 171, 355, 'ren1', 2, 410000, '', 1, 370000, '', 0, 0, '', 0, 0, '', 0, 0, '', 1, 430000, '', 0, 0, '', 0, 0, '', 1, 105000, '', 150000, 1, '', '', 0, 0, '', 0, 0, '', 0, 0, '', 1875000, 1875000, 4, NULL, NULL, NULL),
(460, 171, 219, 'ren1', 2, 410000, '', 1, 370000, '', 0, 0, '', 0, 0, '', 0, 0, '', 1, 430000, '', 0, 0, '', 0, 0, '', 1, 105000, '', 150000, 1, '', '', 0, 0, '', 0, 0, '', 0, 0, '', 1875000, 1875000, 4, NULL, NULL, NULL),
(461, 171, 340, 'ren1', 2, 410000, '', 1, 370000, '', 0, 0, '', 0, 0, '', 0, 0, '', 1, 430000, '', 0, 0, '', 0, 0, '', 1, 105000, '', 150000, 1, '', '', 0, 0, '', 0, 0, '', 0, 0, '', 1875000, 1875000, 4, NULL, NULL, NULL),
(462, 171, 283, 'ren1', 2, 410000, '', 1, 370000, '', 0, 0, '', 0, 0, '', 0, 0, '', 1, 430000, '', 0, 0, '', 0, 0, '', 1, 105000, '', 150000, 1, '', '', 0, 0, '', 0, 0, '', 0, 0, '', 1875000, 1875000, 4, NULL, NULL, NULL),
(463, 171, 8, 'ren1', 2, 410000, '', 1, 370000, '', 0, 0, '', 0, 0, '', 0, 0, '', 1, 430000, '', 0, 0, '', 0, 0, '', 1, 105000, '', 150000, 1, '', '', 0, 0, '', 0, 0, '', 0, 0, '', 1875000, 1875000, 4, NULL, NULL, NULL),
(464, 205, 409, 'kontra1', 0, 0, '', 0, 0, '', 0, 0, '', 0, 0, '', 0, 0, '', 0, 0, '', 0, 0, '', 0, 0, '', 0, 0, '', 0, 0, '', '', 0, 0, '', 0, 0, '', 0, 0, '', 0, 0, 1, NULL, NULL, NULL),
(465, 205, 415, 'kontra1', 0, 0, '', 0, 0, '', 0, 0, '', 0, 0, '', 0, 0, '', 0, 0, '', 0, 0, '', 0, 0, '', 0, 0, '', 0, 0, '', '', 0, 0, '', 0, 0, '', 0, 0, '', 0, 0, 1, NULL, NULL, NULL),
(466, 171, 11, 'ren1', 2, 410000, '', 1, 370000, '', 0, 0, '', 0, 0, '', 0, 0, '', 1, 430000, '', 0, 0, '', 0, 0, '', 1, 105000, '', 150000, 1, '', '', 0, 0, '', 0, 0, '', 0, 0, '', 1875000, 1875000, 4, NULL, NULL, NULL),
(467, 171, 11, 'ren1', 2, 410000, '', 1, 370000, '', 0, 0, '', 0, 0, '', 0, 0, '', 1, 430000, '', 0, 0, '', 0, 0, '', 1, 105000, '', 150000, 1, '', '', 0, 0, '', 0, 0, '', 0, 0, '', 1875000, 1875000, 4, NULL, NULL, NULL),
(468, 201, 98, 'rumga1', 3, 568000, '', 1, 185000, 'Travel', 1, 185000, 'Travel', 0, 0, '', 0, 0, '', 4, 430000, '', 0, 0, '', 0, 0, '', 0, 0, '', 0, 0, '', '', 0, 0, '', 0, 0, '', 0, 0, '', 0, 3794000, 4, NULL, NULL, NULL),
(469, 203, 99, 'rumga1', 3, 568000, '', 1, 185000, '', 1, 185000, '', 0, 0, '', 0, 0, '', 4, 430000, '', 0, 0, '', 0, 0, '', 0, 0, '', 0, 0, '', 'Representatif', 0, 0, '', 0, 0, '', 0, 0, '', 3800000, 3794000, 4, NULL, NULL, NULL),
(470, 201, 698, 'rumga1', 3, 568000, '', 1, 185000, '', 1, 185000, '', 0, 0, '', 0, 0, '', 4, 430000, '', 0, 0, '', 0, 0, '', 0, 0, '', 0, 0, '', '', 0, 0, '', 0, 0, '', 0, 0, '', 0, 3794000, 4, NULL, NULL, NULL),
(471, 220, 352, 'aspasaf1', 0, 0, '', 4, 600000, 'Transport PP', 0, 0, '', 0, 0, '', 0, 150000, '', 4, 430000, '', 0, 0, '', 0, 0, '', 0, 0, '', 0, 0, '', '', 0, 0, '', 0, 0, '', 0, 0, '', 4120000, 4120000, 3, NULL, NULL, NULL),
(472, 220, 357, 'aspasaf1', 0, 0, '', 4, 600000, 'Transport PP', 0, 0, '', 0, 0, '', 0, 150000, '', 4, 430000, '', 0, 0, '', 0, 0, '', 0, 0, '', 0, 0, '', '', 0, 0, '', 0, 0, '', 0, 0, '', 4120000, 4120000, 3, NULL, NULL, NULL),
(473, 220, 362, 'aspasaf1', 0, 0, '', 4, 600000, 'Transport PP', 0, 0, '', 0, 0, '', 0, 150000, '', 4, 430000, '', 0, 0, '', 0, 0, '', 0, 0, '', 0, 0, '', '', 0, 0, '', 0, 0, '', 0, 0, '', 4120000, 4120000, 3, NULL, NULL, NULL),
(474, 182, 394, 'multi1', 0, 610000, '', 0, 4500000, '', 0, 4500000, '', 0, 0, '', 0, 650000, '', 0, 530000, '', 0, 0, '', 0, 180000, '', 1, 180000, '', 180000, 0, '', '', 0, 0, '', 0, 0, '', 0, 0, '', 0, 180000, 3, NULL, NULL, NULL),
(475, 221, 394, 'multi1', 0, 610000, '', 1, 150000, '', 0, 4500000, '', 0, 0, '', 0, 650000, '', 0, 530000, '', 0, 0, '', 0, 180000, '', 0, 180000, '', 130000, 1, '', '', 0, 0, '', 0, 0, '', 0, 0, '', 0, 280000, 3, NULL, NULL, NULL),
(479, 223, 567, 'hubal1', 0, 0, '', 1, 275000, '', 1, 275000, '', 0, 0, '', 0, 0, '', 1, 530000, '', 0, 0, '', 0, 0, '', 0, 0, '', 0, 0, '', '', 0, 0, '', 0, 0, '', 0, 0, '', 1080000, 1080000, 2, NULL, NULL, NULL),
(480, 223, 571, 'hubal1', 0, 0, '', 1, 275000, '', 1, 275000, '', 0, 0, '', 0, 0, '', 1, 530000, '', 0, 0, '', 0, 0, '', 0, 0, '', 0, 0, '', '', 0, 0, '', 0, 0, '', 0, 0, '', 1080000, 1080000, 2, NULL, NULL, NULL),
(481, 223, 572, 'hubal1', 0, 0, '', 1, 275000, '', 1, 275000, '', 0, 0, '', 0, 0, '', 1, 530000, '', 0, 0, '', 0, 0, '', 0, 0, '', 0, 0, '', '', 0, 0, '', 0, 0, '', 0, 0, '', 1080000, 1080000, 2, NULL, NULL, NULL),
(482, 223, 573, 'hubal1', 0, 0, '', 1, 275000, '', 1, 275000, '', 0, 0, '', 0, 0, '', 1, 530000, '', 0, 0, '', 0, 0, '', 0, 0, '', 0, 0, '', '', 0, 0, '', 0, 0, '', 0, 0, '', 1080000, 1080000, 2, NULL, NULL, NULL),
(483, 223, 574, 'hubal1', 0, 0, '', 1, 275000, '', 1, 275000, '', 0, 0, '', 0, 0, '', 1, 530000, '', 0, 0, '', 0, 0, '', 0, 0, '', 0, 0, '', '', 0, 0, '', 0, 0, '', 0, 0, '', 1080000, 1080000, 2, NULL, NULL, NULL),
(484, 223, 575, 'hubal1', 0, 0, '', 1, 275000, '', 1, 275000, '', 0, 0, '', 0, 0, '', 1, 530000, '', 0, 0, '', 0, 0, '', 0, 0, '', 0, 0, '', '', 0, 0, '', 0, 0, '', 0, 0, '', 1080000, 1080000, 2, NULL, NULL, NULL),
(485, 223, 576, 'hubal1', 0, 0, '', 1, 275000, '', 1, 275000, '', 0, 0, '', 0, 0, '', 1, 530000, '', 0, 0, '', 0, 0, '', 0, 0, '', 0, 0, '', '', 0, 0, '', 0, 0, '', 0, 0, '', 1080000, 1080000, 2, NULL, NULL, NULL),
(486, 223, 578, 'hubal1', 0, 0, '', 1, 275000, '', 1, 275000, '', 0, 0, '', 0, 0, '', 1, 530000, '', 0, 0, '', 0, 0, '', 0, 0, '', 0, 0, '', '', 0, 0, '', 0, 0, '', 0, 0, '', 1080000, 1080000, 2, NULL, NULL, NULL),
(487, 223, 582, 'hubal1', 0, 0, '', 1, 275000, '', 1, 275000, '', 0, 0, '', 0, 0, '', 1, 530000, '', 0, 0, '', 0, 0, '', 0, 0, '', 0, 0, '', '', 0, 0, '', 0, 0, '', 0, 0, '', 1080000, 1080000, 2, NULL, NULL, NULL),
(488, 223, 581, 'hubal1', 0, 0, '', 1, 275000, '', 1, 275000, '', 0, 0, '', 0, 0, '', 1, 530000, '', 0, 0, '', 0, 0, '', 0, 0, '', 0, 0, '', '', 0, 0, '', 0, 0, '', 0, 0, '', 1080000, 1080000, 2, NULL, NULL, NULL),
(489, 223, 580, 'hubal1', 0, 0, '', 1, 275000, '', 1, 275000, '', 0, 0, '', 0, 0, '', 1, 530000, '', 0, 0, '', 0, 0, '', 0, 0, '', 0, 0, '', '', 0, 0, '', 0, 0, '', 0, 0, '', 1080000, 1080000, 2, NULL, NULL, NULL),
(490, 223, 579, 'hubal1', 0, 0, '', 1, 275000, '', 1, 275000, '', 0, 0, '', 0, 0, '', 1, 530000, '', 0, 0, '', 0, 0, '', 0, 0, '', 0, 0, '', '', 0, 0, '', 0, 0, '', 0, 0, '', 1080000, 1080000, 2, NULL, NULL, NULL),
(491, 224, 568, 'hubal1', 0, 9, '', 1, 275000, '', 1, 275000, '', 0, 0, '', 0, 9, '', 1, 530000, '', 0, 0, '', 0, 9, '', 0, 9, '', 9, 0, '', '', 0, 0, '', 0, 0, '', 0, 0, '', 1080000, 1080000, 2, NULL, NULL, NULL),
(492, 224, 569, 'hubal1', 0, 0, '', 1, 275000, '', 1, 275000, '', 0, 0, '', 0, 0, '', 1, 530000, '', 0, 0, '', 0, 0, '', 0, 0, '', 0, 0, '', '', 0, 0, '', 0, 0, '', 0, 0, '', 1080000, 1080000, 2, NULL, NULL, NULL),
(493, 224, 570, 'hubal1', 0, 0, '', 1, 275000, '', 1, 275000, '', 0, 0, '', 0, 0, '', 1, 530000, '', 0, 0, '', 0, 0, '', 0, 0, '', 0, 0, '', '', 0, 0, '', 0, 0, '', 0, 0, '', 1080000, 1080000, 2, NULL, NULL, NULL),
(494, 224, 575, 'hubal1', 0, 0, '', 1, 275000, '', 1, 275000, '', 0, 0, '', 0, 0, '', 1, 530000, '', 0, 0, '', 0, 0, '', 0, 0, '', 0, 0, '', '', 0, 0, '', 0, 0, '', 0, 0, '', 1080000, 1080000, 2, NULL, NULL, NULL),
(495, 224, 576, 'hubal1', 0, 0, '', 1, 275000, '', 1, 275000, '', 0, 0, '', 0, 0, '', 1, 530000, '', 0, 0, '', 0, 0, '', 0, 0, '', 0, 0, '', '', 0, 0, '', 0, 0, '', 0, 0, '', 1080000, 1080000, 2, NULL, NULL, NULL),
(496, 224, 573, 'hubal1', 0, 0, '', 1, 275000, '', 1, 275000, '', 0, 0, '', 0, 0, '', 1, 530000, '', 0, 0, '', 0, 0, '', 0, 0, '', 0, 0, '', '', 0, 0, '', 0, 0, '', 0, 0, '', 1080000, 1080000, 2, NULL, NULL, NULL),
(497, 224, 574, 'hubal1', 0, 0, '', 1, 275000, '', 1, 275000, '', 0, 0, '', 0, 0, '', 1, 530000, '', 0, 0, '', 0, 0, '', 0, 0, '', 0, 0, '', '', 0, 0, '', 0, 0, '', 0, 0, '', 1080000, 1080000, 2, NULL, NULL, NULL),
(498, 224, 577, 'hubal1', 0, 0, '', 1, 275000, '', 1, 275000, '', 0, 0, '', 0, 0, '', 1, 530000, '', 0, 0, '', 0, 0, '', 0, 0, '', 0, 0, '', '', 0, 0, '', 0, 0, '', 0, 0, '', 1080000, 1080000, 2, NULL, NULL, NULL),
(499, 224, 579, 'hubal1', 0, 0, '', 1, 275000, '', 1, 275000, '', 0, 0, '', 0, 0, '', 1, 530000, '', 0, 0, '', 0, 0, '', 0, 0, '', 0, 0, '', '', 0, 0, '', 0, 0, '', 0, 0, '', 1080000, 1080000, 2, NULL, NULL, NULL),
(500, 224, 580, 'hubal1', 0, 0, '', 1, 275000, '', 1, 275000, '', 0, 0, '', 0, 9, '', 1, 530000, '', 0, 0, '', 0, 0, '', 0, 0, '', 0, 0, '', '', 0, 0, '', 0, 0, '', 0, 0, '', 1080000, 1080000, 2, NULL, NULL, NULL),
(501, 224, 581, 'hubal1', 0, 0, '', 1, 275000, '', 1, 275000, '', 0, 0, '', 0, 0, '', 1, 530000, '', 0, 0, '', 0, 0, '', 0, 0, '', 0, 0, '', '', 0, 0, '', 0, 0, '', 0, 0, '', 1080000, 1080000, 2, NULL, NULL, NULL),
(502, 224, 582, 'hubal1', 0, 0, '', 1, 275000, '', 1, 275000, '', 0, 0, '', 0, 0, '', 1, 530000, '', 0, 0, '', 0, 0, '', 0, 0, '', 0, 0, '', '', 0, 0, '', 0, 0, '', 0, 0, '', 1080000, 1080000, 2, NULL, NULL, NULL),
(503, 203, 98, 'rumga1', 3, 568000, '', 1, 185000, '', 1, 185000, '', 0, 0, '', 0, 0, '', 4, 430000, '', 0, 0, '', 0, 0, '', 0, 0, '', 0, 0, '', 'Representatif', 0, 0, '', 0, 0, '', 0, 0, '', 3800000, 3794000, 4, NULL, NULL, NULL),
(504, 203, 698, 'rumga1', 3, 568000, '', 1, 185000, '', 1, 185000, '', 0, 0, '', 0, 0, '', 4, 430000, '', 0, 0, '', 0, 0, '', 0, 0, '', 0, 0, '', 'Representatif', 0, 0, '', 0, 0, '', 0, 0, '', 3800000, 3794000, 4, NULL, NULL, NULL),
(505, 203, 100, 'rumga1', 3, 568000, '', 1, 185000, '', 1, 185000, '', 0, 0, '', 0, 0, '', 4, 430000, '', 0, 0, '', 0, 0, '', 0, 0, '', 0, 0, '', 'Representatif', 0, 0, '', 0, 0, '', 0, 0, '', 3800000, 3794000, 4, NULL, NULL, NULL),
(506, 225, 567, 'hubal1', 0, 0, '', 1, 275000, '', 1, 275000, '', 0, 0, '', 0, 0, '', 1, 530000, '', 0, 0, '', 0, 0, '', 0, 0, '', 0, 0, '', '', 0, 0, '', 0, 0, '', 0, 0, '', 1080000, 1080000, 2, NULL, NULL, NULL),
(507, 225, 571, 'hubal1', 0, 0, '', 1, 275000, '', 1, 275000, '', 0, 0, '', 0, 0, '', 1, 530000, '', 0, 0, '', 0, 0, '', 0, 0, '', 0, 0, '', '', 0, 0, '', 0, 0, '', 0, 0, '', 1080000, 1080000, 2, NULL, NULL, NULL),
(508, 225, 572, 'hubal1', 0, 0, '', 1, 275000, '', 1, 275000, '', 0, 0, '', 0, 0, '', 1, 530000, '', 0, 0, '', 0, 0, '', 0, 0, '', 0, 0, '', '', 0, 0, '', 0, 0, '', 0, 0, '', 1080000, 1080000, 2, NULL, NULL, NULL),
(509, 225, 573, 'hubal1', 0, 0, '', 1, 275000, '', 1, 275000, '', 0, 0, '', 0, 0, '', 1, 530000, '', 0, 0, '', 0, 0, '', 0, 0, '', 0, 0, '', '', 0, 0, '', 0, 0, '', 0, 0, '', 1080000, 1080000, 2, NULL, NULL, NULL),
(510, 225, 574, 'hubal1', 0, 0, '', 1, 275000, '', 1, 275000, '', 0, 0, '', 0, 0, '', 1, 530000, '', 0, 0, '', 0, 0, '', 0, 0, '', 0, 0, '', '', 0, 0, '', 0, 0, '', 0, 0, '', 1080000, 1080000, 2, NULL, NULL, NULL),
(511, 225, 575, 'hubal1', 0, 0, '', 1, 275000, '', 1, 275000, '', 0, 0, '', 0, 0, '', 1, 530000, '', 0, 0, '', 0, 0, '', 0, 0, '', 0, 0, '', '', 0, 0, '', 0, 0, '', 0, 0, '', 1080000, 1080000, 2, NULL, NULL, NULL),
(512, 225, 576, 'hubal1', 0, 0, '', 1, 275000, '', 1, 275000, '', 0, 0, '', 0, 0, '', 1, 530000, '', 0, 0, '', 0, 0, '', 0, 0, '', 0, 0, '', '', 0, 0, '', 0, 0, '', 0, 0, '', 1080000, 1080000, 2, NULL, NULL, NULL),
(513, 225, 578, 'hubal1', 0, 0, '', 1, 275000, '', 1, 275000, '', 0, 0, '', 0, 0, '', 1, 530000, '', 0, 0, '', 0, 0, '', 0, 0, '', 0, 0, '', '', 0, 0, '', 0, 0, '', 0, 0, '', 1080000, 1080000, 2, NULL, NULL, NULL),
(514, 225, 582, 'hubal1', 0, 0, '', 1, 275000, '', 1, 275000, '', 0, 0, '', 0, 0, '', 1, 530000, '', 0, 0, '', 0, 0, '', 0, 0, '', 0, 0, '', '', 0, 0, '', 0, 0, '', 0, 0, '', 1080000, 1080000, 2, NULL, NULL, NULL),
(515, 225, 581, 'hubal1', 0, 0, '', 1, 275000, '', 1, 275000, '', 0, 0, '', 0, 0, '', 1, 530000, '', 0, 0, '', 0, 0, '', 0, 0, '', 0, 0, '', '', 0, 0, '', 0, 0, '', 0, 0, '', 1080000, 1080000, 2, NULL, NULL, NULL),
(516, 225, 580, 'hubal1', 0, 0, '', 1, 275000, '', 1, 275000, '', 0, 0, '', 0, 0, '', 1, 530000, '', 0, 0, '', 0, 0, '', 0, 0, '', 0, 0, '', '', 0, 0, '', 0, 0, '', 0, 0, '', 1080000, 1080000, 2, NULL, NULL, NULL),
(517, 225, 579, 'hubal1', 0, 0, '', 1, 275000, '', 1, 275000, '', 0, 0, '', 0, 0, '', 1, 530000, '', 0, 0, '', 0, 0, '', 0, 0, '', 0, 0, '', '', 0, 0, '', 0, 0, '', 0, 0, '', 1080000, 1080000, 2, NULL, NULL, NULL),
(518, 226, 341, 'hubal1', 0, 0, '', 1, 275000, '', 1, 275000, '', 0, 0, '', 0, 0, '', 1, 530000, '', 0, 0, '', 0, 0, '', 0, 0, '', 0, 0, '', '', 0, 0, '', 0, 0, '', 0, 0, '', 1080000, 1080000, 2, NULL, NULL, NULL),
(519, 226, 344, 'hubal1', 0, 0, '', 1, 275000, '', 1, 275000, '', 0, 0, '', 0, 0, '', 1, 530000, '', 0, 0, '', 0, 0, '', 0, 0, '', 0, 0, '', '', 0, 0, '', 0, 0, '', 0, 0, '', 1080000, 1080000, 2, NULL, NULL, NULL),
(520, 226, 333, 'hubal1', 0, 0, '', 1, 275000, '', 1, 275000, '', 0, 0, '', 0, 0, '', 1, 530000, '', 0, 0, '', 0, 0, '', 0, 0, '', 0, 0, '', '', 0, 0, '', 0, 0, '', 0, 0, '', 1080000, 1080000, 2, NULL, NULL, NULL),
(521, 226, 335, 'hubal1', 0, 0, '', 1, 275000, '', 1, 275000, '', 0, 0, '', 0, 0, '', 1, 530000, '', 0, 0, '', 0, 0, '', 0, 0, '', 0, 0, '', '', 0, 0, '', 0, 0, '', 0, 0, '', 1080000, 1080000, 2, NULL, NULL, NULL),
(522, 226, 426, 'hubal1', 0, 0, '', 1, 275000, '', 1, 275000, '', 0, 0, '', 0, 0, '', 1, 530000, '', 0, 0, '', 0, 0, '', 0, 0, '', 0, 0, '', '', 0, 0, '', 0, 0, '', 0, 0, '', 1080000, 1080000, 2, NULL, NULL, NULL),
(523, 226, 568, 'hubal1', 0, 0, '', 1, 275000, '', 1, 275000, '', 0, 0, '', 0, 0, '', 1, 530000, '', 0, 0, '', 0, 0, '', 0, 0, '', 0, 0, '', '', 0, 0, '', 0, 0, '', 0, 0, '', 1080000, 1080000, 2, NULL, NULL, NULL),
(524, 226, 570, 'hubal1', 0, 0, '', 1, 275000, '', 1, 275000, '', 0, 0, '', 0, 0, '', 1, 530000, '', 0, 0, '', 0, 0, '', 0, 0, '', 0, 0, '', '', 0, 0, '', 0, 0, '', 0, 0, '', 1080000, 1080000, 2, NULL, NULL, NULL),
(525, 226, 571, 'hubal1', 0, 0, '', 1, 275000, '', 1, 275000, '', 0, 0, '', 0, 0, '', 1, 530000, '', 0, 0, '', 0, 0, '', 0, 0, '', 0, 0, '', '', 0, 0, '', 0, 0, '', 0, 0, '', 1080000, 1080000, 2, NULL, NULL, NULL),
(526, 226, 574, 'hubal1', 0, 0, '', 1, 275000, '', 1, 275000, '', 0, 0, '', 0, 0, '', 1, 530000, '', 0, 0, '', 0, 0, '', 0, 0, '', 0, 0, '', '', 0, 0, '', 0, 0, '', 0, 0, '', 1080000, 1080000, 2, NULL, NULL, NULL),
(527, 226, 575, 'hubal1', 0, 0, '', 1, 275000, '', 1, 275000, '', 0, 0, '', 0, 0, '', 1, 530000, '', 0, 0, '', 0, 0, '', 0, 0, '', 0, 0, '', '', 0, 0, '', 0, 0, '', 0, 0, '', 1080000, 1080000, 2, NULL, NULL, NULL),
(528, 226, 578, 'hubal1', 0, 0, '', 1, 275000, '', 1, 275000, '', 0, 0, '', 0, 0, '', 1, 530000, '', 0, 0, '', 0, 0, '', 0, 0, '', 0, 0, '', '', 0, 0, '', 0, 0, '', 0, 0, '', 1080000, 1080000, 2, NULL, NULL, NULL),
(529, 226, 580, 'hubal1', 0, 0, '', 1, 275000, '', 1, 275000, '', 0, 0, '', 0, 0, '', 1, 530000, '', 0, 0, '', 0, 0, '', 0, 0, '', 0, 0, '', '', 0, 0, '', 0, 0, '', 0, 0, '', 1080000, 1080000, 2, NULL, NULL, NULL),
(530, 227, 568, 'hubal1', 0, 0, '', 1, 275000, '', 1, 275000, '', 0, 0, '', 0, 0, '', 1, 530000, '', 0, 0, '', 0, 0, '', 0, 0, '', 0, 0, '', '', 0, 0, '', 0, 0, '', 0, 0, '', 1080000, 1080000, 2, NULL, NULL, NULL),
(531, 227, 569, 'hubal1', 0, 0, '', 1, 275000, '', 1, 275000, '', 0, 0, '', 0, 0, '', 1, 530000, '', 0, 0, '', 0, 0, '', 0, 0, '', 0, 0, '', '', 0, 0, '', 0, 0, '', 0, 0, '', 1080000, 1080000, 2, NULL, NULL, NULL),
(532, 227, 570, 'hubal1', 0, 0, '', 1, 275000, '', 1, 275000, '', 0, 0, '', 0, 0, '', 1, 530000, '', 0, 0, '', 0, 0, '', 0, 0, '', 0, 0, '', '', 0, 0, '', 0, 0, '', 0, 0, '', 1080000, 1080000, 2, NULL, NULL, NULL),
(533, 227, 573, 'hubal1', 0, 0, '', 1, 275000, '', 1, 275000, '', 0, 0, '', 0, 0, '', 1, 530000, '', 0, 0, '', 0, 0, '', 0, 0, '', 0, 0, '', '', 0, 0, '', 0, 0, '', 0, 0, '', 1080000, 1080000, 2, NULL, NULL, NULL),
(534, 227, 574, 'hubal1', 0, 0, '', 1, 275000, '', 1, 275000, '', 0, 0, '', 0, 0, '', 1, 530000, '', 0, 0, '', 0, 0, '', 0, 0, '', 0, 0, '', '', 0, 0, '', 0, 0, '', 0, 0, '', 1080000, 1080000, 2, NULL, NULL, NULL),
(535, 227, 575, 'hubal1', 0, 0, '', 1, 275000, '', 1, 275000, '', 0, 0, '', 0, 0, '', 1, 530000, '', 0, 0, '', 0, 0, '', 0, 0, '', 0, 0, '', '', 0, 0, '', 0, 0, '', 0, 0, '', 1080000, 1080000, 2, NULL, NULL, NULL),
(536, 227, 576, 'hubal1', 0, 0, '', 1, 275000, '', 1, 275000, '', 0, 0, '', 0, 0, '', 1, 530000, '', 0, 0, '', 0, 0, '', 0, 0, '', 0, 0, '', '', 0, 0, '', 0, 0, '', 0, 0, '', 1080000, 1080000, 2, NULL, NULL, NULL),
(537, 227, 577, 'hubal1', 0, 0, '', 1, 275000, '', 1, 275000, '', 0, 0, '', 0, 0, '', 1, 530000, '', 0, 0, '', 0, 0, '', 0, 0, '', 0, 0, '', '', 0, 0, '', 0, 0, '', 0, 0, '', 1080000, 1080000, 2, NULL, NULL, NULL),
(538, 227, 579, 'hubal1', 0, 0, '', 1, 275000, '', 1, 275000, '', 0, 0, '', 0, 0, '', 1, 530000, '', 0, 0, '', 0, 0, '', 0, 0, '', 0, 0, '', '', 0, 0, '', 0, 0, '', 0, 0, '', 1080000, 1080000, 2, NULL, NULL, NULL),
(539, 227, 580, 'hubal1', 0, 0, '', 1, 275000, '', 1, 275000, '', 0, 0, '', 0, 0, '', 1, 530000, '', 0, 0, '', 0, 0, '', 0, 0, '', 0, 0, '', '', 0, 0, '', 0, 0, '', 0, 0, '', 1080000, 1080000, 2, NULL, NULL, NULL),
(540, 227, 581, 'hubal1', 0, 0, '', 1, 275000, '', 1, 275000, '', 0, 0, '', 0, 0, '', 1, 530000, '', 0, 0, '', 0, 0, '', 0, 0, '', 0, 0, '', '', 0, 0, '', 0, 0, '', 0, 0, '', 1080000, 1080000, 2, NULL, NULL, NULL),
(541, 227, 582, 'hubal1', 0, 0, '', 1, 275000, '', 1, 275000, '', 0, 0, '', 0, 0, '', 1, 530000, '', 0, 0, '', 0, 0, '', 0, 0, '', 0, 0, '', '', 0, 0, '', 0, 0, '', 0, 0, '', 1080000, 1080000, 2, NULL, NULL, NULL),
(543, 232, 47, 'kepeg1', 0, 0, '', 1, 550000, '', 0, 0, '', 0, 0, '', 0, 0, '', 2, 530000, '', 0, 0, '', 0, 0, '', 0, 0, '', 180000, 2, '', '', 0, 0, '', 0, 0, '', 0, 0, '', 0, 1970000, 4, NULL, NULL, NULL),
(544, 232, 53, 'kepeg1', 0, 0, '', 1, 275000, '', 1, 275000, '', 0, 0, '', 0, 650000, '', 2, 530000, '', 0, 0, '', 0, 180000, '', 0, 180000, '', 180000, 2, '', '', 0, 0, '', 0, 0, '', 0, 0, '', 0, 1970000, 4, NULL, NULL, NULL),
(545, 232, 55, 'kepeg1', 0, 610000, '', 1, 275000, '', 1, 275000, '', 0, 0, '', 0, 650000, '', 2, 530000, '', 0, 0, '', 0, 180000, '', 0, 180000, '', 180000, 2, '', '', 0, 0, '', 0, 0, '', 0, 0, '', 0, 1970000, 4, NULL, NULL, NULL),
(546, 232, 155, 'kepeg1', 0, 610000, '', 1, 275000, '', 1, 275000, '', 0, 0, '', 0, 650000, '', 2, 530000, '', 0, 0, '', 0, 180000, '', 0, 180000, '', 180000, 2, '', '', 0, 0, '', 0, 0, '', 0, 0, '', 0, 1970000, 4, NULL, NULL, NULL),
(547, 231, 48, 'kepeg1', 0, 610000, '', 1, 275000, '', 1, 275000, '', 0, 0, '', 0, 650000, '', 2, 530000, '', 0, 0, '', 0, 180000, '', 0, 180000, '', 180000, 2, '', '', 0, 0, '', 0, 0, '', 0, 0, '', 0, 1970000, 4, NULL, NULL, NULL),
(548, 231, 50, 'kepeg1', 0, 610000, '', 1, 275000, '', 1, 275000, '', 0, 0, '', 0, 650000, '', 2, 530000, '', 0, 0, '', 0, 180000, '', 0, 180000, '', 180000, 2, '', '', 0, 0, '', 0, 0, '', 0, 0, '', 0, 1970000, 4, NULL, NULL, NULL),
(549, 231, 60, 'kepeg1', 0, 610000, '', 1, 275000, '', 1, 275000, '', 0, 0, '', 0, 650000, '', 2, 530000, '', 0, 0, '', 0, 180000, '', 0, 180000, '', 180000, 2, '', '', 0, 0, '', 0, 0, '', 0, 0, '', 0, 1970000, 4, NULL, NULL, NULL),
(550, 231, 51, 'kepeg1', 0, 610000, '', 1, 275000, '', 1, 275000, '', 0, 0, '', 0, 650000, '', 2, 530000, '', 0, 0, '', 0, 180000, '', 0, 180000, '', 180000, 2, '', '', 0, 0, '', 0, 0, '', 0, 0, '', 0, 1970000, 4, NULL, NULL, NULL),
(551, 231, 52, 'kepeg1', 0, 610000, '', 1, 275000, '', 1, 275000, '', 0, 0, '', 0, 650000, '', 2, 530000, '', 0, 0, '', 0, 180000, '', 0, 180000, '', 180000, 2, '', '', 0, 0, '', 0, 0, '', 0, 0, '', 0, 1970000, 4, NULL, NULL, NULL),
(552, 231, 56, 'kepeg1', 0, 610000, '', 1, 275000, '', 1, 275000, '', 0, 0, '', 0, 650000, '', 2, 530000, '', 0, 0, '', 0, 180000, '', 0, 180000, '', 180000, 2, '', '', 0, 0, '', 0, 0, '', 0, 0, '', 0, 1970000, 4, NULL, NULL, NULL),
(553, 231, 553, 'kepeg1', 0, 610000, '', 1, 275000, '', 1, 275000, '', 0, 0, '', 0, 650000, '', 2, 530000, '', 0, 0, '', 0, 180000, '', 0, 180000, '', 180000, 2, '', '', 0, 0, '', 0, 0, '', 0, 0, '', 0, 1970000, 4, NULL, NULL, NULL),
(554, 231, 70, 'kepeg1', 0, 610000, '', 1, 275000, '', 1, 275000, '', 0, 0, '', 0, 650000, '', 2, 530000, '', 0, 0, '', 0, 180000, '', 0, 180000, '', 180000, 2, '', '', 0, 0, '', 0, 0, '', 0, 0, '', 0, 1970000, 4, NULL, NULL, NULL),
(555, 242, 412, 'kontra1', 0, 0, '', 0, 0, '', 0, 0, '', 0, 0, '', 0, 0, '', 0, 0, '', 0, 0, '', 0, 0, '', 0, 0, '', 0, 0, '', '', 0, 0, '', 0, 0, '', 0, 0, '', 0, 0, 1, NULL, NULL, NULL),
(556, 242, 409, 'kontra1', 0, 0, '', 0, 0, '', 0, 0, '', 0, 0, '', 0, 0, '', 0, 0, '', 0, 0, '', 0, 0, '', 0, 0, '', 0, 0, '', '', 0, 0, '', 0, 0, '', 0, 0, '', 0, 0, 1, NULL, NULL, NULL),
(557, 241, 152, '', 0, 0, '', 0, 0, '', 0, 0, '', 0, 0, '', 0, 0, '', 4164400, 4, '', 0, 0, '', 0, 0, '', 0, 0, '0', 0, 0, '0', '', 0, 0, '', 0, 0, '', 0, 0, '', 16585600, 16657600, 4, 0, 0, ''),
(558, 241, 4, '', 0, 0, '', 0, 0, '', 0, 0, '', 0, 0, '', 0, 0, '', 3109800, 4, '', 0, 0, '', 0, 0, '', 0, 0, '0', 0, 0, '0', '', 0, 0, '', 0, 0, '', 0, 0, '', 12439200, 12439200, 4, 0, 0, ''),
(559, 233, 49, 'kepeg1', 0, 0, '', 1, 275000, '', 1, 275000, '', 0, 0, '', 0, 0, '', 1, 530000, '', 0, 0, '', 0, 0, '', 0, 0, '', 180000, 1, '', '', 0, 0, '', 0, 0, '', 0, 0, '', 0, 1260000, 4, NULL, NULL, NULL),
(560, 232, 423, 'kepeg1', 0, 610000, '', 1, 275000, '', 1, 275000, '', 0, 0, '', 0, 650000, '', 2, 530000, '', 0, 0, '', 0, 180000, '', 0, 180000, '', 180000, 2, '', '', 0, 0, '', 0, 0, '', 0, 0, '', 0, 1970000, 4, NULL, NULL, NULL),
(561, 232, 54, 'kepeg1', 0, 610000, '', 1, 275000, '', 1, 275000, '', 0, 0, '', 0, 650000, '', 2, 530000, '', 0, 0, '', 0, 180000, '', 0, 180000, '', 180000, 2, '', '', 0, 0, '', 0, 0, '', 0, 0, '', 0, 1970000, 4, NULL, NULL, NULL),
(562, 232, 154, 'kepeg1', 0, 610000, '', 1, 275000, '', 1, 275000, '', 0, 0, '', 0, 650000, '', 2, 530000, '', 0, 0, '', 0, 180000, '', 0, 180000, '', 180000, 2, '', '', 0, 0, '', 0, 0, '', 0, 0, '', 0, 1970000, 4, NULL, NULL, NULL),
(563, 232, 518, 'kepeg1', 0, 610000, '', 0, 4500000, '', 0, 4500000, '', 0, 0, '', 0, 650000, '', 2, 530000, '', 0, 0, '', 0, 180000, '', 0, 180000, '', 180000, 2, '', '', 0, 0, '', 0, 0, '', 0, 0, '', 0, 1420000, 4, NULL, NULL, NULL),
(564, 231, 151, 'kepeg1', 0, 610000, '', 0, 4500000, '', 0, 4500000, '', 0, 0, '', 0, 650000, '', 2, 530000, '', 0, 0, '', 0, 180000, '', 0, 180000, '', 180000, 2, '', 'Representatif', 4, 150000, '', 0, 0, '', 0, 0, '', 0, 2020000, 4, NULL, NULL, NULL),
(565, 235, 359, 'amerop1', 2, 350000, '', 1, 550000, 'Transport PP', 0, 0, '', 0, 0, '', 0, 0, '', 2, 430000, '', 0, 0, '', 0, 0, '', 1, 105000, '', 0, 0, '', '', 0, 0, '', 0, 0, '', 0, 0, '', 2215000, 2215000, 3, NULL, NULL, NULL),
(566, 235, 352, 'amerop1', 2, 350000, '', 1, 550000, 'Transport PP', 0, 0, '', 0, 0, '', 0, 0, '', 2, 430000, '', 0, 0, '', 0, 0, '', 1, 105000, '', 0, 0, '', '', 0, 0, '', 0, 0, '', 0, 0, '', 2215000, 2215000, 3, NULL, NULL, NULL),
(567, 235, 360, 'amerop1', 2, 350000, '', 1, 550000, 'Transport PP', 0, 0, '', 0, 0, '', 0, 0, '', 2, 430000, '', 0, 0, '', 0, 0, '', 1, 105000, '', 0, 0, '', '', 0, 0, '', 0, 0, '', 0, 0, '', 2215000, 2215000, 3, NULL, NULL, NULL),
(568, 235, 401, 'amerop1', 2, 350000, '', 1, 550000, 'Transport PP', 0, 0, '', 0, 0, '', 0, 0, '', 2, 430000, '', 0, 0, '', 0, 0, '', 1, 105000, '', 0, 0, '', '', 0, 0, '', 0, 0, '', 0, 0, '', 2215000, 2215000, 3, NULL, NULL, NULL),
(569, 235, 367, 'amerop1', 2, 350000, '', 1, 550000, 'Transport PP', 0, 0, '', 0, 0, '', 0, 0, '', 2, 430000, '', 0, 0, '', 0, 0, '', 1, 105000, '', 0, 0, '', '', 0, 0, '', 0, 0, '', 0, 0, '', 2215000, 2215000, 3, NULL, NULL, NULL),
(570, 235, 361, 'amerop1', 2, 350000, '', 1, 550000, 'Transport PP', 0, 0, '', 0, 0, '', 0, 0, '', 2, 430000, '', 0, 0, '', 0, 0, '', 1, 105000, '', 0, 0, '', '', 0, 0, '', 0, 0, '', 0, 0, '', 2215000, 2215000, 3, NULL, NULL, NULL),
(571, 235, 399, 'amerop1', 2, 350000, '', 1, 550000, 'Transport PP', 0, 0, '', 0, 0, '', 0, 0, '', 2, 430000, '', 0, 0, '', 0, 0, '', 1, 105000, '', 0, 0, '', '', 0, 0, '', 0, 0, '', 0, 0, '', 2215000, 2215000, 3, NULL, NULL, NULL),
(572, 235, 362, 'amerop1', 2, 350000, '', 1, 550000, 'Transport PP', 0, 0, '', 0, 0, '', 0, 0, '', 2, 430000, '', 0, 0, '', 0, 0, '', 1, 105000, '', 0, 0, '', '', 0, 0, '', 0, 0, '', 0, 0, '', 2215000, 2215000, 3, NULL, NULL, NULL),
(573, 235, 555, 'amerop1', 2, 350000, '', 1, 550000, 'Transport PP', 0, 0, '', 0, 0, '', 0, 0, '', 2, 430000, '', 0, 0, '', 0, 0, '', 1, 105000, '', 0, 0, '', '', 0, 0, '', 0, 0, '', 0, 0, '', 2215000, 2215000, 3, NULL, NULL, NULL),
(574, 234, 396, 'amerop1', 2, 750000, '', 1, 550000, 'Transport PP', 0, 0, '', 0, 0, '', 0, 0, '', 2, 430000, '', 0, 0, '', 0, 0, '', 1, 105000, '', 0, 0, '', 'Uang Representatif Direktur', 3, 150000, '', 0, 0, '', 0, 0, '', 3465000, 3465000, 3, NULL, NULL, NULL),
(575, 234, 363, 'amerop1', 2, 700000, '', 1, 550000, 'Transport PP', 0, 0, '', 0, 0, '', 0, 0, '', 2, 430000, '', 0, 0, '', 0, 0, '', 1, 105000, '', 0, 0, '', '', 0, 0, '', 0, 0, '', 0, 0, '', 2915000, 2915000, 3, NULL, NULL, NULL),
(576, 234, 356, 'amerop1', 2, 350000, '', 1, 550000, 'Transport PP', 0, 0, '', 0, 0, '', 0, 0, '', 2, 430000, '', 0, 0, '', 0, 0, '', 1, 105000, '', 0, 0, '', '', 0, 0, '', 0, 0, '', 0, 0, '', 2215000, 2215000, 3, NULL, NULL, NULL),
(577, 234, 355, 'amerop1', 2, 350000, '', 1, 550000, 'Transport PP', 0, 0, '', 0, 0, '', 0, 0, '', 2, 430000, '', 0, 0, '', 0, 0, '', 1, 105000, '', 0, 0, '', '', 0, 0, '', 0, 0, '', 0, 0, '', 2215000, 2215000, 3, NULL, NULL, NULL),
(578, 234, 357, 'amerop1', 2, 350000, '', 1, 550000, '', 0, 0, '', 0, 0, '', 0, 0, '', 2, 430000, '', 0, 0, '', 0, 0, '', 1, 105000, '', 0, 0, '', '', 0, 0, '', 0, 0, '', 0, 0, '', 2215000, 2215000, 3, NULL, NULL, NULL),
(579, 234, 358, 'amerop1', 2, 350000, '', 1, 550000, 'Transport PP', 0, 0, '', 0, 0, '', 0, 0, '', 2, 430000, '', 0, 0, '', 0, 0, '', 1, 105000, '', 0, 0, '', '', 0, 0, '', 0, 0, '', 0, 0, '', 2215000, 2215000, 3, NULL, NULL, NULL),
(580, 234, 366, 'amerop1', 2, 350000, '', 1, 550000, 'Transport PP', 0, 0, '', 0, 0, '', 0, 0, '', 2, 430000, '', 0, 0, '', 0, 0, '', 1, 105000, '', 0, 0, '', '', 0, 0, '', 0, 0, '', 0, 0, '', 2215000, 2215000, 3, NULL, NULL, NULL),
(581, 234, 364, 'amerop1', 2, 350000, '', 1, 550000, 'Transport PP', 0, 0, '', 0, 0, '', 0, 0, '', 2, 430000, '', 0, 0, '', 0, 0, '', 1, 105000, '', 0, 0, '', '', 0, 0, '', 0, 0, '', 0, 0, '', 2215000, 2215000, 3, NULL, NULL, NULL),
(582, 246, 329, 'anev1', 0, 610000, '', 1, 275000, '', 1, 275000, '', 0, 0, '', 0, 650000, '', 0, 530000, '', 0, 0, '', 0, 180000, '', 0, 180000, '', 180000, 0, '', '', 0, 0, '', 0, 0, '', 0, 0, '', 550000, 550000, 2, NULL, NULL, NULL),
(583, 246, 347, 'anev1', 0, 610000, '', 1, 275000, '', 1, 275000, '', 0, 0, '', 0, 650000, '', 0, 530000, '', 0, 0, '', 0, 180000, '', 1, 130000, '', 180000, 0, '', '', 0, 0, '', 0, 0, '', 0, 0, '', 680000, 680000, 2, NULL, NULL, NULL),
(584, 246, 330, 'anev1', 0, 610000, '', 1, 275000, '', 1, 275000, '', 0, 0, '', 0, 650000, '', 0, 530000, '', 0, 0, '', 0, 180000, '', 1, 130000, '', 180000, 0, '', '', 0, 0, '', 0, 0, '', 0, 0, '', 680000, 680000, 2, NULL, NULL, NULL),
(585, 246, 343, 'anev1', 0, 610000, '', 1, 275000, '', 1, 275000, '', 0, 0, '', 0, 650000, '', 0, 530000, '', 0, 0, '', 0, 180000, '', 1, 130000, '', 180000, 0, '', '', 0, 0, '', 0, 0, '', 0, 0, '', 680000, 680000, 2, NULL, NULL, NULL),
(586, 246, 91, 'anev1', 0, 610000, '', 1, 275000, '', 1, 275000, '', 0, 0, '', 0, 650000, '', 0, 530000, '', 0, 0, '', 0, 180000, '', 1, 130000, '', 180000, 0, '', '', 0, 0, '', 0, 0, '', 0, 0, '', 680000, 680000, 2, NULL, NULL, NULL),
(587, 246, 336, 'anev1', 0, 610000, '', 1, 275000, '', 1, 275000, '', 0, 0, '', 0, 650000, '', 0, 530000, '', 0, 0, '', 0, 180000, '', 1, 130000, '', 180000, 0, '', '', 0, 0, '', 0, 0, '', 0, 0, '', 680000, 680000, 2, NULL, NULL, NULL),
(588, 246, 334, 'anev1', 0, 610000, '', 1, 275000, '', 1, 275000, '', 0, 0, '', 0, 650000, '', 0, 530000, '', 0, 0, '', 0, 180000, '', 1, 130000, '', 180000, 0, '', '', 0, 0, '', 0, 0, '', 0, 0, '', 680000, 680000, 2, NULL, NULL, NULL),
(589, 228, 396, 'aspasaf1', 2, 750000, '', 1, 550000, 'Transport PP', 0, 0, '', 0, 0, '', 0, 0, '', 2, 430000, '', 0, 0, '', 0, 0, '', 1, 105000, '', 0, 0, '', 'Uang Representatif Direktur', 3, 150000, '', 0, 0, '', 0, 0, '', 3465000, 3465000, 3, NULL, NULL, NULL),
(590, 228, 363, 'aspasaf1', 2, 700000, '', 1, 550000, 'Transport PP', 0, 0, '', 0, 0, '', 0, 0, '', 2, 430000, '', 0, 0, '', 0, 0, '', 1, 105000, '', 0, 0, '', '', 0, 0, '', 0, 0, '', 0, 0, '', 2915000, 2915000, 3, NULL, NULL, NULL),
(591, 228, 356, 'aspasaf1', 2, 350000, '', 1, 550000, 'Transport PP', 0, 0, '', 0, 0, '', 0, 0, '', 2, 430000, '', 0, 0, '', 0, 0, '', 1, 105000, '', 0, 0, '', '', 0, 0, '', 0, 0, '', 0, 0, '', 2215000, 2215000, 3, NULL, NULL, NULL),
(592, 228, 355, 'aspasaf1', 2, 350000, '', 1, 550000, 'Transport PP', 0, 0, '', 0, 0, '', 0, 0, '', 2, 430000, '', 0, 0, '', 0, 0, '', 1, 105000, '', 0, 0, '', '', 0, 0, '', 0, 0, '', 0, 0, '', 2215000, 2215000, 3, NULL, NULL, NULL),
(593, 228, 364, 'aspasaf1', 2, 350000, '', 1, 550000, 'Transport PP', 0, 0, '', 0, 0, '', 0, 0, '', 2, 430000, '', 0, 0, '', 0, 0, '', 1, 105000, '', 0, 0, '', '', 0, 0, '', 0, 0, '', 0, 0, '', 2215000, 2215000, 3, NULL, NULL, NULL),
(594, 228, 357, 'aspasaf1', 2, 350000, '', 1, 550000, 'Transport PP', 0, 0, '', 0, 0, '', 0, 0, '', 2, 430000, '', 0, 0, '', 0, 0, '', 1, 105000, '', 0, 0, '', '', 0, 0, '', 0, 0, '', 0, 0, '', 2215000, 2215000, 3, NULL, NULL, NULL),
(595, 228, 358, 'aspasaf1', 2, 350000, '', 1, 550000, 'Transport PP', 0, 0, '', 0, 0, '', 0, 0, '', 2, 430000, '', 0, 0, '', 0, 0, '', 1, 105000, '', 0, 0, '', '', 0, 0, '', 0, 0, '', 0, 0, '', 2215000, 2215000, 3, NULL, NULL, NULL),
(596, 228, 366, 'aspasaf1', 2, 350000, '', 1, 550000, 'Transport PP', 0, 0, '', 0, 0, '', 0, 0, '', 2, 430000, '', 0, 0, '', 0, 0, '', 1, 105000, '', 0, 0, '', '', 0, 0, '', 0, 0, '', 0, 0, '', 2215000, 2215000, 3, NULL, NULL, NULL),
(597, 230, 352, 'aspasaf1', 2, 350000, '', 1, 550000, 'Transport PP', 0, 0, '', 0, 0, '', 0, 0, '', 2, 430000, '', 0, 0, '', 0, 0, '', 1, 105000, '', 0, 0, '', '', 0, 0, '', 0, 0, '', 0, 0, '', 2215000, 2215000, 3, NULL, NULL, NULL),
(598, 230, 367, 'aspasaf1', 2, 350000, '', 1, 550000, 'Transport PP', 0, 0, '', 0, 0, '', 0, 0, '', 2, 430000, '', 0, 0, '', 0, 0, '', 1, 105000, '', 0, 0, '', '', 0, 0, '', 0, 0, '', 0, 0, '', 2215000, 2215000, 3, NULL, NULL, NULL),
(599, 230, 401, 'aspasaf1', 2, 350000, '', 1, 550000, 'Transport PP', 0, 0, '', 0, 0, '', 0, 0, '', 2, 430000, '', 0, 0, '', 0, 0, '', 1, 105000, '', 0, 0, '', '', 0, 0, '', 0, 0, '', 0, 0, '', 2215000, 2215000, 3, NULL, NULL, NULL),
(600, 230, 555, 'aspasaf1', 2, 350000, '', 1, 550000, 'Transport PP', 0, 0, '', 0, 0, '', 0, 0, '', 2, 430000, '', 0, 0, '', 0, 0, '', 1, 105000, '', 0, 0, '', '', 0, 0, '', 0, 0, '', 0, 0, '', 2215000, 2215000, 3, NULL, NULL, NULL),
(601, 230, 362, 'aspasaf1', 2, 350000, '', 1, 550000, 'Transport PP', 0, 0, '', 0, 0, '', 0, 0, '', 2, 430000, '', 0, 0, '', 0, 0, '', 1, 105000, '', 0, 0, '', '', 0, 0, '', 0, 0, '', 0, 0, '', 2215000, 2215000, 3, NULL, NULL, NULL),
(602, 230, 399, 'aspasaf1', 2, 350000, '', 1, 550000, 'Transport PP', 0, 0, '', 0, 0, '', 0, 0, '', 2, 430000, '', 0, 0, '', 0, 0, '', 1, 105000, '', 0, 0, '', '', 0, 0, '', 0, 0, '', 0, 0, '', 2215000, 2215000, 3, NULL, NULL, NULL),
(603, 230, 361, 'aspasaf1', 2, 350000, '', 1, 550000, 'Transport PP', 0, 0, '', 0, 0, '', 0, 0, '', 2, 430000, '', 0, 0, '', 0, 0, '', 1, 105000, '', 0, 0, '', '', 0, 0, '', 0, 0, '', 0, 0, '', 2215000, 2215000, 3, NULL, NULL, NULL),
(604, 230, 359, 'aspasaf1', 2, 350000, '', 1, 550000, 'Transport PP', 0, 0, '', 0, 0, '', 0, 0, '', 2, 430000, '', 0, 0, '', 0, 0, '', 1, 105000, '', 0, 0, '', '', 0, 0, '', 0, 0, '', 0, 0, '', 2215000, 2215000, 3, NULL, NULL, NULL),
(605, 230, 360, 'aspasaf1', 2, 350000, '', 1, 550000, '', 0, 0, '', 0, 0, '', 0, 0, '', 2, 430000, '', 0, 0, '', 0, 0, '', 1, 105000, '', 0, 0, '', '', 0, 0, '', 0, 0, '', 0, 0, '', 2215000, 2215000, 3, NULL, NULL, NULL),
(606, 248, 196, 'kontra1', 1, 835789, '', 1, 6197895, 'PP', 0, 0, '', 1, 650000, 'PP', 1, 276000, 'PP', 1, 370000, '', 0, 0, '', 0, 0, '', 0, 0, '', 0, 0, '', '', 0, 0, '', 0, 0, '', 0, 0, '', 0, 8329684, 1, NULL, NULL, NULL),
(607, 248, 407, 'kontra1', 1, 630869, '', 1, 6197895, 'PP', 0, 0, '', 1, 650000, 'PP', 1, 276000, 'PP', 2, 370000, '', 0, 0, '', 0, 0, '', 0, 0, '', 0, 0, '', '', 0, 0, '', 0, 0, '', 0, 0, '', 0, 8494764, 1, NULL, NULL, NULL),
(608, 191, 217, 'dalpas1', 1, 1076000, 'Biaya Penginapan Narasumber 1 Hari', 1, 1500000, 'Tiket Pesawat Pergi Panitia', 1, 1500000, 'Tiket Pesawat Pulang Narasumber', 1, 650000, 'Transport Bandara ', 1, 388000, 'Taxi Daerah Narasumber', 1, 410000, 'Uang Harian Narasumber', 0, 0, '', 0, 0, '', 0, 0, '', 0, 0, '', '', 0, 0, '', 0, 0, '', 0, 0, '', 0, 5524000, 1, NULL, NULL, NULL),
(609, 191, 254, 'dalpas1', 1, 1605000, 'Penginapan Narsum 1 Hari x 1 Orang ', 1, 1500000, 'Tiket Pesawat Pergi Narasumber', 1, 1500000, 'Tiket Pesawat Pulang Narasumber', 1, 650000, 'Transport Bandara Narsume', 1, 388000, 'Transport Daerah Narsum', 1, 410000, 'Uang Harian Narasumber', 0, 0, '', 0, 0, '', 0, 0, '', 0, 0, '', '', 0, 0, '', 0, 0, '', 0, 0, '', 0, 6053000, 1, NULL, NULL, NULL),
(610, 250, 465, 'dalpas1', 3, 486000, 'Biaya Penginapan 3 malam', 1, 500000, 'Tiket Pergi', 1, 500000, 'Tiket Pulang', 1, 550000, 'Transport Jakarta', 1, 150000, 'Tranport Lokal', 4, 370000, 'Uang Harian 4 Hari', 0, 0, '', 0, 0, '', 0, 0, '', 0, 0, '', '', 0, 0, '', 0, 0, '', 0, 0, '', 0, 4638000, 1, NULL, NULL, NULL),
(611, 250, 242, 'dalpas1', 3, 486000, 'Biaya Penginapan 3 malam', 1, 500000, 'Tiket Pergi', 1, 500000, 'Tiket Pulang', 1, 550000, 'Transport Jakarta', 1, 150000, 'Tranport Lokal', 4, 370000, 'Uang Harian 4 Hari', 0, 0, '', 0, 0, '', 0, 0, '', 0, 0, '', '', 0, 0, '', 0, 0, '', 0, 0, '', 0, 4638000, 1, NULL, NULL, NULL),
(612, 250, 171, 'dalpas1', 3, 486000, 'Biaya Penginapan 3 malam', 1, 500000, 'Tiket Pergi', 1, 500000, 'Tiket Pulang', 1, 550000, 'Transport Jakarta', 1, 150000, 'Tranport Lokal', 4, 370000, 'Uang Harian 4 Hari', 0, 0, '', 0, 0, '', 0, 0, '', 0, 0, '', '', 0, 0, '', 0, 0, '', 0, 0, '', 0, 4638000, 1, NULL, NULL, NULL),
(613, 251, 164, 'dalpas1', 3, 486000, 'Biaya Penginapan 3 malam', 1, 500000, 'Tiket Pergi', 1, 500000, 'Tiket Pulang', 1, 550000, 'Transport Jakarta', 1, 150000, 'Tranport Lokal', 4, 370000, 'Uang Harian 4 Hari', 0, 0, '', 0, 0, '', 0, 0, '', 0, 0, '', '', 0, 0, '', 0, 0, '', 0, 0, '', 0, 4638000, 1, NULL, NULL, NULL),
(614, 251, 158, 'dalpas1', 3, 486000, 'Biaya Penginapan 3 malam', 1, 500000, 'Tiket Pergi', 1, 500000, 'Tiket Pulang', 1, 550000, 'Transport Jakarta', 1, 150000, 'Tranport Lokal', 4, 370000, 'Uang Harian 4 Hari', 0, 0, '', 0, 0, '', 0, 0, '', 0, 0, '', '', 0, 0, '', 0, 0, '', 0, 0, '', 0, 4638000, 1, NULL, NULL, NULL),
(615, 251, 256, 'dalpas1', 3, 486000, 'Biaya Penginapan 3 malam', 1, 500000, 'Tiket Pergi', 1, 500000, 'Tiket Pulang', 1, 550000, 'Transport Jakarta', 1, 150000, 'Tranport Lokal', 4, 370000, 'Uang Harian 4 Hari', 0, 0, '', 0, 0, '', 0, 0, '', 0, 0, '', '', 0, 0, '', 0, 0, '', 0, 0, '', 0, 4638000, 1, NULL, NULL, NULL),
(616, 251, 166, 'dalpas1', 3, 486000, 'Biaya Penginapan 3 malam', 1, 500000, 'Tiket Pergi', 1, 500000, 'Tiket Pulang', 1, 550000, 'Transport Jakarta', 1, 150000, 'Tranport Lokal', 4, 370000, 'Uang Harian 4 Hari', 0, 0, '', 0, 0, '', 0, 0, '', 0, 0, '', '', 0, 0, '', 0, 0, '', 0, 0, '', 0, 4638000, 1, NULL, NULL, NULL),
(617, 252, 274, 'linkum1', 0, 0, '', 1, 275000, '', 1, 275000, '', 0, 0, '', 0, 0, '', 0, 0, '', 0, 0, '', 0, 0, '', 0, 0, '', 0, 0, '', '', 0, 0, '', 0, 0, '', 0, 0, '', 0, 550000, 2, NULL, NULL, NULL),
(618, 252, 346, 'linkum1', 0, 0, '', 1, 275000, '', 1, 275000, '', 0, 0, '', 0, 0, '', 0, 0, '', 0, 0, '', 0, 0, '', 0, 0, '', 0, 0, '', '', 0, 0, '', 0, 0, '', 0, 0, '', 550000, 550000, 2, NULL, NULL, NULL),
(619, 252, 348, 'linkum1', 0, 0, '', 1, 275000, '', 1, 275000, '', 0, 0, '', 0, 0, '', 0, 0, '', 0, 0, '', 0, 0, '', 0, 0, '', 0, 0, '', '', 0, 0, '', 0, 0, '', 0, 0, '', 550000, 550000, 2, NULL, NULL, NULL),
(620, 252, 585, 'linkum1', 0, 0, '', 1, 275000, '', 1, 275000, '', 0, 0, '', 0, 0, '', 0, 0, '', 0, 0, '', 0, 0, '', 0, 0, '', 0, 0, '', '', 0, 0, '', 0, 0, '', 0, 0, '', 550000, 550000, 2, NULL, NULL, NULL),
(621, 252, 350, 'linkum1', 0, 0, '', 1, 275000, '', 1, 275000, '', 0, 0, '', 0, 0, '', 0, 0, '', 0, 0, '', 0, 0, '', 1, 130000, '', 0, 0, '', '', 0, 0, '', 0, 0, '', 0, 0, '', 680000, 680000, 2, NULL, NULL, NULL),
(622, 252, 332, 'linkum1', 0, 0, '', 1, 275000, '', 1, 275000, '', 0, 0, '', 0, 0, '', 0, 0, '', 0, 0, '', 0, 0, '', 1, 130000, '', 0, 0, '', '', 0, 0, '', 0, 0, '', 0, 0, '', 680000, 680000, 2, NULL, NULL, NULL),
(623, 252, 331, 'linkum1', 0, 0, '', 1, 275000, '', 1, 275000, '', 0, 0, '', 0, 0, '', 0, 0, '', 0, 0, '', 0, 0, '', 1, 130000, '', 0, 0, '', '', 0, 0, '', 0, 0, '', 0, 0, '', 680000, 680000, 2, NULL, NULL, NULL),
(624, 252, 343, 'linkum1', 0, 0, '', 1, 275000, '', 1, 275000, '', 0, 0, '', 0, 0, '', 0, 0, '', 0, 0, '', 0, 0, '', 1, 130000, '', 0, 0, '', '', 0, 0, '', 0, 0, '', 0, 0, '', 680000, 680000, 2, NULL, NULL, NULL),
(625, 252, 338, 'linkum1', 0, 0, '', 1, 275000, '', 1, 275000, '', 0, 0, '', 0, 0, '', 0, 0, '', 0, 0, '', 0, 0, '', 1, 130000, '', 0, 0, '', '', 0, 0, '', 0, 0, '', 0, 0, '', 680000, 680000, 2, NULL, NULL, NULL),
(626, 252, 279, 'linkum1', 0, 0, '', 1, 275000, '', 1, 275000, '', 0, 0, '', 0, 0, '', 0, 0, '', 0, 0, '', 0, 0, '', 1, 130000, '', 0, 0, '', '', 0, 0, '', 0, 0, '', 0, 0, '', 680000, 680000, 2, NULL, NULL, NULL),
(627, 253, 463, 'dalpas1', 3, 486000, 'Biaya Penginapan 3 malam', 1, 500000, 'Tiket Pergi', 1, 500000, 'Tiket Pulang', 1, 550000, 'Transport Jakarta', 1, 150000, 'Tranport Lokal', 4, 370000, 'Uang Harian 4 Hari', 0, 0, '', 0, 0, '', 0, 0, '', 0, 0, '', '', 0, 0, '', 0, 0, '', 0, 0, '', 0, 4638000, 1, NULL, NULL, NULL),
(628, 253, 463, 'dalpas1', 3, 486000, 'Biaya Penginapan 3 malam', 1, 500000, 'Tiket Pergi', 1, 500000, 'Tiket Pulang', 1, 550000, 'Transport Jakarta', 1, 150000, 'Tranport Lokal', 4, 370000, 'Uang Harian 4 Hari', 0, 0, '', 0, 0, '', 0, 0, '', 0, 0, '', '', 0, 0, '', 0, 0, '', 0, 0, '', 0, 4638000, 1, NULL, NULL, NULL),
(629, 253, 165, 'dalpas1', 3, 486000, 'Biaya Penginapan 3 malam', 1, 500000, 'Tiket Pergi', 1, 500000, 'Tiket Pulang', 1, 550000, 'Transport Jakarta', 1, 150000, 'Tranport Lokal', 4, 370000, 'Uang Harian 4 Hari', 0, 0, '', 0, 0, '', 0, 0, '', 0, 0, '', '', 0, 0, '', 0, 0, '', 0, 0, '', 0, 4638000, 1, NULL, NULL, NULL),
(630, 253, 162, 'dalpas1', 3, 486000, 'Biaya Penginapan 3 malam', 1, 500000, 'Tiket Pergi', 1, 500000, 'Tiket Pulang', 1, 550000, 'Transport Jakarta', 1, 150000, 'Tranport Lokal', 4, 370000, 'Uang Harian 4 Hari', 0, 0, '', 0, 0, '', 0, 0, '', 0, 0, '', '', 0, 0, '', 0, 0, '', 0, 0, '', 0, 4638000, 1, NULL, NULL, NULL),
(631, 253, 464, 'dalpas1', 3, 486000, 'Biaya Penginapan 3 malam', 1, 500000, 'Tiket Pergi', 1, 500000, 'Tiket Pulang', 1, 550000, 'Transport Jakarta', 1, 150000, 'Tranport Lokal', 4, 370000, 'Uang Harian 4 Hari', 0, 0, '', 0, 0, '', 0, 0, '', 0, 0, '', '', 0, 0, '', 0, 0, '', 0, 0, '', 0, 4638000, 1, NULL, NULL, NULL),
(632, 254, 167, 'dalpas1', 3, 486000, 'Biaya Penginapan 3 malam', 1, 500000, 'Tiket Pergi', 1, 500000, 'Tiket Pulang', 1, 550000, 'Transport Jakarta', 1, 150000, 'Tranport Lokal', 4, 370000, 'Uang Harian 4 Hari', 0, 0, '', 0, 0, '', 0, 0, '', 0, 0, '', '', 0, 0, '', 0, 0, '', 0, 0, '', 0, 4638000, 1, NULL, NULL, NULL),
(633, 254, 163, 'dalpas1', 3, 486000, 'Biaya Penginapan 3 malam', 1, 500000, 'Tiket Pergi', 1, 500000, 'Tiket Pulang', 1, 550000, 'Transport Jakarta', 1, 150000, 'Tranport Lokal', 4, 370000, 'Uang Harian 4 Hari', 0, 0, '', 0, 0, '', 0, 0, '', 0, 0, '', '', 0, 0, '', 0, 0, '', 0, 0, '', 0, 4638000, 1, NULL, NULL, NULL),
(634, 254, 460, 'dalpas1', 3, 486000, 'Biaya Penginapan 3 malam', 1, 500000, 'Tiket Pergi', 1, 500000, 'Tiket Pulang', 1, 550000, 'Transport Jakarta', 1, 150000, 'Tranport Lokal', 4, 370000, 'Uang Harian 4 Hari', 0, 0, '', 0, 0, '', 0, 0, '', 0, 0, '', '', 0, 0, '', 0, 0, '', 0, 0, '', 0, 4638000, 1, NULL, NULL, NULL),
(635, 254, 161, 'dalpas1', 3, 486000, 'Biaya Penginapan 3 malam', 1, 500000, 'Tiket Pergi', 1, 500000, 'Tiket Pulang', 1, 550000, 'Transport Jakarta', 1, 150000, 'Tranport Lokal', 4, 370000, 'Uang Harian 4 Hari', 0, 0, '', 0, 0, '', 0, 0, '', 0, 0, '', '', 0, 0, '', 0, 0, '', 0, 0, '', 0, 4638000, 1, NULL, NULL, NULL),
(636, 254, 263, 'dalpas1', 3, 486000, 'Biaya Penginapan 3 malam', 1, 500000, 'Tiket Pergi', 1, 500000, 'Tiket Pulang', 1, 550000, 'Transport Jakarta', 1, 150000, 'Tranport Lokal', 4, 370000, 'Uang Harian 4 Hari', 0, 0, '', 0, 0, '', 0, 0, '', 0, 0, '', '', 0, 0, '', 0, 0, '', 0, 0, '', 0, 4638000, 1, NULL, NULL, NULL),
(637, 199, 306, 'latih1', 2, 800000, '', 1, 275000, '', 1, 275000, '', 0, 0, '', 0, 0, '', 2, 530000, '', 0, 0, '', 0, 0, '', 0, 0, '', 180000, 1, 'Dikurangi 2 Hari Sebagai Narasumber dan Instruktur', '', 0, 0, '', 0, 0, '', 0, 0, '', 3390000, 3390000, 2, NULL, NULL, NULL),
(638, 195, 308, 'latih1', 2, 800000, '', 1, 275000, '', 1, 275000, '', 0, 0, '', 0, 0, '', 2, 530000, '', 0, 0, '', 0, 0, '', 0, 0, '', 180000, 2, 'Dikurangi 1 Hari Sebagai  Instruktur', '', 0, 0, '', 0, 0, '', 0, 0, '', 3570000, 3570000, 2, NULL, NULL, NULL),
(639, 195, 307, 'latih1', 2, 800000, '', 1, 275000, '', 1, 275000, '', 0, 0, '', 0, 0, '', 1, 530000, '', 0, 0, '', 0, 0, '', 0, 0, '', 180000, 2, 'Dikurangi 1 Hari Sebagai  Instruktur', '', 0, 0, '', 0, 0, '', 0, 0, '', 0, 3040000, 2, NULL, NULL, NULL),
(640, 195, 310, 'latih1', 2, 550000, '', 1, 275000, '', 1, 275000, '', 0, 0, '', 0, 0, '', 2, 530000, '', 0, 0, '', 0, 0, '', 0, 0, '', 180000, 3, '', '', 0, 0, '', 0, 0, '', 0, 0, '', 0, 3250000, 2, NULL, NULL, NULL),
(641, 195, 317, 'latih1', 2, 550000, '', 1, 275000, '', 1, 275000, '', 0, 0, '', 0, 0, '', 2, 530000, '', 0, 0, '', 0, 0, '', 0, 0, '', 180000, 3, '', '', 0, 0, '', 0, 0, '', 0, 0, '', 0, 3250000, 2, NULL, NULL, NULL),
(642, 195, 324, 'latih1', 0, 550000, '', 1, 275000, '', 1, 275000, '', 0, 0, '', 0, 0, '', 2, 530000, '', 0, 0, '', 0, 0, '', 0, 0, '', 180000, 3, '', '', 0, 0, '', 0, 0, '', 0, 0, '', 0, 2150000, 2, NULL, NULL, NULL),
(643, 195, 328, 'latih1', 2, 550000, '', 1, 275000, '', 1, 275000, '', 0, 0, '', 0, 0, '', 0, 530000, '', 0, 0, '', 0, 0, '', 0, 0, '', 180000, 3, '', '', 0, 0, '', 0, 0, '', 0, 0, '', 0, 2190000, 2, NULL, NULL, NULL),
(644, 195, 501, 'latih1', 2, 550000, '', 1, 275000, '', 1, 275000, '', 0, 0, '', 0, 0, '', 2, 530000, '', 0, 0, '', 0, 0, '', 0, 0, '', 180000, 3, '', '', 0, 0, '', 0, 0, '', 0, 0, '', 0, 3250000, 2, NULL, NULL, NULL),
(645, 195, 502, 'latih1', 2, 550000, '', 1, 275000, '', 1, 275000, '', 0, 0, '', 0, 0, '', 2, 530000, '', 0, 0, '', 0, 0, '', 0, 0, '', 180000, 3, '', '', 0, 0, '', 0, 0, '', 0, 0, '', 0, 3250000, 2, NULL, NULL, NULL),
(646, 195, 515, 'latih1', 2, 550000, '', 1, 275000, '', 1, 275000, '', 0, 0, '', 0, 0, '', 2, 530000, '', 0, 0, '', 0, 0, '', 0, 0, '', 180000, 3, '', '', 0, 0, '', 0, 0, '', 0, 0, '', 0, 3250000, 2, NULL, NULL, NULL),
(647, 78, 280, 'siaga1', 2, 1200000, '', 1, 2175690, 'PP', 0, 0, '', 1, 650000, '', 0, 0, '', 3, 420000, '', 0, 0, '', 0, 0, '', 0, 0, '', 0, 0, '', '', 0, 0, '', 0, 0, '', 0, 0, '', 6485690, 6485690, 2, NULL, NULL, NULL),
(648, 78, 282, 'siaga1', 2, 845000, '', 1, 1280500, 'PP', 0, 0, '', 0, 0, '', 0, 0, '', 3, 420000, '', 0, 0, '', 0, 0, '', 0, 0, '', 0, 0, '', '', 0, 0, '', 0, 0, '', 0, 0, '', 0, 4230500, 2, NULL, NULL, NULL),
(649, 78, 281, 'siaga1', 2, 422500, '', 1, 2175690, 'PP', 0, 0, '', 1, 650000, '', 0, 0, '', 3, 420000, '', 0, 0, '', 0, 0, '', 0, 0, '', 0, 0, '', '', 0, 0, '', 0, 0, '', 0, 0, '', 5775690, 4930690, 2, NULL, NULL, NULL),
(650, 78, 503, 'siaga1', 2, 422500, '', 1, 2175690, 'PP', 0, 0, '', 1, 650000, '', 0, 0, '', 3, 420000, '', 0, 0, '', 0, 0, '', 0, 0, '', 0, 0, '', '', 0, 0, '', 0, 0, '', 0, 0, '', 5775690, 4930690, 2, NULL, NULL, NULL),
(651, 199, 308, 'latih1', 2, 800000, '', 1, 275000, '', 1, 275000, '', 0, 0, '', 0, 0, '', 2, 530000, '', 0, 0, '', 0, 180000, '', 0, 180000, '', 180000, 2, 'Dikurangi 1 Hari Sebagai Instruktur', '', 0, 0, '', 0, 0, '', 0, 0, '', 3570000, 3570000, 2, NULL, NULL, NULL),
(652, 259, 168, 'dalpas2', 3, 486000, 'Biaya Penginapan 3 malam', 1, 500000, 'Tiket Pergi', 1, 500000, 'Tiket Pulang', 1, 550000, 'Transport Jakarta', 1, 150000, 'Tranport Lokal', 4, 370000, 'Uang Harian 4 Hari', 0, 0, '', 0, 0, '', 0, 0, '', 0, 0, '', '', 0, 0, '', 0, 0, '', 0, 0, '', 0, 4638000, 1, NULL, NULL, NULL),
(653, 259, 466, 'dalpas2', 3, 486000, 'Biaya Penginapan 3 malam', 1, 500000, 'Tiket Pergi', 1, 500000, 'Tiket Pulang', 1, 550000, 'Transport Jakarta', 1, 150000, 'Tranport Lokal', 4, 370000, 'Uang Harian 4 Hari', 0, 0, '', 0, 0, '', 0, 0, '', 0, 0, '', '', 0, 0, '', 0, 0, '', 0, 0, '', 0, 4638000, 1, NULL, NULL, NULL),
(654, 259, 170, 'dalpas2', 3, 486000, 'Biaya Penginapan 3 malam', 1, 500000, 'Tiket Pergi', 1, 500000, 'Tiket Pulang', 1, 550000, 'Transport Jakarta', 1, 150000, 'Tranport Lokal', 4, 370000, 'Uang Harian 4 Hari', 0, 0, '', 0, 0, '', 0, 0, '', 0, 0, '', '', 0, 0, '', 0, 0, '', 0, 0, '', 0, 4638000, 1, NULL, NULL, NULL),
(655, 259, 255, 'dalpas2', 3, 486000, 'Biaya Penginapan 3 malam', 1, 500000, 'Tiket Pergi', 1, 500000, 'Tiket Pulang', 1, 550000, 'Transport Jakarta', 1, 150000, 'Tranport Lokal', 4, 370000, 'Uang Harian 4 Hari', 0, 0, '', 0, 0, '', 0, 0, '', 0, 0, '', '', 0, 0, '', 0, 0, '', 0, 0, '', 0, 4638000, 1, NULL, NULL, NULL),
(656, 259, 159, 'dalpas2', 3, 486000, 'Biaya Penginapan 3 malam', 1, 500000, 'Tiket Pergi', 1, 500000, 'Tiket Pulang', 1, 550000, 'Transport Jakarta', 1, 150000, 'Tranport Lokal', 4, 370000, 'Uang Harian 4 Hari', 0, 0, '', 0, 0, '', 0, 0, '', 0, 0, '', '', 0, 0, '', 0, 0, '', 0, 0, '', 0, 4638000, 1, NULL, NULL, NULL),
(657, 260, 568, 'hubal1', 0, 0, '', 1, 275000, '', 1, 275000, '', 0, 0, '', 0, 0, '', 1, 530000, '', 0, 0, '', 0, 0, '', 0, 0, '', 0, 0, '', '', 0, 0, '', 0, 0, '', 0, 0, '', 1080000, 1080000, 2, NULL, NULL, NULL),
(658, 260, 569, 'hubal1', 0, 0, '', 1, 275000, '', 1, 275000, '', 0, 0, '', 0, 0, '', 1, 530000, '', 0, 0, '', 0, 0, '', 0, 0, '', 0, 0, '', '', 0, 0, '', 0, 0, '', 0, 0, '', 1080000, 1080000, 2, NULL, NULL, NULL),
(659, 260, 570, 'hubal1', 0, 0, '', 1, 275000, '', 1, 275000, '', 0, 0, '', 0, 0, '', 1, 530000, '', 0, 0, '', 0, 0, '', 0, 0, '', 0, 0, '', '', 0, 0, '', 0, 0, '', 0, 0, '', 1080000, 1080000, 2, NULL, NULL, NULL),
(660, 260, 573, 'hubal1', 0, 0, '', 1, 275000, '', 1, 275000, '', 0, 0, '', 0, 0, '', 1, 530000, '', 0, 0, '', 0, 0, '', 0, 0, '', 0, 0, '', '', 0, 0, '', 0, 0, '', 0, 0, '', 1080000, 1080000, 2, NULL, NULL, NULL),
(661, 260, 574, 'hubal1', 0, 0, '', 1, 275000, '', 1, 275000, '', 0, 0, '', 0, 0, '', 1, 530000, '', 0, 0, '', 0, 0, '', 0, 0, '', 0, 0, '', '', 0, 0, '', 0, 0, '', 0, 0, '', 1080000, 1080000, 2, NULL, NULL, NULL),
(662, 260, 575, 'hubal1', 0, 0, '', 1, 275000, '', 1, 275000, '', 0, 0, '', 0, 0, '', 1, 530000, '', 0, 0, '', 0, 0, '', 0, 0, '', 0, 0, '', '', 0, 0, '', 0, 0, '', 0, 0, '', 1080000, 1080000, 2, NULL, NULL, NULL),
(663, 260, 576, 'hubal1', 0, 0, '', 1, 275000, '', 1, 275000, '', 0, 0, '', 0, 0, '', 1, 530000, '', 0, 0, '', 0, 0, '', 0, 0, '', 0, 0, '', '', 0, 0, '', 0, 0, '', 0, 0, '', 1080000, 1080000, 2, NULL, NULL, NULL),
(664, 260, 577, 'hubal1', 0, 0, '', 1, 275000, '', 1, 275000, '', 0, 0, '', 0, 0, '', 1, 530000, '', 0, 0, '', 0, 0, '', 0, 0, '', 0, 0, '', '', 0, 0, '', 0, 0, '', 0, 0, '', 1080000, 1080000, 2, NULL, NULL, NULL),
(665, 260, 579, 'hubal1', 0, 0, '', 1, 275000, '', 1, 275000, '', 0, 0, '', 0, 0, '', 1, 530000, '', 0, 0, '', 0, 0, '', 0, 0, '', 0, 0, '', '', 0, 0, '', 0, 0, '', 0, 0, '', 1080000, 1080000, 2, NULL, NULL, NULL),
(666, 260, 580, 'hubal1', 0, 0, '', 1, 275000, '', 1, 275000, '', 0, 0, '', 0, 0, '', 1, 530000, '', 0, 0, '', 0, 0, '', 0, 0, '', 0, 0, '', '', 0, 0, '', 0, 0, '', 0, 0, '', 1080000, 1080000, 2, NULL, NULL, NULL);
INSERT INTO `tb_rincian` (`id_rincian`, `id_spd`, `id_peg`, `id_user`, `jml_inap`, `nilai_inap`, `ket_inap`, `jml_berangkat`, `nilai_berangkat`, `ket_berangkat`, `jml_kembali`, `nilai_kembali`, `ket_kembali`, `jml_taxi_berangkat`, `nilai_taxi_berangkat`, `ket_taxi_berangkat`, `jml_taxi_kembali`, `nilai_taxi_kembali`, `ket_taxi_kembali`, `jml_harian`, `nilai_harian`, `ket_harian`, `jml_harian1`, `nilai_harian1`, `ket_harian1`, `jml_saku`, `nilai_saku`, `ket_saku`, `jml_saku2`, `nilai_saku2`, `ket_saku2`, `nilai_saku3`, `jml_saku3`, `ket_saku3`, `uraian_lain`, `jml_lain`, `nilai_lain`, `ket_lain`, `jml_pasport`, `nilai_pasport`, `ket_pasport`, `jml_reprentasi`, `nilai_reprentasi`, `ket_reprentasi`, `uang_muka`, `total`, `id_satker`, `jml_harian2`, `nilai_harian2`, `ket_harian2`) VALUES
(667, 260, 581, 'hubal1', 0, 0, '', 1, 275000, '', 1, 275000, '', 0, 0, '', 0, 0, '', 1, 530000, '', 0, 0, '', 0, 0, '', 0, 0, '', 0, 0, '', '', 0, 0, '', 0, 0, '', 0, 0, '', 1080000, 1080000, 2, NULL, NULL, NULL),
(668, 260, 582, 'hubal1', 0, 0, '', 1, 275000, '', 1, 275000, '', 0, 0, '', 0, 0, '', 1, 530000, '', 0, 0, '', 0, 0, '', 0, 0, '', 0, 0, '', '', 0, 0, '', 0, 0, '', 0, 0, '', 1080000, 1080000, 2, NULL, NULL, NULL),
(669, 261, 567, 'hubal1', 0, 0, '', 1, 275000, '', 1, 275000, '', 0, 0, '', 0, 0, '', 1, 530000, '', 0, 0, '', 0, 0, '', 0, 0, '', 0, 0, '', '', 0, 0, '', 0, 0, '', 0, 0, '', 1080000, 1080000, 2, NULL, NULL, NULL),
(670, 261, 571, 'hubal1', 0, 0, '', 1, 275000, '', 1, 275000, '', 0, 0, '', 0, 0, '', 1, 530000, '', 0, 0, '', 0, 0, '', 0, 0, '', 0, 0, '', '', 0, 0, '', 0, 0, '', 0, 0, '', 1080000, 1080000, 2, NULL, NULL, NULL),
(671, 261, 572, 'hubal1', 0, 0, '', 1, 275000, '', 1, 275000, '', 0, 0, '', 0, 0, '', 1, 530000, '', 0, 0, '', 0, 0, '', 0, 0, '', 0, 0, '', '', 0, 0, '', 0, 0, '', 0, 0, '', 1080000, 1080000, 2, NULL, NULL, NULL),
(672, 261, 575, 'hubal1', 0, 0, '', 1, 275000, '', 1, 275000, '', 0, 0, '', 0, 0, '', 1, 530000, '', 0, 0, '', 0, 0, '', 0, 0, '', 0, 0, '', '', 0, 0, '', 0, 0, '', 0, 0, '', 1080000, 1080000, 2, NULL, NULL, NULL),
(673, 261, 576, 'hubal1', 0, 0, '', 1, 275000, '', 1, 275000, '', 0, 0, '', 0, 0, '', 1, 530000, '', 0, 0, '', 0, 0, '', 0, 0, '', 0, 0, '', '', 0, 0, '', 0, 0, '', 0, 0, '', 1080000, 1080000, 2, NULL, NULL, NULL),
(674, 261, 573, 'hubal1', 0, 0, '', 1, 275000, '', 1, 275000, '', 0, 0, '', 0, 0, '', 1, 530000, '', 0, 0, '', 0, 0, '', 0, 0, '', 0, 0, '', '', 0, 0, '', 0, 0, '', 0, 0, '', 1080000, 1080000, 2, NULL, NULL, NULL),
(675, 261, 574, 'hubal1', 0, 0, '', 1, 275000, '', 1, 275000, '', 0, 0, '', 0, 0, '', 1, 530000, '', 0, 0, '', 0, 0, '', 0, 0, '', 0, 0, '', '', 0, 0, '', 0, 0, '', 0, 0, '', 1080000, 1080000, 2, NULL, NULL, NULL),
(676, 261, 578, 'hubal1', 0, 0, '', 1, 275000, '', 1, 275000, '', 0, 0, '', 0, 0, '', 1, 530000, '', 0, 0, '', 0, 0, '', 0, 0, '', 0, 0, '', '', 0, 0, '', 0, 0, '', 0, 0, '', 1080000, 1080000, 2, NULL, NULL, NULL),
(677, 261, 581, 'hubal1', 0, 0, '', 1, 275000, '', 1, 275000, '', 0, 0, '', 0, 0, '', 1, 530000, '', 0, 0, '', 0, 0, '', 0, 0, '', 0, 0, '', '', 0, 0, '', 0, 0, '', 0, 0, '', 1080000, 1080000, 2, NULL, NULL, NULL),
(678, 261, 582, 'hubal1', 0, 0, '', 1, 275000, '', 1, 275000, '', 0, 0, '', 0, 0, '', 1, 530000, '', 0, 0, '', 0, 0, '', 0, 0, '', 0, 0, '', '', 0, 0, '', 0, 0, '', 0, 0, '', 1080000, 1080000, 2, NULL, NULL, NULL),
(679, 261, 579, 'hubal1', 0, 0, '', 1, 275000, '', 1, 275000, '', 0, 0, '', 0, 0, '', 1, 530000, '', 0, 0, '', 0, 0, '', 0, 0, '', 0, 0, '', '', 0, 0, '', 0, 0, '', 0, 0, '', 1080000, 1080000, 2, NULL, NULL, NULL),
(680, 261, 580, 'hubal1', 0, 0, '', 1, 275000, '', 1, 275000, '', 0, 0, '', 0, 0, '', 1, 530000, '', 0, 0, '', 0, 0, '', 0, 0, '', 0, 0, '', '', 0, 0, '', 0, 0, '', 0, 0, '', 1080000, 1080000, 2, NULL, NULL, NULL),
(681, 262, 143, 'tuka', 0, 0, '', 0, 0, '', 0, 0, '', 0, 0, '', 0, 0, '', 1, 426000, '', 0, 0, '', 0, 0, '', 0, 0, '', 0, 0, '', 'Uang Representasi', 1, 250000, '', 0, 0, '', 0, 0, '', 0, 676000, 4, NULL, NULL, NULL),
(682, 262, 146, 'tuka', 0, 0, '', 0, 0, '', 0, 0, '', 0, 0, '', 0, 0, '', 1, 426000, '', 0, 0, '', 0, 0, '', 0, 0, '', 0, 0, '', '', 0, 0, '', 0, 0, '', 0, 0, '', 0, 426000, 4, NULL, NULL, NULL),
(683, 262, 563, 'tuka', 0, 0, '', 0, 0, '', 0, 0, '', 0, 0, '', 0, 0, '', 1, 426000, '', 0, 0, '', 0, 0, '', 0, 0, '', 0, 0, '', '', 0, 0, '', 0, 0, '', 0, 0, '', 0, 426000, 4, NULL, NULL, NULL),
(684, 267, 172, 'dalpas2', 3, 486000, 'Biaya Penginapan 3 malam', 1, 500000, 'Tiket Pergi', 1, 500000, 'Tiket Pulang', 1, 550000, 'Transport Jakarta', 1, 150000, 'Tranport Lokal', 4, 370000, 'Uang Harian 4 Hari', 0, 0, '', 0, 0, '', 0, 0, '', 0, 0, '', '', 0, 0, '', 0, 0, '', 0, 0, '', 0, 4638000, 1, NULL, NULL, NULL),
(685, 267, 462, 'dalpas2', 3, 486000, 'Biaya Penginapan 3 malam', 1, 500000, 'Tiket Pergi', 1, 500000, 'Tiket Pulang', 1, 550000, 'Transport Jakarta', 1, 150000, 'Tranport Lokal', 4, 370000, 'Uang Harian 4 Hari', 0, 0, '', 0, 0, '', 0, 0, '', 0, 0, '', '', 0, 0, '', 0, 0, '', 0, 0, '', 0, 4638000, 1, NULL, NULL, NULL),
(686, 267, 173, 'dalpas2', 3, 486000, 'Biaya Penginapan 3 malam', 1, 500000, 'Tiket Pergi', 1, 500000, 'Tiket Pulang', 1, 550000, 'Transport Jakarta', 1, 150000, 'Tranport Lokal', 4, 370000, 'Uang Harian 4 Hari', 0, 0, '', 0, 0, '', 0, 0, '', 0, 0, '', '', 0, 0, '', 0, 0, '', 0, 0, '', 0, 4638000, 1, NULL, NULL, NULL),
(687, 267, 461, 'dalpas2', 3, 486000, 'Biaya Penginapan 3 malam', 1, 500000, 'Tiket Pergi', 1, 500000, 'Tiket Pulang', 1, 550000, 'Transport Jakarta', 1, 150000, 'Tranport Lokal', 4, 370000, 'Uang Harian 4 Hari', 0, 0, '', 0, 0, '', 0, 0, '', 0, 0, '', '', 0, 0, '', 0, 0, '', 0, 0, '', 0, 4638000, 1, NULL, NULL, NULL),
(688, 267, 157, 'dalpas2', 3, 954000, 'Biaya Penginapan 3 malam', 1, 500000, 'Tiket Pergi', 1, 500000, 'Tiket Pulang', 1, 550000, 'Transport Jakarta', 1, 150000, 'Tranport Lokal', 4, 370000, 'Uang Harian 4 Hari', 0, 0, '', 0, 0, '', 0, 0, '', 0, 0, '', '', 0, 0, '', 0, 0, '', 0, 0, '', 0, 6042000, 1, NULL, NULL, NULL),
(689, 262, 562, 'tuka', 0, 0, '', 0, 0, '', 0, 0, '', 0, 0, '', 0, 0, '', 1, 426000, '', 0, 0, '', 0, 0, '', 0, 0, '', 0, 0, '', '', 0, 0, '', 0, 0, '', 0, 0, '', 0, 426000, 4, NULL, NULL, NULL),
(690, 262, 561, 'tuka', 0, 0, '', 0, 0, '', 0, 0, '', 0, 0, '', 0, 0, '', 1, 426000, '', 0, 0, '', 0, 0, '', 0, 0, '', 0, 0, '', '', 0, 0, '', 0, 0, '', 0, 0, '', 0, 426000, 4, NULL, NULL, NULL),
(691, 262, 566, 'tuka', 0, 0, '', 0, 0, '', 0, 0, '', 0, 0, '', 0, 0, '', 1, 426000, '', 0, 0, '', 0, 0, '', 0, 0, '', 0, 0, '', '', 0, 0, '', 0, 0, '', 0, 0, '', 0, 426000, 4, NULL, NULL, NULL),
(693, 281, 517, 'rumga1', 2, 555000, '', 0, 0, '', 0, 0, '', 2, 325000, 'Bogor-Bandara Soetta PP', 2, 120000, 'Bandara Aceh-Tempat Kegiatan PP', 3, 360000, '', 0, 0, '', 0, 0, '', 0, 0, '', 0, 0, '', '', 0, 0, '', 0, 0, '', 0, 0, '', 3080000, 3080000, 4, NULL, NULL, NULL),
(694, 281, 548, 'rumga1', 2, 555000, '', 0, 0, '', 0, 0, '', 2, 325000, 'Bogor-Bandara Soetta PP', 2, 120000, 'Bandara Aceh-Tempat Kegiatan PP', 3, 360000, '', 0, 0, '', 0, 0, '', 0, 0, '', 0, 0, '', '', 0, 0, '', 0, 0, '', 0, 0, '', 3080000, 3080000, 4, NULL, NULL, NULL),
(695, 281, 549, 'rumga1', 2, 555000, '', 0, 0, '', 0, 0, '', 2, 325000, 'Bogor-Bandara Soetta PP', 2, 120000, 'Bandara Aceh-Tempat Kegiatan PP', 3, 360000, '', 0, 0, '', 0, 0, '', 0, 0, '', 0, 0, '', '', 0, 0, '', 0, 0, '', 0, 0, '', 3080000, 3080000, 4, NULL, NULL, NULL),
(696, 281, 92, 'rumga1', 2, 555000, '', 0, 0, '', 0, 0, '', 2, 325000, 'Bogor-Bandara Soetta PP', 2, 120000, 'Bandara Aceh-Tempat Kegiatan PP', 3, 360000, '', 0, 0, '', 0, 0, '', 0, 0, '', 0, 0, '', '', 0, 0, '', 0, 0, '', 0, 0, '', 3080000, 3080000, 4, NULL, NULL, NULL),
(697, 281, 118, 'rumga1', 2, 555000, '', 0, 0, '', 0, 0, '', 2, 325000, '', 2, 120000, '', 3, 360000, '', 0, 0, '', 0, 0, '', 0, 0, '', 0, 0, '', '', 0, 0, '', 0, 0, '', 0, 0, '', 3080000, 3080000, 4, NULL, NULL, NULL),
(698, 284, 118, 'rumga1', 3, 570000, '', 1, 185000, '', 1, 185000, '', 0, 0, '', 0, 166000, '', 4, 430000, '', 0, 0, '', 0, 150000, '', 0, 150000, '', 150000, 0, '', '', 0, 0, '', 0, 0, '', 0, 0, '', 3800000, 3800000, 4, NULL, NULL, NULL),
(699, 284, 547, 'rumga1', 3, 570000, '', 1, 185000, '', 1, 185000, '', 0, 0, '', 0, 166000, '', 4, 430000, '', 0, 0, '', 0, 150000, '', 0, 150000, '', 150000, 0, '', '', 0, 0, '', 0, 0, '', 0, 0, '', 3800000, 3800000, 4, NULL, NULL, NULL),
(700, 284, 517, 'rumga1', 3, 570000, '', 1, 185000, '', 1, 185000, '', 0, 0, '', 0, 166000, '', 4, 430000, '', 0, 0, '', 0, 150000, '', 0, 150000, '', 150000, 0, '', '', 0, 0, '', 0, 0, '', 0, 0, '', 3800000, 3800000, 4, NULL, NULL, NULL),
(701, 284, 86, 'rumga1', 3, 570000, '', 1, 185000, '', 1, 185000, '', 0, 0, '', 0, 166000, '', 4, 430000, '', 0, 0, '', 0, 150000, '', 0, 150000, '', 150000, 0, '', '', 0, 0, '', 0, 0, '', 0, 0, '', 3800000, 3800000, 4, NULL, NULL, NULL),
(702, 284, 108, 'rumga1', 3, 570000, '', 1, 185000, '', 1, 185000, '', 0, 0, '', 0, 166000, '', 4, 430000, '', 0, 0, '', 0, 150000, '', 0, 150000, '', 150000, 0, '', '', 0, 0, '', 0, 0, '', 0, 0, '', 38000000, 3800000, 4, NULL, NULL, NULL),
(703, 285, 315, 'latih1', 1, 800000, '', 1, 275000, '', 1, 275000, '', 0, 0, '', 0, 0, '', 1, 530000, '', 0, 0, '', 0, 0, '', 0, 0, '', 180000, 1, '', '', 0, 0, '', 0, 0, '', 0, 0, '', 2060000, 2060000, 2, NULL, NULL, NULL),
(704, 199, 307, 'latih1', 2, 800000, '', 1, 275000, '', 1, 275000, '', 0, 0, '', 0, 0, '', 2, 530000, '', 0, 0, '', 0, 180000, '', 0, 0, '', 180000, 2, 'Dikurangi 1 Hari Sebagai Instruktur', '', 0, 0, '', 0, 0, '', 0, 0, '', 3570000, 3570000, 2, NULL, NULL, NULL),
(705, 198, 273, 'latih1', 2, 1300000, '', 1, 275000, '', 1, 275000, '', 0, 0, '', 0, 0, '', 2, 530000, '', 0, 0, '', 0, 0, '', 0, 0, '', 180000, 2, 'Dikurangi 1 Hari Sebagai Narasumber', '', 3, 150000, 'uang Representasi Selama 3 Hari', 0, 0, '', 0, 0, '', 5020000, 5020000, 2, NULL, NULL, NULL),
(706, 202, 282, 'latih1', 2, 550000, '', 1, 275000, '', 1, 275000, '', 0, 0, '', 0, 0, '', 2, 530000, '', 0, 0, '', 0, 0, '', 0, 0, '', 180000, 1, 'Dikurangi 2 Hari Sebagai Instruktur', '', 0, 0, '', 0, 0, '', 0, 0, '', 2890000, 2890000, 2, NULL, NULL, NULL),
(707, 290, 315, 'sisop1', 0, 0, '', 1, 325000, '', 1, 325000, '', 0, 0, '', 0, 0, '', 3, 380000, '', 0, 0, '', 0, 0, '', 0, 0, '', 0, 0, '', '', 0, 0, '', 0, 0, '', 0, 0, '', 0, 1790000, 2, NULL, NULL, NULL),
(708, 290, 81, 'sisop1', 0, 0, '', 1, 325000, '', 1, 325000, '', 0, 0, '', 0, 0, '', 3, 380000, '', 0, 0, '', 0, 0, '', 0, 0, '', 0, 0, '', '', 0, 0, '', 0, 0, '', 0, 0, '', 0, 1790000, 2, NULL, NULL, NULL),
(709, 290, 316, 'sisop1', 0, 0, '', 1, 325000, '', 1, 325000, '', 0, 0, '', 0, 0, '', 3, 380000, '', 0, 0, '', 0, 0, '', 0, 0, '', 0, 0, '', '', 0, 0, '', 0, 0, '', 0, 0, '', 0, 1790000, 2, NULL, NULL, NULL),
(710, 290, 91, 'sisop1', 0, 0, '', 1, 325000, '', 1, 325000, '', 0, 0, '', 0, 0, '', 3, 380000, '', 0, 0, '', 0, 0, '', 0, 0, '', 0, 0, '', '', 0, 0, '', 0, 0, '', 0, 0, '', 0, 1790000, 2, NULL, NULL, NULL),
(711, 202, 88, 'latih1', 2, 550000, '', 1, 275000, '', 1, 275000, '', 0, 0, '', 0, 0, '', 2, 530000, '', 0, 0, '', 0, 0, '', 0, 0, '', 180000, 1, 'Dikurangi 2 Hari Sebagai Instruktur', '', 0, 0, '', 0, 0, '', 0, 0, '', 2890000, 2890000, 2, NULL, NULL, NULL),
(712, 290, 321, 'sisop1', 0, 0, '', 1, 325000, '', 1, 325000, '', 0, 0, '', 0, 0, '', 3, 380000, '', 0, 0, '', 0, 0, '', 0, 0, '', 0, 0, '', '', 0, 0, '', 0, 0, '', 0, 0, '', 0, 1790000, 2, NULL, NULL, NULL),
(713, 202, 700, 'latih1', 2, 550000, '', 0, 275000, '', 0, 275000, '', 0, 0, '', 1, 150000, '', 2, 530000, '', 0, 0, '', 0, 0, '', 0, 0, '', 180000, 1, 'Dikurangi 2 Hari Sebagai Instruktur', '', 0, 0, '', 0, 0, '', 0, 0, '', 2890000, 2490000, 2, NULL, NULL, NULL),
(714, 202, 699, 'latih1', 2, 550000, '', 0, 275000, '', 0, 275000, '', 0, 0, '', 1, 150000, '', 2, 530000, '', 0, 0, '', 0, 0, '', 0, 0, '', 180000, 1, 'Dikurangi 2 Hari Sebagai Instruktur', '', 0, 0, '', 0, 0, '', 0, 0, '', 2890000, 2490000, 2, NULL, NULL, NULL),
(715, 202, 705, 'latih1', 2, 550000, '', 0, 275000, '', 0, 275000, '', 0, 0, '', 1, 150000, '', 2, 530000, '', 0, 0, '', 0, 0, '', 0, 0, '', 180000, 1, 'Dikurangi 2 Hari Sebagai Instruktur', '', 0, 0, '', 0, 0, '', 0, 0, '', 2890000, 2490000, 2, NULL, NULL, NULL),
(716, 295, 143, 'tuka', 1, 4420000, '', 0, 0, '', 0, 0, '', 0, 0, '', 0, 0, '', 2, 360000, '', 0, 0, '', 0, 0, '', 0, 0, '', 0, 0, '', 'Uang Representatif ', 2, 250000, '', 0, 0, '', 0, 0, '', 0, 5640000, 4, NULL, NULL, NULL),
(717, 295, 566, 'tuka', 2, 450000, '', 0, 0, '', 0, 0, '', 1, 550000, '', 1, 246000, '', 3, 360000, '', 0, 0, '', 0, 0, '', 0, 0, '', 0, 0, '', '', 0, 0, '', 0, 0, '', 0, 0, '', 0, 2776000, 4, NULL, NULL, NULL),
(718, 295, 565, 'tuka', 0, 0, '', 0, 0, '', 0, 0, '', 1, 550000, '', 1, 246000, '', 3, 360000, '', 0, 0, '', 0, 0, '', 0, 0, '', 0, 0, '', '', 0, 0, '', 0, 0, '', 0, 0, '', 0, 1876000, 4, NULL, NULL, NULL),
(719, 295, 564, 'tuka', 1, 494000, '', 0, 0, '', 0, 0, '', 1, 550000, '', 1, 246000, '', 2, 360000, '', 0, 0, '', 0, 0, '', 0, 0, '', 0, 0, '', '', 0, 0, '', 0, 0, '', 0, 0, '', 0, 2010000, 4, NULL, NULL, NULL),
(720, 295, 560, 'tuka', 1, 494000, '', 0, 0, '', 0, 0, '', 0, 0, '', 1, 246000, '', 2, 360000, '', 0, 0, '', 0, 0, '', 0, 0, '', 0, 0, '', '', 0, 0, '', 0, 0, '', 0, 0, '', 0, 1460000, 4, NULL, NULL, NULL),
(721, 295, 147, 'tuka', 2, 450000, '', 0, 0, '', 0, 0, '', 1, 550000, '', 1, 246000, '', 3, 360000, '', 0, 0, '', 0, 0, '', 0, 0, '', 0, 0, '', '', 0, 0, '', 0, 0, '', 0, 0, '', 0, 2776000, 4, NULL, NULL, NULL),
(722, 198, 70, '', 1, 1100000, '', 1, 275000, '', 1, 275000, '', 0, 0, '', 0, 650000, '', 2, 530000, '', 0, 0, '', 0, 180000, '', 0, 180000, '', 180000, 3, '', '', 0, 0, '', 0, 0, '', 0, 0, '', 0, 3250000, 0, NULL, NULL, NULL),
(723, 301, 196, 'kontra1', 0, 0, '', 0, 0, '', 0, 0, '', 0, 0, '', 0, 0, '', 0, 0, '', 0, 0, '', 0, 0, '', 0, 0, '', 0, 0, '', '', 0, 0, '', 0, 0, '', 0, 0, '', 0, 0, 1, NULL, NULL, NULL),
(724, 301, 200, 'kontra1', 0, 0, '', 0, 0, '', 0, 0, '', 0, 0, '', 0, 0, '', 0, 0, '', 0, 0, '', 0, 0, '', 0, 0, '', 0, 0, '', '', 0, 0, '', 0, 0, '', 0, 0, '', 0, 0, 1, NULL, NULL, NULL),
(725, 302, 409, 'kontra1', 0, 0, '', 0, 0, '', 0, 0, '', 0, 0, '', 0, 0, '', 0, 0, '', 0, 0, '', 0, 0, '', 0, 0, '', 0, 0, '', '', 0, 0, '', 0, 0, '', 0, 0, '', 0, 0, 1, NULL, NULL, NULL),
(726, 303, 123, 'rumga1', 0, 0, '', 1, 275000, '', 1, 275000, '', 0, 0, '', 0, 0, '', 2, 530000, '', 0, 0, '', 0, 0, '', 0, 0, '', 0, 0, '', '', 0, 0, '', 0, 0, '', 0, 0, '', 1610000, 1610000, 4, NULL, NULL, NULL),
(727, 303, 108, 'rumga1', 0, 0, '', 1, 275000, '', 1, 275000, '', 0, 0, '', 0, 0, '', 2, 530000, '', 0, 0, '', 0, 0, '', 0, 0, '', 0, 0, '', '', 0, 0, '', 0, 0, '', 0, 0, '', 1610000, 1610000, 4, NULL, NULL, NULL),
(728, 143, 339, 'hubal1', 0, 0, '', 1, 550000, 'PP', 0, 0, '', 0, 0, '', 0, 0, '', 1, 530000, '', 0, 0, '', 0, 0, '', 0, 0, '', 0, 0, '', '', 0, 0, '', 0, 0, '', 0, 0, '', 1080000, 1080000, 2, NULL, NULL, NULL),
(729, 143, 340, 'hubal1', 0, 0, '', 1, 550000, 'PP', 0, 0, '', 0, 0, '', 0, 0, '', 1, 530000, '', 0, 0, '', 0, 0, '', 0, 0, '', 0, 0, '', '', 0, 0, '', 0, 0, '', 0, 0, '', 1080000, 1080000, 2, NULL, NULL, NULL),
(730, 143, 275, 'hubal1', 0, 0, '', 1, 550000, 'PP', 0, 0, '', 0, 0, '', 0, 0, '', 1, 530000, '', 0, 0, '', 0, 0, '', 0, 0, '', 0, 0, '', '', 0, 0, '', 0, 0, '', 0, 0, '', 1080000, 1080000, 2, NULL, NULL, NULL),
(731, 143, 341, 'hubal1', 0, 0, '', 1, 550000, 'PP', 0, 0, '', 0, 0, '', 0, 0, '', 1, 530000, '', 0, 0, '', 0, 0, '', 0, 0, '', 0, 0, '', '', 0, 0, '', 0, 0, '', 0, 0, '', 1080000, 1080000, 2, NULL, NULL, NULL),
(732, 303, 103, 'rumga1', 0, 0, '', 1, 275000, '', 1, 275000, '', 0, 0, '', 0, 0, '', 2, 530000, '', 0, 0, '', 0, 0, '', 0, 0, '', 0, 0, '', '', 0, 0, '', 0, 0, '', 0, 0, '', 1610000, 1610000, 4, NULL, NULL, NULL),
(733, 143, 344, 'hubal1', 0, 0, '', 1, 550000, 'PP', 0, 0, '', 0, 0, '', 0, 0, '', 1, 530000, '', 0, 0, '', 0, 0, '', 0, 0, '', 0, 0, '', '', 0, 0, '', 0, 0, '', 0, 0, '', 1080000, 1080000, 2, NULL, NULL, NULL),
(734, 143, 333, 'hubal1', 0, 0, '', 1, 550000, 'PP', 0, 0, '', 0, 0, '', 0, 0, '', 1, 530000, '', 0, 0, '', 0, 0, '', 0, 0, '', 0, 0, '', '', 0, 0, '', 0, 0, '', 0, 0, '', 1080000, 1080000, 2, NULL, NULL, NULL),
(735, 143, 335, 'hubal1', 0, 0, '', 1, 550000, 'PP', 0, 0, '', 0, 0, '', 0, 0, '', 1, 530000, '', 0, 0, '', 0, 0, '', 0, 0, '', 0, 0, '', '', 0, 0, '', 0, 0, '', 0, 0, '', 1080000, 1080000, 2, NULL, NULL, NULL),
(736, 143, 337, 'hubal1', 0, 0, '', 1, 550000, 'PP', 0, 0, '', 0, 0, '', 0, 0, '', 1, 530000, '', 0, 0, '', 0, 0, '', 0, 0, '', 0, 0, '', '', 0, 0, '', 0, 0, '', 0, 0, '', 1080000, 1080000, 2, NULL, NULL, NULL),
(737, 143, 338, 'hubal1', 0, 0, '', 1, 550000, 'PP', 0, 0, '', 0, 0, '', 0, 0, '', 1, 530000, '', 0, 0, '', 0, 0, '', 0, 0, '', 0, 0, '', '', 0, 0, '', 0, 0, '', 0, 0, '', 1080000, 1080000, 2, NULL, NULL, NULL),
(738, 143, 67, 'hubal1', 0, 0, '', 1, 550000, 'PP', 0, 0, '', 0, 0, '', 0, 0, '', 1, 530000, '', 0, 0, '', 0, 0, '', 0, 0, '', 0, 0, '', '', 0, 0, '', 0, 0, '', 0, 0, '', 1080000, 1080000, 2, NULL, NULL, NULL),
(739, 143, 426, 'hubal1', 0, 0, '', 1, 550000, 'PP', 0, 0, '', 0, 0, '', 0, 0, '', 1, 530000, '', 0, 0, '', 0, 0, '', 0, 0, '', 0, 0, '', '', 0, 0, '', 0, 0, '', 0, 0, '', 1080000, 1080000, 2, NULL, NULL, NULL),
(740, 167, 237, 'obvit1', 2, 570000, '', 0, 0, '', 0, 0, '', 0, 0, '', 1, 332000, '', 3, 430000, '', 0, 0, '', 0, 0, '', 0, 0, '', 0, 0, '', '', 0, 0, '', 0, 0, '', 0, 0, '', 0, 2762000, 1, NULL, NULL, NULL),
(741, 313, 407, 'kontra1', 0, 0, '', 0, 0, '', 0, 0, '', 0, 0, '', 0, 0, '', 0, 0, '', 0, 0, '', 0, 0, '', 0, 0, '', 0, 0, '', '', 0, 0, '', 0, 0, '', 0, 0, '', 0, 0, 1, NULL, NULL, NULL),
(742, 313, 404, 'kontra1', 0, 0, '', 0, 0, '', 0, 0, '', 0, 0, '', 0, 0, '', 0, 0, '', 0, 0, '', 0, 0, '', 0, 0, '', 0, 0, '', '', 0, 0, '', 0, 0, '', 0, 0, '', 0, 0, 1, NULL, NULL, NULL),
(743, 313, 196, 'kontra1', 0, 0, '', 0, 0, '', 0, 0, '', 0, 0, '', 0, 0, '', 0, 0, '', 0, 0, '', 0, 0, '', 0, 0, '', 0, 0, '', '', 0, 0, '', 0, 0, '', 0, 0, '', 0, 0, 1, NULL, NULL, NULL),
(744, 313, 410, 'kontra1', 0, 0, '', 0, 0, '', 0, 0, '', 0, 0, '', 0, 0, '', 0, 0, '', 0, 0, '', 0, 0, '', 0, 0, '', 0, 0, '', '', 0, 0, '', 0, 0, '', 0, 0, '', 0, 0, 1, NULL, NULL, NULL),
(745, 315, 238, 'obvit1', 0, 0, '', 0, 0, '', 0, 0, '', 0, 0, '', 1, 550000, '', 0, 0, '', 0, 0, '', 0, 0, '', 1, 130000, '', 0, 0, '', '', 0, 0, '', 0, 0, '', 0, 0, '', 0, 680000, 1, NULL, NULL, NULL),
(746, 315, 236, 'obvit1', 0, 0, '', 0, 0, '', 0, 0, '', 0, 0, '', 1, 550000, '', 0, 0, '', 0, 0, '', 0, 0, '', 1, 130000, '', 0, 0, '', '', 0, 0, '', 0, 0, '', 0, 0, '', 0, 680000, 1, NULL, NULL, NULL),
(747, 296, 420, 'kontra1', 2, 450000, '', 1, 5305047, 'PP', 0, 0, '', 1, 650000, 'PP', 0, 0, '', 3, 360000, '', 0, 0, '', 0, 0, '', 0, 0, '', 0, 0, '', '', 0, 0, '', 0, 0, '', 0, 0, '', 0, 7935047, 1, NULL, NULL, NULL),
(748, 296, 410, 'kontra1', 2, 450000, '', 1, 5305047, 'PP', 0, 0, '', 1, 650000, '', 0, 0, '', 3, 360000, '', 0, 0, '', 0, 0, '', 0, 0, '', 0, 0, '', '', 0, 0, '', 0, 0, '', 0, 0, '', 0, 7935047, 1, NULL, NULL, NULL),
(749, 198, 322, '', 2, 800000, '', 1, 275000, '', 1, 275000, '', 0, 0, '', 0, 650000, '', 2, 530000, '', 0, 0, '', 0, 180000, '', 0, 180000, '', 180000, 1, 'Dikurangi 2 Hari Sebagai Narasumber dan Instruktur', '', 0, 0, '', 0, 0, '', 0, 0, '', 0, 3390000, 0, NULL, NULL, NULL),
(750, 317, 710, 'dapel1', 3, 631620, '', 1, 2923283, '', 1, 2923283, '', 1, 650000, '', 2, 194000, '', 4, 410000, '', 0, 0, '', 0, 0, '', 0, 0, '', 0, 0, '', '', 0, 0, '', 0, 0, '', 0, 0, '', 10419426, 10419426, 4, NULL, NULL, NULL),
(751, 317, 24, 'dapel1', 3, 631620, '', 1, 2923283, '', 1, 2923283, '', 1, 650000, '', 2, 194000, '', 4, 410000, '', 0, 0, '', 0, 0, '', 0, 0, '', 0, 0, '', '', 0, 0, '', 0, 0, '', 0, 0, '', 10419426, 10419426, 4, NULL, NULL, NULL),
(752, 317, 707, 'dapel1', 3, 631620, '', 1, 2923283, '', 1, 2923283, '', 1, 650000, '', 2, 194000, '', 4, 410000, '', 0, 0, '', 0, 0, '', 0, 0, '', 0, 0, '', '', 0, 0, '', 0, 0, '', 0, 0, '', 10419426, 10419426, 4, NULL, NULL, NULL);

-- --------------------------------------------------------

--
-- Table structure for table `tb_satker`
--

CREATE TABLE `tb_satker` (
  `id_satker` int(11) NOT NULL,
  `satker` varchar(255) NOT NULL,
  `id_kpa` int(11) DEFAULT NULL,
  `id_ppk` int(11) DEFAULT NULL,
  `id_bendahara` int(11) DEFAULT NULL,
  `no_ppk` varchar(50) DEFAULT NULL
) ENGINE=InnoDB DEFAULT CHARSET=latin1;

--
-- Dumping data for table `tb_satker`
--

INSERT INTO `tb_satker` (`id_satker`, `satker`, `id_kpa`, `id_ppk`, `id_bendahara`, `no_ppk`) VALUES
(1, 'Deputi Bidang Pencegahan, Perlindungan, dan Deradikalisasi', 150, 217, 60, '1'),
(2, 'Deputi Bidang Penindakan dan Pembinaan Kemampuan', 150, 339, 60, '2'),
(3, 'Deputi Bidang Kerjasama Internasional', 150, 354, 60, '3'),
(4, 'Sekretariat Utama', 150, 74, 60, '4');

--
-- Triggers `tb_satker`
--
DELIMITER $$
CREATE TRIGGER `tb_satker_after_insert` AFTER INSERT ON `tb_satker` FOR EACH ROW BEGIN
DELETE FROM tb_ttdkwitansi where id_satker = NEW.id_satker;
INSERT INTO tb_ttdkwitansi (`teks1`, `id_peg1`, `teks2`, `id_peg2`, `id_satker`) 
    VALUES ('a.n. KUASA PENGGUNA ANGGARAN<br />
PEJABAT PEMBUAT KOMITMEN', NEW.id_ppk, 'BENDAHARA PENGELUARAN SATKER', NEW.id_bendahara, NEW.id_satker);

DELETE FROM tb_ttdnominatif where id_satker = NEW.id_satker;
INSERT INTO tb_ttdnominatif (`teks1`, `id_peg1`, `teks2`, `id_peg2`, `id_satker`) 
    VALUES ('a.n. KUASA PENGGUNA ANGGARAN<br />
PEJABAT PEMBUAT KOMITMEN', NEW.id_ppk, 'BENDAHARA PENGELUARAN SATKER', NEW.id_bendahara, NEW.id_satker);

DELETE FROM tb_ttdriil where id_satker = NEW.id_satker;
INSERT INTO tb_ttdriil (`teks`, `id_peg`, `id_satker`) 
    VALUES ('a.n. KUASA PENGGUNA ANGGARAN<br />
PEJABAT PEMBUAT KOMITMEN', NEW.id_ppk, NEW.id_satker);

DELETE FROM tb_ttdrincian where id_satker = NEW.id_satker;
INSERT INTO tb_ttdrincian (`teks1`, `id_peg1`, `teks2`, `id_peg2`, `id_satker`) 
    VALUES ('a.n. KUASA PENGGUNA ANGGARAN<br />
PEJABAT PEMBUAT KOMITMEN', NEW.id_ppk, 'BENDAHARA PENGELUARAN SATKER', NEW.id_bendahara, NEW.id_satker);

DELETE FROM tb_ttdspd2 where id_satker = NEW.id_satker;
INSERT INTO tb_ttdspd2 (`teks1`, `id_peg1`, `teks2`, `id_peg2`, `id_satker`) 
    VALUES ('a.n. KUASA PENGGUNA ANGGARAN<br />
PEJABAT PEMBUAT KOMITMEN', NEW.id_ppk, 'a.n. KUASA PENGGUNA ANGGARAN<br />
PEJABAT PEMBUAT KOMITMEN', NEW.id_ppk, NEW.id_satker);

DELETE FROM tb_ttdspd where id_satker = NEW.id_satker;
INSERT INTO tb_ttdspd (`teks`, `id_peg`, `id_satker`) 
    VALUES ('a.n. KUASA PENGGUNA ANGGARAN<br />
PEJABAT PEMBUAT KOMITMEN', NEW.id_ppk, NEW.id_satker);

INSERT INTO tb_ta (`tahun`, `pagu_ln`, `pagu_dn`, `pagu_dk`, `id_satker`) VALUES (YEAR(CURDATE()), '0', '0', '0', NEW.id_satker);
END
$$
DELIMITER ;
DELIMITER $$
CREATE TRIGGER `tb_satker_after_update` AFTER UPDATE ON `tb_satker` FOR EACH ROW BEGIN

 
UPDATE tb_ttdkwitansi A SET A.id_peg1 = NEW.id_ppk, A.id_peg2= NEW.id_bendahara WHERE A.id_satker = NEW.id_satker;
UPDATE tb_ttdnominatif A SET A.id_peg1 = NEW.id_ppk, A.id_peg2= NEW.id_bendahara WHERE A.id_satker = NEW.id_satker;
UPDATE tb_ttdrincian A SET A.id_peg1 = NEW.id_ppk, A.id_peg2= NEW.id_bendahara WHERE A.id_satker = NEW.id_satker;
UPDATE tb_ttdspd2 A SET A.id_peg1 = NEW.id_ppk, A.id_peg2= NEW.id_ppk WHERE A.id_satker = NEW.id_satker;

UPDATE tb_ttdriil A SET A.id_peg = NEW.id_ppk WHERE A.id_satker = NEW.id_satker;
UPDATE tb_ttdspd A SET A.id_peg = NEW.id_ppk WHERE A.id_satker = NEW.id_satker;


END
$$
DELIMITER ;

-- --------------------------------------------------------

--
-- Table structure for table `tb_setup`
--

CREATE TABLE `tb_setup` (
  `id_setup` int(11) NOT NULL,
  `instansi` varchar(255) NOT NULL,
  `kota` varchar(255) NOT NULL,
  `alamat` varchar(255) NOT NULL
) ENGINE=InnoDB DEFAULT CHARSET=latin1;

--
-- Dumping data for table `tb_setup`
--

INSERT INTO `tb_setup` (`id_setup`, `instansi`, `kota`, `alamat`) VALUES
(1, 'BADAN NASIONAL PENANGGULANGAN TERORISME', 'REPUBLIK INDONESIA', '');

-- --------------------------------------------------------

--
-- Table structure for table `tb_spd`
--

CREATE TABLE `tb_spd` (
  `id_spd` int(11) NOT NULL,
  `nomor` varchar(64) NOT NULL,
  `tgl` date NOT NULL,
  `pegawai` int(11) NOT NULL,
  `keperluan` varchar(255) NOT NULL,
  `asal` varchar(64) NOT NULL,
  `tujuan` int(11) NOT NULL,
  `tgl_berangkat` date NOT NULL,
  `tgl_kembali` date NOT NULL,
  `no_sprin` varchar(256) NOT NULL,
  `tgl_sprin` date NOT NULL,
  `satker` int(11) NOT NULL,
  `ta` int(11) NOT NULL,
  `ma` varchar(64) NOT NULL,
  `jenis_pengeluaran` varchar(64) NOT NULL,
  `kelengkapan` varchar(128) NOT NULL,
  `pejabat` varchar(128) NOT NULL,
  `tingkat_biaya` varchar(64) NOT NULL,
  `transport` int(11) NOT NULL,
  `pengikut` varchar(128) NOT NULL,
  `ket` varchar(255) NOT NULL,
  `semua_peg` varchar(255) NOT NULL,
  `id_satker` int(11) NOT NULL,
  `id_user` varchar(50) NOT NULL DEFAULT ''
) ENGINE=InnoDB DEFAULT CHARSET=latin1;

--
-- Dumping data for table `tb_spd`
--

INSERT INTO `tb_spd` (`id_spd`, `nomor`, `tgl`, `pegawai`, `keperluan`, `asal`, `tujuan`, `tgl_berangkat`, `tgl_kembali`, `no_sprin`, `tgl_sprin`, `satker`, `ta`, `ma`, `jenis_pengeluaran`, `kelengkapan`, `pejabat`, `tingkat_biaya`, `transport`, `pengikut`, `ket`, `semua_peg`, `id_satker`, `id_user`) VALUES
(1, 'SPD-0999/PPK.4/09/2019', '2019-09-30', 70, 'Pendampingan', 'Bogor', 8, '2019-09-30', '2019-09-30', 'SP-212/SU.00/2019', '2019-09-30', 4, 65, '5099.955.052.524111', 'Dalam Negeri', '', 'SEKRETARIS UTAMA BNPT', 'C', 1, '', '', '70', 4, 'keu1'),
(2, 'SPD-0999/PPK.1/09/2019', '2019-09-30', 262, 'Pendampingan', 'Bogor', 8, '2019-09-30', '2019-09-30', 'SP-313', '2019-09-30', 1, 62, '5096.005.052.524111', 'Dalam Negeri', '', 'SEKRETARIS UTAMA BNPT', 'C', 1, '', '', '262', 1, 'kontra1'),
(3, 'SPD-0999/PPK.2/09/2019', '2019-09-30', 338, 'Pengawasan', 'Bogor', 4, '2019-09-30', '2019-09-30', 'SP-414', '2019-09-30', 2, 63, '5098.052.524111', 'Dalam Negeri', '', 'SEKRETARIS UTAMA BNPT', 'C', 1, '337,345,67', '', '338,337,345,67', 2, 'ti1'),
(4, 'SPD-0999/PPK.3/09/2019', '2019-09-30', 399, 'Forum', 'Jakarta', 46, '2019-09-30', '2019-09-30', 'SP-717', '2019-09-30', 3, 64, '5098.052.524219', 'Luar Negeri', '', 'KEPALA BNPT', 'C', 1, '', '', '399', 3, 'amerop1'),
(8, 'SPD-1002/PPK.1/10/2019', '2019-10-04', 239, 'Menghadiri undangan International Workshop on Managing FTF Returnees, Including Women and Children Associated with FTF', 'Bogor', 8, '2019-10-07', '2019-10-07', 'PT.01.01/3291/2019', '2019-10-04', 1, 62, '5096.005.052.A.524111', 'DALAM NEGERI', '', 'SEKRETARIS UTAMA BNPT', 'C', 1, '243', '', '239,243', 1, 'pengawasan1'),
(10, 'SPD-1003/PPK.1/10/2019', '2019-10-02', 185, 'Audiensi Bersama Pemerintah Provinsi Jawa Barat di Bandung', 'Bogor', 7, '2019-10-03', '2019-10-04', 'DT.02.01/3276/2019', '2019-10-01', 1, 62, '5096.010.002.056.524111', 'Dalam Negeri', '', 'Sekretaris Utama', 'C', 1, '', '', '185', 1, 'binmas1'),
(14, 'SPD-1004/PPK.1/10/2019', '2019-10-08', 206, 'Melaksanakan kegiatan Monitoring Pelibatan Masyarakat Dalam Pencegahan Terorisme melalui FKPT Kepulauan Riau di Tanjung Pinang', 'Bogor', 64, '2019-10-09', '2019-10-12', 'PT.04/......../2019', '2019-10-08', 1, 62, '5096.054.B.521219', 'Dalam Negeri', '', 'SEKRETARIS UTAMA BNPT', 'C', 3, '207,211,438,214', '', '206,207,211,438,214', 1, 'fkpt'),
(15, 'SPD-1001/PPK.2/10/2019', '2019-10-07', 329, 'Melakukan Kegiatan Analisa, Evaluasi dan Identifikasi Tahanan Terorisme', 'Bogor', 8, '2019-10-09', '2019-10-09', 'PH.03.00/2930/2019', '2019-09-23', 2, 63, '5097.007.052.524119', 'Dalam Negeri', '', 'SEKRETARIS UTAMA BNPT', 'C', 1, '347,330,351,343,91,336', '', '329,347,330,351,343,91,336', 2, 'anev1'),
(16, 'SPD-1005/PPK.1/10/2019', '2019-10-01', 254, 'Menjadi Pelaksana dalam Kegiatan Monitoring dan Evaluasi SOP Penanganan Aksi Teror di Satuan Pendidikan Kerjasama/ Sekolah Internasional di Bandung Jawa Barat', 'Bogor', 7, '2019-10-02', '2019-10-04', 'PA.02.02/2965/2019', '2019-09-26', 1, 62, '5096.003.059 B.521219', 'Dalam Negeri', '', 'SEKRETARIS UTAMA BNPT', 'B', 1, '223,224,227,231,408,497,500', '', '254,223,224,227,231,408,497,500', 1, 'pamling1'),
(17, 'SPD-1000/PPK.2/10/2019', '2019-10-02', 273, 'Pelaksanaan Kegiatan Melakukan Pembinaan Kemampuan Aparat Penegak Hukum dan Instansi Terkait dalam rangka Penindakan Aksi Terorisme dengan Metode Gladi Posko / Maket di Bandung', 'Bogor', 7, '2019-10-08', '2019-10-11', 'PK.02.01/3277/2019 ', '2019-10-01', 2, 63, '5097.003.055', 'Dalam Negeri', '', 'SEKRETARIS UTAMA BNPT', 'C', 3, '515', '', '273,515', 2, 'sisop1'),
(21, 'SPD-1004/PPK.2/10/2019', '2019-10-01', 271, 'Pelaksanaan Kegiatan Melakukan Pembinaan Kemampuan Aparat Penegak Hukum dan Instansi Terkait dalam Rangka Penindakan Aksi Terorisme dengan Metode Gladi Posko / Maket di Bandung', 'Bogor', 7, '2019-10-08', '2019-10-11', 'PK.02.01/3277/2019 ', '2019-10-01', 2, 63, '5097.003.055', 'Dalam Negeri', '', 'SEKRETARIS UTAMA BNPT', 'B', 1, '315,306,322,316,309,308,307,311,318,312,319,321,325,314,326,328,502,501,111', '', '271,315,306,322,316,309,308,307,311,318,312,319,321,325,314,326,328,502,501,111', 2, 'sisop1'),
(26, 'SPD-1007/PPK.1/10/2019', '2019-10-07', 185, 'Melaksanakan Kegiatan Pendampingan Dan Monitoring Pembinaan Kewirausahaan Kepada Mitra Subdit Bina Masyarakat Di Provinsi Sulawesi Tengah Tahun 2019', 'Sentul', 67, '2019-10-08', '2019-10-11', 'DT.02.03/3289/2019', '2019-10-04', 1, 62, '5096.010.002.053.52411 ', 'Dalam Negeri', '', 'Sekretaris Utama', 'C', 3, '187,186,190,192,194,191,193,453,458,452', '', '185,187,186,190,192,194,191,193,453,458,452', 1, 'binmas1'),
(27, 'SPD-1008/PPK.1/10/2019', '2019-10-07', 252, '	Menjadi Narasumber pada Kegiatan Pendampingan Dan Monitoring Pembinaan Kewirausahaan Kepada Mitra Subdit Bina Masyarakat Di Provinsi Sulawesi Tengah Tahun 2019 ', 'Sentul', 67, '2019-10-10', '2019-10-11', 'DT.02.03/3306/2019', '2019-10-07', 1, 62, '5096.010.002.053.52411 ', 'Dalam Negeri', '', 'Sekretaris Utama', 'B', 3, '', '', '252', 1, 'binmas1'),
(28, 'SPD-1009/PPK.1/10/2019', '2019-10-07', 188, 'Menjadi Pendamping pada Kegiatan Kunjungan Kepala National Coordinator Terrorismebestrijding en Veiligheid (NCTV) Kerajaan Belanda beserta delegasi ke Balai Rehabilitasi Sosial Anak Memerlukan Perlindungan Khusus (BRSAMPK) di Bambu Apus Jakarta', 'Sentul', 8, '2019-10-08', '2019-10-08', 'DT.02.01/3307/2019', '2019-10-07', 1, 62, '5096.010.002.053.52411 ', 'Dalam Negeri', '', 'Sekretaris Utama', 'C', 1, '454,447', '', '188,454,447', 1, 'binmas1'),
(30, 'SPD-1007/PPK.2/10/2019', '2019-10-14', 308, 'Pratinjau Kegiatan Pelatihan Crisis Center Aksi Terorisme Di Jakarta', 'Bogor', 8, '2019-10-16', '2019-10-18', 'PK.01.01/3335/2019', '2019-10-14', 2, 63, '5097.002.052.521219', 'Dalam Negeri', '', 'SEKRETARIS UTAMA BNPT', 'C', 1, '288,317,324,328', '', '308,288,317,324,328', 2, 'latih1'),
(31, 'SPD-1008/PPK.2/10/2019', '2019-10-07', 340, 'Melakukan Koordinasi Antar Aparat Penegak Hukum terkait Penempatan Narapidana Terorisme di Cilacap Jawa Tengah', 'Bogor', 23, '2019-10-07', '2019-10-11', 'PH.02.00/2850/2019', '2019-09-09', 2, 63, '5097.004.052B 521219', 'Dalam Negeri', '', 'SEKRETARIS UTAMA BNPT', 'C', 1, '353,345', '', '340,353,345', 2, 'hubal1'),
(32, 'SPD-1009/PPK.2/10/2019', '2019-10-07', 341, 'Melakukan Koordinasi Antar Aparat Penegak Hukum terkait Penempatan Narapidana Terorisme di Cilacap Jawa Tengah', 'Bogor', 23, '2019-10-08', '2019-10-11', 'PH.02.00/2850/2019', '2019-09-09', 2, 63, '5097.004.052B 521219', 'Dalam Negeri', '', 'SEKRETARIS UTAMA BNPT', 'C', 1, '335', '', '341,335', 2, 'hubal1'),
(33, 'SPD-1010/PPK.2/10/2019', '2019-10-07', 536, 'Melakukan Koordinasi Antar Aparat Penegak Hukum terkait Penempatan Narapidana Terorisme di Cilacap Jawa Tengah', 'Bogor', 23, '2019-10-09', '2019-10-09', 'PH.02.00/2850/2019', '2019-09-09', 2, 63, '5097.004.052B 521219', 'Dalam Negeri', '', 'SEKRETARIS UTAMA BNPT', 'C', 1, '', '', '536', 2, 'hubal1'),
(34, 'SPD-1000/PPK.4/09/2019', '2019-09-30', 140, 'Melaksanakan Pemantauan Kegiatan Monitoring dan Evaluasi SOP Penanganan Aksi Teror di Satuan Pendidikan Kerjasama/Sekolah Internasional di Bandung', 'Bogor', 7, '2019-10-02', '2019-10-04', 'PW.01.01.00/     /2019', '2019-09-30', 4, 65, '5729.965.052.524111', 'Dalam Negeri', '', 'SEKRETARIS UTAMA BNPT', 'C', 1, '142', '', '140,142', 4, 'inspek1'),
(35, 'SPD-1001/PPK.4/10/2019', '2019-10-02', 130, 'Pemantauan Kegiatan Rembug Aparatur Kelurahan dan Desa tentang Literasi Informasi Melalui FKPT DKI Jakarta', 'Bogor', 8, '2019-10-03', '2019-10-04', 'PW.01.01.00/....../2019', '2019-09-30', 4, 62, '5729.965.052.524111', 'Dalam Negeri', '', 'SEKRETARIS UTAMA BNPT', 'C', 1, '131', '', '130,131', 4, 'inspek1'),
(36, 'SPD-1002/PPK.4/10/2019', '2019-10-07', 130, 'Melaksanakan Kegiatan Penyusunan Reviu RKBMN Tahun 2021 di Jakarta', 'Bogor', 8, '2019-10-08', '2019-10-11', 'PW.01.03.00/........../2019', '2019-10-07', 4, 62, '5729.965.053D.524111', 'Dalam Negeri', '', 'SEKRETARIS UTAMA ', 'C', 1, '132,133,134,135,131,136,142', '', '130,132,133,134,135,131,136,142', 4, 'inspek1'),
(37, 'SPD-1003/PPK.4/10/2019', '2019-10-07', 129, 'Melaksanakan Kegiatan Penyusunan Reviu RKBMN Tahun 2021 di Jakarta', 'Bogor', 8, '2019-10-08', '2019-10-11', 'PW.01.03.00/      /2019', '2019-10-07', 4, 65, '5729.965.053D.524111', 'Dalam Negeri', '', 'SEKRETARIS UTAMA ', 'C', 1, '138,139,137,141,140', '', '129,138,139,137,141,140', 4, 'inspek1'),
(38, 'SPD-1011/PPK.2/10/2019', '2019-10-07', 525, 'Melakukan Koordinasi Antar Aparat Penegak Hukum terkait Penempatan Narapidana Terorisme di Cilacap Jawa Tengah', 'Bogor', 23, '2019-10-09', '2019-10-10', 'PH.02.00/2850/2019', '2019-09-09', 2, 63, '5097.004.052B 521219', 'Dalam Negeri', '', 'SEKRETARIS UTAMA BNPT', 'B', 1, '521,522,583,584,530,532,531', '', '525,521,522,583,584,530,532,531', 2, 'hubal1'),
(39, 'SPD-1012/PPK.2/10/2019', '2019-10-07', 535, 'Melakukan Koordinasi Antar Aparat Penegak Hukum terkait Penempatan Narapidana Terorisme di Cilacap Jawa Tengah', 'Bogor', 23, '2019-10-09', '2019-10-10', 'PH.02.00/2850/2019', '2019-09-09', 2, 63, '5097.004.052B 521219', 'Dalam Negeri', '', 'SEKRETARIS UTAMA BNPT', 'C', 1, '543,545,544,539,546,542', '', '535,543,545,544,539,546,542', 2, 'hubal1'),
(40, 'SPD-1013/PPK.2/10/2019', '2019-10-07', 274, 'Melakukan Koordinasi Antar Aparat Penegak Hukum terkait Penempatan Narapidana Terorisme di Cilacap Jawa Tengah', 'Bogor', 23, '2019-10-09', '2019-10-11', 'PH.02.00/2850/2019', '2019-09-09', 2, 63, '5097.004.052B 521219', 'Dalam Negeri', '', 'SEKRETARIS UTAMA BNPT', 'B', 1, '526,528,527,339,519,529,520,533,534', '', '274,526,528,527,339,519,529,520,533,534', 2, 'hubal1'),
(41, 'SPD-1014/PPK.2/10/2019', '2019-10-07', 344, 'Melakukan Koordinasi Antar Aparat Penegak Hukum terkait Penempatan Narapidana Terorisme di Cilacap Jawa Tengah', 'Bogor', 23, '2019-10-09', '2019-10-11', 'PH.02.00/2850/2019', '2019-09-09', 2, 63, '5097.004.052B 521219', 'Dalam Negeri', '', 'SEKRETARIS UTAMA BNPT', 'C', 1, '333,338,277,409,416,538,540,541', '', '344,333,338,277,409,416,538,540,541', 2, 'hubal1'),
(42, 'SPD-1004/PPK.4/10/2019', '2019-10-08', 58, 'Melaksanakan Kegiatan Rekonsiliasi dan Pembahasan Terkait Tiket Pesawat, Kereta Api dan Hotel dengan Voltras di Jakarta', 'Bogor', 8, '2019-10-09', '2019-10-11', 'KU.03.02/3309/2019', '2019-10-08', 4, 65, '5099.955.051.B.524111', 'Dalam Negeri', '', 'SEKRETARIS UTAMA BNPT', 'C', 1, '59,65,64,67,68,70,71,73', '', '58,59,65,64,67,68,70,71,73', 4, 'keu1'),
(43, 'SPD-1005/PPK.4/10/2019', '2019-10-29', 58, 'Melaksanakan Konsultasi dengan BPK terkait Perjalanan Dinas Luar Negeri di Jakarta Pusat, Provinsi DKI Jakarta', 'Bogor', 8, '2019-10-29', '2019-10-29', 'KU.03.02/................/2019', '2019-10-28', 4, 65, '5099.955.051B.524111', 'Perjalanan dinas Biasa', '', 'Sestama BNPT', 'C', 1, '66,63', '', '58,66,63', 4, 'keu2'),
(44, 'SPD-1006/PPK.4/10/2019', '2019-10-29', 57, 'Melaksanakan Konsultasi ke Direkrota Pelaksanaan Anggaran DJPb terkait Perjalanan Dinas Luar Negeri di Jakarta ', 'Bogor', 8, '2019-10-29', '2019-10-29', 'KU.03.02/................/2019', '2019-10-28', 4, 62, '5099.955.051B.524111', 'Dalam Negeri', '', 'Sestama BNPT', 'C', 1, '59,62,65,73', '', '57,59,62,65,73', 4, 'keu2'),
(45, 'SPD-1007/PPK.4/10/2019', '2019-10-08', 153, 'Rapat Pembahasan Capaian RKP Triwulan III Tahun 2019 di Lingkungan BNPT.', 'Bogor', 8, '2019-10-10', '2019-10-11', 'PR.05.00/............/2019', '2019-10-08', 4, 62, '5096.963.052.A.524119', 'Dalam Negeri', '', 'SEKRETARIS UTAMA', 'C', 1, '59,85,48,60,131,87,44,154', '', '153,59,85,48,60,131,87,44,154', 4, 'dapel1'),
(46, 'SPD-1008/PPK.4/10/2019', '2019-10-01', 57, 'Melaksanakan Persiapan E-Rekonsiliasi Bulan September Tahun 2019 di KPPN Jakarta VI', 'Bogor', 8, '2019-10-01', '2019-10-03', 'KU.03.02/................/2019', '2019-10-01', 4, 65, '5099.955.051B.524111', 'Dalam Negeri', '', 'Sestama BNPT', 'C', 1, '58,62,64,67,66,70,72', '', '57,58,62,64,67,66,70,72', 4, 'keu2'),
(47, 'SPD-1015/PPK.2/10/2019', '2019-10-08', 274, 'Kegiatan Focus Group Discussion Tm Penyusun Draft Pelindungan Terhadap Penyidik, Penuntut Umum, Hakim, dan Petugas Pemasyarakatan III', 'Bogor', 8, '2019-10-10', '2019-10-10', 'PH.01.00/3311/2019', '2019-10-08', 2, 63, '5097.005.051.B.521219', 'Dalam Negeri', '', 'Sekretaris Utama Badan Nasional Penanggulangan Terorisme', 'C', 1, '346,348,332,331,343,350,63,154,279', '', '274,346,348,332,331,343,350,63,154,279', 2, 'linkum1'),
(49, 'SPD-1010/PPK.4/10/2019', '2019-10-08', 255, 'Rapat Pembahasan Capaian RKP Triwulan III Tahun 2019 di Lingkungan BNPT', 'Bogor', 8, '2019-10-10', '2019-10-11', 'PR.05.00/............/2019', '2019-10-08', 4, 65, '5096.963.052.A.524119', 'Dalam Negeri', '', 'SEKRETARIS UTAMA', 'C', 1, '224,188,199,257,259,176,258,27', '', '255,224,188,199,257,259,176,258,27', 4, 'dapel1'),
(50, 'SPD-1011/PPK.4/10/2019', '2019-10-08', 275, 'Rapat Pembahasan Capaian RKP Triwulan III Tahun 2019 di Lingkungan BNPT', 'Bogor', 8, '2019-10-10', '2019-10-11', 'PR.05.00/............/2019', '2019-10-08', 4, 65, '5096.963.052.A.524119', 'Dalam Negeri', '', 'SEKRETARIS UTAMA', 'C', 1, '341,309,343,332,312,286', '', '275,341,309,343,332,312,286', 4, 'dapel1'),
(51, 'SPD-1012/PPK.4/10/2019', '2019-10-08', 397, 'Rapat Pembahasan Capaian RKP Triwulan III Tahun 2019 di Lingkungan BNPT', 'Bogor', 8, '2019-10-10', '2019-10-11', 'PR.05.00/............/2019', '2019-10-08', 4, 65, '5096.963.052.A.524119', 'Dalam Negeri', '', 'SEKRETARIS UTAMA', 'C', 1, '364,369,383,378,398,390,333,358,172', '', '397,364,369,383,378,398,390,333,358,172', 4, 'dapel1'),
(52, 'SPD-1013/PPK.4/09/2019', '2019-09-03', 517, 'Melaksanakan Kegiatan Keprotokolan Kepala BNPT di Universitas Negeri Gorontalo', 'Bogor', 34, '2019-09-04', '2019-09-06', '', '0000-00-00', 4, 65, '5099.994.002.B.524111', 'Belanja Perjalanan Dinas Biasa', '', 'Sekretaris Utama', 'C', 1, '547,549,118', '', '517,547,549,118', 4, 'rumga2'),
(56, 'SPD-1012/PPK.1/10/2019', '2019-10-08', 254, 'Pelaksana Kegiatan Monitoring dan Evaluasi SOP Penanganan Aksi Teror di Satuan Pendidikan Kerjasama/ Sekolah Internasional di Surabaya Jawa Timur', 'Bogor', 3, '2019-10-09', '2019-10-11', 'PA.02.02/2966/2019', '2019-09-26', 1, 62, '5096.003.059 B.521219', 'LS', '', 'SEKRETARIS UTAMA', 'B', 1, '223,225,227,229,230,445,446,497,499', '', '254,223,225,227,229,230,445,446,497,499', 1, 'pamling1'),
(57, 'SPD-1013/PPK.1/10/2019', '2019-10-07', 408, 'Melaksanakan peliputan kegiatan Deputi Bidang Pencegahan, Perlindungan dan Deradikalisasi BNPT pada acara Pelibatan Perempuan sebagai Agen Perdamaian dalam Pencegahan Radikalisme dan Terorisme melalui FKPT Sumatera Barat Tahun Anggaran 2019 di Padang', 'Bogor', 63, '2019-10-09', '2019-10-11', 'PT.02.02/........ /2019', '0000-00-00', 1, 62, '5096.007.51B.521219', 'Dalam Negeri', '', 'SEKRETARIS UTAMA BNPT', 'D', 3, '410', '', '408,410', 1, 'kontra1'),
(58, 'SPD-1000/PPK.3/10/2019', '2019-10-08', 396, 'Menghadiri the 18th Meeting of heads of Special Services, Security Agencies and Law-Enforcement Organizations, Pertemuan Bilateral antara BNPT dan FSB Rusia, dan Penggalangan serta Pengembangan Jejaring Negara Mitra di Rusia ', 'Jakarta', 52, '2019-10-15', '2019-10-19', 'Sprint: KB.02.00/3284/2019', '2019-10-03', 3, 64, '5098.001.052B.524219', 'Belanja Perjalanan Lainnya-Luar Negeri', '', 'Kepala BNPT', 'B', 3, '366', '', '396,366', 3, 'amerop1'),
(59, 'SPD-1014/PPK.4/10/2019', '2019-10-08', 85, 'Menghadiri Undangan Rapat Pembahasan Capaian RKP Triwulan III Tahun 2019 di Lingkungan BNPT di Jakarta', 'Bogor', 8, '2019-10-11', '2019-10-11', '', '0000-00-00', 4, 65, '5099.962.051.E.524111', 'Belanja Perjalanan Dinas Biasa', '', 'Sekretaris Utama', 'C', 1, '87,101', '', '85,87,101', 4, 'rumga2'),
(60, 'SPD-1001/PPK.3/10/2019', '2019-10-08', 143, 'Menghadiri the 18th Meeting of heads of Special Services, Security Agencies and Law-Enforcement Organizations, Pertemuan Bilateral antara BNPT dan FSB Rusia, dan Penggalangan serta Pengembangan Jejaring Negara Mitra di Rusia ', 'Jakarta', 52, '2019-10-15', '2019-10-19', 'Sprint- KB.02.00/3284/2019', '2019-10-03', 3, 64, '5099.994.002.G.524211', 'Belanja Perjalanan Lainnya- Luar Negeri', '', 'KEPALA BNPT', 'A', 3, '', '', '143', 3, 'stafppk3'),
(61, 'SPD-1015/PPK.4/10/2019', '2019-10-08', 84, 'Menghadiri Undangan Penyusunan Reviu Rencana Kebutuhan BMN Tahun 2021 di Jakarta', 'Bogor', 8, '2019-10-09', '2019-10-10', '', '0000-00-00', 4, 65, '5099.956.051.524111', 'Belanja Perjalanan Dinas Biasa', '', 'Sekretaris Utama', 'C', 1, '85,87,121,120,108', '', '84,85,87,121,120,108', 4, 'rumga2'),
(63, 'SPD-1016/PPK.4/10/2019', '2019-10-04', 151, 'Menghadiri Upacara Parade dan Defile dalam rangka Peringatan HUT ke-74 TNI di Jakarta ', 'Bogor', 8, '2019-10-05', '2019-10-05', 'HM.00.01/........./2019', '2019-10-04', 4, 65, '5099.994.002.G.524111', 'Dalam Negeri', '', 'SEKRETARIS UTAMA ', 'B', 1, '518,423,155', '', '151,518,423,155', 4, 'roum'),
(64, 'SPD-1003/PPK.3/10/2019', '2019-10-09', 550, 'Menghadiri serta Menjadi Delegasi Indonesia pada Pertemuan Sidang  Umum INTERPOL ke - 88 di Santiago, Chile', 'JAKARTA', 46, '2019-10-13', '2019-10-20', 'Sprint - KR.02.00/          /2019', '2019-10-09', 3, 64, '5098.005.053.521219', 'Belanja Perjalanan Dinas Lainnya Luar Negeri', '', 'KEPALA BNPT', 'B', 3, '368,378,372', '', '550,368,378,372', 3, 'multi1'),
(65, 'SPD-1014/PPK.1/10/2019', '2019-10-08', 203, 'Melaksanakan Peliputan Kegiatan Kepala BNPT Menjadi Pembicara pada acara Leader Forum dengan topik Bahaya Terorisme dan Radikalisme dalam Pengamanan Bisnis Perusahaan di Gd. Utama Kantor Pusat Pertamina, Jakarta.', 'Bogor', 8, '2019-10-10', '2019-10-10', 'PT.02.02/        /2019', '0000-00-00', 1, 62, '5096.007.51B.521219', 'Dalam Negeri', '', 'SEKRETARIS UTAMA BNPT', 'D', 1, '413', '', '203,413', 1, 'kontra1'),
(66, 'SPD-1015/PPK.1/10/2019', '2019-10-08', 196, 'Menghadiri dan menjadi narasumber  pada pertemuan dan Seminar Nasional BEM PTNU Se-Indonesia di H. Milenium Jakarta', 'Bogor', 8, '2019-10-10', '2019-10-10', 'PT.02.02/        /2019', '0000-00-00', 1, 62, '5096.007.51B.521219', 'Dalam Negeri', '', 'SEKRETARIS UTAMA BNPT', 'C', 1, '200', '', '196,200', 1, 'kontra1'),
(67, 'SPD-1016/PPK.1/10/2019', '2019-10-11', 253, 'Melaksanakan kegiatan Korea-Indonesia Counter Terrorism Seminar : Preventing and Countering Terrorism and Radicalism Involving New Technology Bulan Oktober Tahun 2019 di Hotel Margo Depok', 'Bogor', 68, '2019-10-15', '2019-10-16', 'PT.02.02/        /2019', '0000-00-00', 1, 62, '5096.007.52B.521219', 'Dalam Negeri', '', 'SEKRETARIS UTAMA BNPT', 'B', 1, '412,258,203,419,199,256,198,205,413,425,421', '', '253,412,258,203,419,199,256,198,205,413,425,421', 1, 'kontra1'),
(68, 'SPD-1016/PPK.2/10/2019', '2019-10-10', 329, 'MELAKUKAN KEGIATAN ANALISA, EVALUASI DAN IDENTIFIKASI TAHANAN TERORISME', 'BOGOR', 8, '2019-10-16', '2019-10-16', 'PH.03.00/2931/2019', '2019-09-23', 2, 63, '5097.007.052.524119', 'DALAM NEGERI', '', 'SEKRETARIS UTAMA BNPT', 'C', 1, '347,330,275,351,336,334', '', '329,347,330,275,351,336,334', 2, 'anev1'),
(69, 'SPD-1017/PPK.2/10/2019', '2019-10-11', 274, 'Kegiatan Rapat Koordinasi Perlindungan Saksi dan Korban Tindak Pidana Terorisme Wilayah Jawa Barat', 'Bogor', 7, '2019-10-23', '2019-10-26', 'PH.01.00/3328/2019', '2019-10-11', 2, 63, '5097.005.053 B 521219', 'Dalam Negeri', '', 'Sekretaris Utama', 'B', 1, '346,348,585,275,350,331,332,95,98,102', '', '274,346,348,585,275,350,331,332,95,98,102', 2, 'linkum1'),
(70, 'SPD-1018/PPK.2/10/2019', '2019-10-11', 274, '	Kegiatan Focus Group Discussion (FGD) Tim Penyusun Draft Pelindungan terhadap Penyidik, Penuntut Umum, Hakim, dan Petugas Pemasyarakatan IV', 'Bogor', 8, '2019-10-16', '2019-10-16', 'PH.01.00/3331/2019', '2019-10-11', 2, 63, '5097.005.051B 521219', 'Dalam Negeri', '', 'SEKRETARIS UTAMA BNPT', 'B', 1, '346,348,350,62,332,331,343,338,502', '', '274,346,348,350,62,332,331,343,338,502', 2, 'linkum1'),
(71, 'SPD-1017/PPK.4/10/2019', '2019-10-08', 48, 'Koordinasi Awal Pengembangan Sistem Informasi Pegawai di Jakarta', 'Bogor', 8, '2019-10-08', '2019-10-09', 'KP. 12.00/......../2019', '2019-10-07', 4, 65, 'MAK. 5099.954.054', 'LSB', '', 'Komjen Pol Drs. Suhardi Alius, M.H.', 'A', 1, '50,51,52,54,53,56,553,55', '', '48,50,51,52,54,53,56,553,55', 4, 'kepeg1'),
(72, 'SPD-1017/PPK.1/10/2019', '2019-10-14', 239, 'Menjadi peserta pada kegiatan Good Practices in Border Security and Management to Strengthen National and Regional Cooperation and Capacities to Counter Terrorism and Transnational Organized Crime in Asia', 'Bogor', 22, '2019-10-15', '2019-10-19', 'PT.01.01/3320/2019', '2019-10-14', 1, 62, '- (BEBAN IOM)', 'LUAR NEGERI', '', 'KEPALA BNPT', 'C', 3, '', '', '239', 1, 'pengawasan1'),
(76, 'SPD-1004/PPK.3/10/2019', '2019-10-11', 359, 'Melaksanakan Kegiatan Pelatihan Sharing  Counter-Terrorism Information Across Borders Course di Phuket, Thailand.', 'Jakarta', 22, '2019-10-13', '2019-10-19', 'Sprint- KB.02.00/2964/2019', '2019-09-25', 3, 64, '5098.001.052B.524219', 'Belanja Perjalanan Lainnya- Luar Negeri', '', 'KEPALA BNPT', 'D', 3, '', '', '359', 3, 'amerop1'),
(77, 'SPD-1018/PPK.1/10/2019', '2019-10-08', 240, 'Menjadi anggota delegasi pada Persidangan ke-37 KK/JKK Sosek Malindo di Bandung', 'Bogor', 7, '2019-10-09', '2019-10-12', 'PT.01.01/........../2019', '0000-00-00', 1, 62, '5096.005.052.A.524111', 'DALAM NEGERI', '', 'SEKRETARIS UTAMA BNPT', 'C', 1, '246', '', '240,246', 1, 'pengawasan1'),
(78, 'SPD-1019/PPK.2/10/2019', '2019-10-11', 280, 'Rapat Koordinasi Awal Dalam Rangka Apel Kesiapsiagaan Nasional Tahun 2019 di Yogyakarta', 'Bogor', 35, '2019-10-23', '2019-10-25', 'PN.03.02/          /2019', '2019-10-16', 2, 63, '5097.001.054', 'Dalam Negeri', '', 'Sekretaris Utama', 'C', 3, '282,281,503', '', '280,282,281,503', 2, 'siaga1'),
(79, 'SPD-1019/PPK.1/10/2019', '2019-10-11', 239, 'Menjadi pembicara serta pendamping pada kegiatan Seminar Nasional dengan Tema "Bersama Cegah Paham Radikalisme dan Konflik Sosial Serta Menjaga Kearifan Lokal"', 'Bogor', 69, '2019-10-12', '2019-10-12', 'PT.01.01/........../2019', '0000-00-00', 1, 62, '5096.005.052.A.524111', 'DALAM NEGERI', '', 'SEKRETARIS UTAMA BNPT', 'C', 1, '244', '', '239,244', 1, 'pengawasan1'),
(80, 'SPD-1005/PPK.3/10/2019', '2019-10-14', 382, 'Menghadiri Undangan FGD Finalisasi Penyusunan Sectoral Risk Assesment (SRA) Potensi Risiko Pendanaan Terorisme Sektor Organisasi Kemasyarakatan di Indonesia', 'Jakarta', 68, '2019-10-14', '2019-10-16', 'SPRIN/HI.01.00/          /2019', '2019-10-14', 3, 64, '5098.006.052B.521119', 'Dalam Negeri', '', 'KEPALA BNPT', 'C', 1, '385', '', '382,385', 3, 'pwni1'),
(81, 'SPD-1021/PPK.4/10/2019', '2019-10-14', 60, 'Melaksanakan Finalisasi E-Rekonsiliasi Bulan September untuk Penyusunan Laporan Keuangan Triwulan III Tahun 2019 di KPPN Jakarta VI, Jakarta Pusat', 'Bogor', 8, '2019-10-15', '2019-10-17', 'KU.00.02/........../2019', '2019-10-14', 4, 65, '5099.955.051.B.524111', 'Dalam Negeri', '', 'SEKRETARIS UTAMA BNPT', 'C', 1, '62,64,70,71,73,72', '', '60,62,64,70,71,73,72', 4, 'keu2'),
(82, 'SPD-1022/PPK.4/10/2019', '2019-10-11', 130, 'Kegiatan Workshop Penyusunan Peta Risiko di Lingkungan Badan Nasional Penanggulangan Terorisme Tahun 2019 di Jakarta', 'Bogor', 8, '2019-10-14', '2019-10-15', 'PW.01.03.00/      /2019', '2019-10-11', 4, 62, '5729.965.055C.524111', 'Dalam Negeri', '', 'SEKRETARIS UTAMA ', 'C', 1, '', '', '130', 4, 'inspek1'),
(84, 'SPD-1024/PPK.4/10/2019', '2019-10-11', 84, 'Melaksanakan Penyusunan Laporan Monitoring dan Evaluasi Tindak Lanjut Penetapan Status Penggunaan (PSP) Barang Milik Negara sampai dengan Triwulan III Tahun 2019 di Jakarta', 'Bogor', 8, '2019-10-14', '2019-10-16', 'PL.03.05/3333/2019', '2019-10-11', 4, 65, '5099.956.051.524111', 'DALAM NEGERI', '', 'SEKRETARIS UTAMA', 'C', 1, '87,122,94,101,154,120,72,85,121,118', '', '84,87,122,94,101,154,120,72,85,121,118', 4, 'rumga2'),
(86, 'SPD-1025/PPK.4/10/2019', '2019-10-11', 223, 'Kegiatan Workshop Penyusunan Peta Risiko di Lingkungan Badan Nasional Penanggulangan Terorisme Tahun 2019 di Jakarta', 'Bogor', 8, '2019-10-15', '2019-10-17', 'PW.01.03.00/      /2019', '2019-10-11', 4, 65, '5729.965.055C.524111', 'Dalam Negeri', '', 'SEKRETARIS UTAMA ', 'C', 1, '387,255,58,341,369,257,162,227', '', '223,387,255,58,341,369,257,162,227', 4, 'inspek1'),
(87, 'SPD-1026/PPK.4/10/2019', '2019-10-11', 57, 'Menghadiri Undangan Rapat Internal Staf di Gedung BUMN Jakarta', 'Bogor', 8, '2019-10-14', '2019-10-14', 'KU.03.02/          /2019', '2019-10-11', 4, 65, '5099.955.051.B.524111', 'Dalam Negeri', '', 'SEKRETARIS UTAMA BNPT', 'C', 1, '58,59,62,65,70', '', '57,58,59,62,65,70', 4, 'keu2'),
(90, 'SPD-1006/PPK.3/10/2019', '2019-10-14', 362, 'Biaya Perjalanan Dinas Menghadiri Undangan Permintaan Saran/Masukan dan Penyampaian Rancangan Peraturan Badan Nasional Penanggulangan Terorisme tentang Organisasi dan Tata Kerja Badan Nasional Penanggulangan Terorisme di Solo', 'Jakarta', 40, '2019-10-15', '2019-10-17', 'KB.01.00/3323/2019', '0000-00-00', 3, 64, '5098.001.052B.524111', 'Belanja Perjalanan Dinas Biasa	', '', 'Kepala BNPT', 'C', 3, '', '', '362', 3, 'aspasaf1'),
(91, 'SPD-1029/PPK.4/10/2019', '2019-10-11', 554, 'Kegiatan Workshop Penyusunan Peta Risiko di Lingkungan Badan Nasional Penanggulangan Terorisme Tahun 2019 di Jakarta', 'Bogor', 8, '2019-10-14', '2019-10-17', 'PW.01.03.00/      /2019', '2019-10-11', 4, 65, '5729.965.055C.524111', 'Dalam Negeri', '', 'SEKRETARIS UTAMA ', 'B', 1, '132,133,131,134,135,139,137,141,140,142', '', '554,132,133,131,134,135,139,137,141,140,142', 4, 'inspek1'),
(92, 'SPD-1020/PPK.1/10/2019', '2019-10-11', 197, 'Melaksanakan kegiatan Korea-Indonesia Counter Terrorism Seminar : Preventing and Countering Terrorism and Radicalism Involving New Technology Bulan Oktober Tahun 2019 di Hotel Margo Depok', 'Bogor', 68, '2019-10-15', '2019-10-16', 'PT.02.02/........ /2019', '0000-00-00', 1, 62, '5096.007.52B.521219', 'Dalam Negeri', '', 'SEKRETARIS UTAMA BNPT', 'D', 1, '', '', '197', 1, 'kontra1'),
(93, 'SPD-1007/PPK.3/10/2019', '2019-10-14', 365, 'Melaksanakan Kegiatan Korea-Indonesia Counter-Terrorism Seminar: Preventing and Countering Terrorism and Radicalism Involving New Technology di Depok', 'Jakarta', 68, '2019-10-16', '2019-10-16', 'KB.01.00/3285/2019', '2019-10-03', 3, 64, '5098.001.052B.524111', 'Belanja Perjalanan Dinas Biasa	', '', 'Kepala BNPT', 'C', 1, '399,357,361,352,555,367,358,364', '', '365,399,357,361,352,555,367,358,364', 3, 'aspasaf1'),
(94, 'SPD-1030/PPK.4/10/2019', '2019-10-11', 91, 'Kegiatan Workshop Penyusunan Peta Risiko di Lingkungan Badan Nasional Penanggulangan Terorisme Tahun 2019 di Jakarta', 'Bogor', 8, '2019-10-15', '2019-10-17', 'PW.01.03.00/      /2019', '2019-10-11', 4, 65, '5729.965.055C.524111', 'Dalam Negeri', '', 'SEKRETARIS UTAMA ', 'C', 1, '80,338,261,52', '', '91,80,338,261,52', 4, 'inspek1'),
(97, 'SPD-1031/PPK.4/10/2019', '2019-10-14', 152, 'Melaksanakan Konsiyering Penyusunan Rancangan Peraturan BNPT tentang Organisasi dan Tata Kerja BNPT', 'Bogor', 40, '2019-10-15', '2019-10-17', 'SPRINT HK.01.03/........./2019', '2019-10-14', 4, 65, '5099.957.051.524119', 'Dalam Negeri', '', 'SEKRETARIS UTAMA', 'B', 3, '35,74,36,38,76,44,8,22', '', '152,35,74,36,38,76,44,8,22', 4, 'humas1'),
(99, 'SPD-1032/PPK.4/10/2019', '2019-10-14', 151, 'Melaksanakan Konsiyering Penyusunan Rancangan Peraturan Kepala BNPT tentang Organisasi dan tata Kerja BNPT di Solo', 'Bogor', 40, '2019-10-15', '2019-10-17', 'SPRINT HK.01.03/........./2019', '2019-10-14', 4, 65, '5099.957.051.524119', 'Dalam Negeri', '', 'SEKRETARIS UTAMA', 'B', 3, '57,84,86,59,49,50,92,27,119', '', '151,57,84,86,59,49,50,92,27,119', 4, 'humas1'),
(100, 'SPD-1033/PPK.4/10/2019', '2019-10-14', 41, 'Melaksanakan Konsinyering Penyusunan Rancangan Peraturan BNPT tentang Organisasi dan Tata Kerja BNPT di Solo', 'Bogor', 40, '2019-10-14', '2019-10-17', 'SPRINT HK.01.03/........./2019', '2019-10-14', 4, 65, '5099.957.051.524119', 'Dalam Negeri', '', 'SEKRETARIS UTAMA', 'C', 3, '45,42,46,28', '', '41,45,42,46,28', 4, 'humas1'),
(101, 'SPD-1021/PPK.1/10/2019', '2019-10-14', 240, 'Menghadiri Undangan Rapat Penyusunan Pemetaan Permasalahan Kewaspadaan Nasional Perbatasan Antar Negara', 'Bogor', 8, '2019-10-15', '2019-10-15', 'PT.01.01/........../2019', '0000-00-00', 1, 62, '5096.005.052.A.524111', 'DALAM NEGERI', '', 'SEKRETARIS UTAMA BNPT', 'C', 1, '248', '', '240,248', 1, 'pengawasan1'),
(102, 'SPD-1034/PPK.4/10/2019', '2019-10-14', 252, 'Melaksanakan Konsinyering Penyusunan Rancangan Peraturan BNPT tentang Organisasi dan Tata Kerja BNPT di Solo', 'Bogor', 40, '2019-10-15', '2019-10-17', 'SPRINT HK.01.03/........./2019', '2019-10-14', 4, 65, '5099.957.051.524119', 'Dalam Negeri', '', 'SEKRETARIS UTAMA', 'B', 3, '274,196,363,217,556', '', '252,274,196,363,217,556', 4, 'humas1'),
(103, 'SPD-1022/PPK.1/10/2019', '2019-10-14', 185, 'Melaksanakan Kegiatan Pendampingan dan Monitoring Pembinaan Kewirausahaan Pada Program Deradikalisasi Subdit Bina Masyarakat Di Provinsi Maluku Tahun 2019', 'Sentul', 18, '2019-10-14', '2019-10-18', 'DT.02.03/3330/2019', '2019-10-11', 1, 62, '5096.010.002.053.524111', 'Dalam Negeri', '', 'Sekretariat Utama', 'C', 3, '189,188,186,195,187,448,458,192,450,459,456,455,447', '', '185,189,188,186,195,187,448,458,192,450,459,456,455,447', 1, 'binmas1'),
(104, 'SPD-1023/PPK.1/10/2019', '2019-10-14', 252, 'Menjadi Narasumber pada Kegiatan Pendampingan dan Monitoring Pembinaan Kewirausahaan pada Program Deradikalisasi Subdit Bina Masyarakat di Provinsi Maluku Tahun 2019', 'Sentul', 18, '2019-10-14', '2019-10-15', 'DT.02.03/3329/2019', '2019-10-11', 1, 62, '5096.010.002.053.522151', 'Dalam Negeri', '', 'Sekretariat Utama', 'B', 3, '', '', '252', 1, 'binmas1'),
(105, 'SPD-1024/PPK.1/10/2019', '2019-10-14', 254, 'Workshop Prosedur Pelaksanaan Penanganan Keamanan Objek Vital Nasional Subbidang Mineral dan Batubara Dalam Rangka Penanggulangan Terorisme di Balikpapan', 'Bogor', 70, '2019-10-15', '2019-10-18', 'PA.01.02/3281/2019', '2019-10-03', 1, 62, '5096.003.058.B.521219', 'Dalam Negeri', '', 'Sekretaris Utama BNPT', 'C', 3, '232,557,323,558,234,233', '', '254,232,557,323,558,234,233', 1, 'obvit1'),
(106, 'SPD-1025/PPK.1/10/2019', '2019-10-14', 235, 'Workshop Prosedur Pelaksanaan Penanganan Keamanan Objek Vital Nasional Subbidang Mineral dan Batubara Dalam Rangka Penanggulangan Terorisme di Balikpapan', 'Bogor', 70, '2019-10-15', '2019-10-19', 'PA.01.02/3280/2019', '2019-10-03', 1, 62, '5096.003.058.B.521219', 'Dalam Negeri', '', 'Sekretaris Utama BNPT', 'C', 3, '236,237,222,238,443,444,442', '', '235,236,237,222,238,443,444,442', 1, 'obvit1'),
(107, 'SPD-1026/PPK.1/10/2019', '2019-10-14', 234, 'Workshop Prosedur Pelaksanaan Penanganan Keamanan Objek Vital Nasional Subbidang Mineral dan Batubara Dalam Rangka Penanggulangan Terorisme di Balikpapan', 'Bogor', 70, '2019-10-15', '2019-10-18', 'PA.01.02/3281/2019', '2019-10-03', 1, 62, '5096.003.058.B.521219', 'Dalam Negeri', '', 'Sekretaris Utama BNPT', 'C', 3, '', '', '234', 1, 'obvit1'),
(108, 'SPD-1027/PPK.1/10/2019', '2019-10-14', 226, 'Workshop Prosedur Pelaksanaan Penanganan Keamanan Objek Vital Nasional Subbidang Mineral dan Batubara Dalam Rangka Penanggulangan Terorisme di Balikpapan', 'Bogor', 70, '2019-10-15', '2019-10-18', 'PA.01.02/3350/2019', '2019-10-14', 1, 62, '5096.003.058.B.521219', 'Dalam Negeri', '', 'Sekretaris Utama BNPT', 'C', 3, '228,243,231,262,66,407,422,266,559', '', '226,228,243,231,262,66,407,422,266,559', 1, 'obvit1'),
(109, 'SPD-1028/PPK.1/10/2019', '2019-10-15', 454, 'Melaksanakan Kegiatan Pelaksanaan Monitoring dan Evaluasi di Medan', 'Sentul', 9, '2019-10-15', '2019-10-16', 'DT.02.01/3364/2019', '2019-10-14', 1, 62, '5096.010.002.054.524111', 'Dalam Negeri', '', 'Sekretariat Utama', 'C', 3, '', '', '454', 1, 'binmas1'),
(110, 'SPD-1029/PPK.1/10/2019', '2019-10-15', 190, 'Menjadi Pendamping Direktur Deradikalisasi pada Rapat Koordinasi Pembahasan Internal Rancangan Peraturan Badan Nasional Penanggulangan Terorisme tentang Organisasi dan Tata Kerja BNPT di Solo', 'Sentul', 30, '2019-10-15', '2019-10-18', 'DT.02.01/3363/2019', '2019-10-14', 1, 62, '5096.010.002.056.524111', 'Dalam Negeri', '', 'Sekretariat Utama', 'C', 3, '', '', '190', 1, 'binmas1'),
(112, 'SPD-1036/PPK.4/10/2019', '2019-10-25', 93, 'TUGAS KHUSUS OPERASIONAL KEPALA BNPT DI JAKARTA', 'BOGOR', 8, '2019-10-28', '2019-11-08', 'SPRIN NO: RT.01.01/3310/2019', '2019-10-11', 4, 65, '5099.994.002.G.524111', 'PERJALANAN DINAS', '', 'SEKRETARIS UTAMA BNPT', 'C', 1, '', '', '93', 4, 'rumga1'),
(113, 'SPD-1037/PPK.4/10/2019', '2019-10-11', 88, 'TUGAS KHUSUS OPERASIONAL KEPALA BNPT DI JAKARTA', 'BOGOR', 8, '2019-10-14', '2019-10-25', 'SPRIN NO: RT.01.01/3310/2019', '2019-10-11', 4, 65, '5099.994.002.G.524111', 'PERJALANAN DINAS', '', 'SEKRETARIS UTAMA BNPT', 'C', 1, '', '', '88', 4, 'rumga1'),
(114, 'SPD-1038/PPK.4/10/2019', '2019-10-07', 13, 'Menghadiri Undangan Direktur Jenderal Perhubungan Darat Kementerian Perhubungan Republik Indonesia di Jakarta', 'Bogor', 8, '2019-10-08', '2019-10-08', 'SPRINT HM.02.00/............../2019', '2019-10-07', 4, 65, '5099.008.051.E.524111.', 'Dalam Negeri', '', 'SEKRETARIS UTAMA', 'C', 1, '', '', '13', 4, 'dapel1'),
(115, 'SPD-1020/PPK.2/10/2019', '2019-10-15', 315, 'Kegiatan Pratinjau Kegiatan Melakukan Pembinaan Kemampuan Aparat Penegak Hukum dan Instansi Terkait dalam Rangka Penindakan Aksi Terorisme dengan Metode Gladi Posko / Maket di DI Yogyakarta', 'Bogor', 35, '2019-10-16', '2019-10-18', 'PK.02.01/3349/2019 ', '2019-10-14', 2, 63, '5097.003.055', 'Jalan Dinas', '', 'SEKRETARIS UTAMA BNPT', 'C', 3, '316,307,311,318,321,314,326', '', '315,316,307,311,318,321,314,326', 2, 'sisop1'),
(116, 'SPD-1030/PPK.1/10/2019', '2019-10-16', 175, 'Pendampingan Pembebasan dan Alih Bina di Pusat Deradikalisasi melalui Lapas Khusus Kelas IIB Sentul', 'Sentul', 60, '2019-10-16', '2019-10-18', 'DT.03.01/3366/2019', '2019-10-15', 1, 62, '5096.008.068', 'Dalam Negeri', '', 'Sekretariat Utama', 'C', 3, '586,476', '', '175,586,476', 1, 'binlapsus1'),
(117, 'SPD-1039/PPK.4/10/2019', '2019-10-15', 3, 'Menghadiri Undangan Kepala Badan Keamanan Laut Republik Indonesia di Jakarta tanggal 16 Oktober 2019', 'Bogor', 8, '2019-10-16', '2019-10-16', 'PR.05.02/........../2019', '2019-10-15', 4, 65, '5099.963.054.B.524111.', 'Dalam Negeri', '', 'SEKRETARIS UTAMA', 'C', 1, '', '', '3', 4, 'dapel1'),
(118, 'SPD-1040/PPK.4/10/2019', '2019-10-15', 3, 'Menghadiri Undangan Kepala Badan Keamanan Laut Republik Indonesia dalam Rapat Kerja Teknis II tekait Pembahasan Naskah Akademik Blueprint Kebijakan Pengamanan Laut di Jakarta.', 'Bogor', 8, '2019-10-16', '2019-10-16', 'PR.05.02/........../2019', '2019-10-15', 4, 65, '5099.963.054.B.524111.', 'Dalam Negeri', '', 'SEKRETARIS UTAMA', 'C', 1, '', '', '3', 4, 'dapel1'),
(119, 'SPD-1031/PPK.1/10/2019', '2019-10-16', 253, 'Menghadiri Undangan Sebagai Narasumber dan Pendamping Narasumber FGD dengan tema "Pergeseran Ruang-Ruang Pendukung Bagi Transmisi Radikalisme dan Toleransi di Indonesia", di Yogyakarta', 'Bogor', 35, '2019-10-17', '2019-10-17', 'PT.02.02/........ /2019', '0000-00-00', 1, 62, '5096.007.51B.521219', 'Dalam Negeri', '', 'SEKRETARIS UTAMA BNPT', 'B', 3, '258', '', '253,258', 1, 'kontra1'),
(120, 'SPD-1041/PPK.4/10/2019', '2019-10-16', 152, 'Melaksanakan Konsinyering  Penyusunan Rancangan Peratura Badan Nasional Penanggulangan Terorisme tentang Organisasi dan Tata Kerja BNPT di Jakarta', 'Bogor', 8, '2019-10-16', '2019-10-16', 'HK.01.03/....../2019', '2019-10-15', 4, 65, '5099.957.051', 'Dalam Negeri', '', 'SEKRETARIS UTAMA', 'B', 1, '38,8', '', '152,38,8', 4, 'humas1'),
(121, 'SPD-1021/PPK.2/09/2019', '2019-09-30', 568, 'Melaksanakan Monitoring Sidang Perkara Tindak Pidana Terorisme', 'Bogor', 8, '2019-10-01', '2019-10-01', 'PH.02.00/2975/2019', '2019-09-27', 2, 63, '5097.004.054.B521219', 'Dalam Negeri', '', 'SEKRETARIS UTAMA', 'C', 1, '569,575,574,579,576,577,570,582,573,581,580', '', '568,569,575,574,579,576,577,570,582,573,581,580', 2, 'hubal1'),
(122, 'SPD-1022/PPK.2/10/2019', '2019-10-01', 339, 'Melaksanakan Monitoring Sidang Perkara Tindak Pidana Terorisme', 'Bogor', 8, '2019-10-02', '2019-10-02', 'PH.02.00/2975/2019', '2019-09-27', 2, 63, '5097.004.054.B521219', 'Dalam Negeri', '', 'SEKRETARIS UTAMA', 'C', 1, '340,341,344,333,335,345,567,569,573,577,579', '', '339,340,341,344,333,335,345,567,569,573,577,579', 2, 'hubal1'),
(123, 'SPD-1023/PPK.2/10/2019', '2019-10-02', 567, 'Melaksanakan Monitoring Sidang Perkara Tindak Pidana Terorisme', 'Bogor', 8, '2019-10-03', '2019-10-03', 'PH.02.00/2975/2019', '2019-09-27', 2, 63, '5097.004.054.B521219', 'Dalam Negeri', '', 'SEKRETARIS UTAMA', 'C', 1, '571,572,573,574,575,576,578,582,581,580,579', '', '567,571,572,573,574,575,576,578,582,581,580,579', 2, 'hubal1'),
(124, 'SPD-1024/PPK.2/10/2019', '2019-10-03', 567, 'Melaksanakan Monitoring Sidang Perkara Tindak Pidana Terorisme', 'Bogor', 8, '2019-10-04', '2019-10-04', '', '0000-00-00', 2, 63, '5097.004.054.B.521219', 'Dalam Negeri', '', 'SEKRETARIS UTAMA', 'C', 1, '571,572,573,574,575,576,578,582,581,580,579', '', '567,571,572,573,574,575,576,578,582,581,580,579', 2, 'hubal1'),
(125, 'SPD-1025/PPK.2/10/2019', '2019-10-07', 568, 'Melaksanakan Monitoring Sidang Perkara Tindak Pidana Terorisme', 'Bogor', 8, '2019-10-08', '2019-10-08', 'PH.02.00/2975/2019', '2019-09-27', 2, 63, '5097.004.054.B.521219', 'Dalam Negeri', '', 'SEKRETARIS UTAMA', 'C', 1, '569,570,575,576,573,574,577,579,580,581,582', '', '568,569,570,575,576,573,574,577,579,580,581,582', 2, 'hubal1'),
(126, 'SPD-1026/PPK.2/10/2019', '2019-10-09', 567, 'Melaksanakan Monitoring Sidang Perkara Tindak Pidana Terorisme', 'Bogor', 8, '2019-10-10', '2019-10-10', 'PH.02.00/2975/2019', '2019-09-27', 2, 63, '5097.004.054.B.521219', 'Dalam Negeri', '', 'SEKRETARIS UTAMA', 'C', 1, '571,572,573,574,575,576,578,582,581,580,579', '', '567,571,572,573,574,575,576,578,582,581,580,579', 2, 'hubal1'),
(127, 'SPD-1027/PPK.2/10/2019', '2019-10-14', 568, 'Melaksanakan Monitoring Sidang Perkara Tindak Pidana Terorisme', 'Bogor', 8, '2019-10-15', '2019-10-15', '', '0000-00-00', 2, 63, 'PH.02.00/2975/2019', 'Dalam Negeri', '', 'SEKRETARIS UTAMA', 'C', 1, '569,570,575,576,573,574,577,579,580,581,582', '', '568,569,570,575,576,573,574,577,579,580,581,582', 2, 'hubal1'),
(128, 'SPD-1028/PPK.2/10/2019', '2019-10-15', 567, 'Melaksanakan Monitoring Sidang Perkara Tindak Pidana Terorisme', 'Bogor', 8, '2019-10-16', '2019-10-16', 'PH.02.00/2975/2019', '2019-09-27', 2, 63, '5097.004.054.B.521219', 'Dalam Negeri', '', 'Dr. A. Adang Supriyadi', 'C', 1, '571,572,573,574,575,576,578,582,581,580,579', '', '567,571,572,573,574,575,576,578,582,581,580,579', 2, 'hubal1'),
(129, 'SPD-1042/PPK.4/10/2019', '2019-10-16', 85, 'Menghadiri Undangan Rapat Koordinasi Biro Umum Seluruh Indonesia di Kementerian Dalam Negeri Jakarta', 'Bogor', 8, '2019-10-17', '2019-10-18', 'PL.03.05..2010', '2019-10-16', 4, 65, '5099.994.002.G.524111', 'Dalam Negeri', '', 'SEKRETARIS UTAMA', 'C', 1, '87', '', '85,87', 4, 'rumga2'),
(130, 'SPD-1032/PPK.1/10/2019', '2019-10-15', 453, 'Menghadiri Peringatan Hari Anak Nasional Tahun 2019 Sehari Bersama Anak dan Peresmian Laboratorium Terapi Psikososial di Balai Rehabilitasi Sosial Anak Memerlukan Perlindungan Khusus (BRSAMPK) Bambu Apus Jakarta', 'Sentul', 8, '2019-10-16', '2019-10-16', 'DT.02.01/3372/2019', '2019-10-15', 1, 62, '5096.010.002.056.52411 ', 'Dalam Negeri', '', 'Sekretaris Utama', 'C', 1, '', '', '453', 1, 'binmas1'),
(132, 'SPD-1043/PPK.4/10/2019', '2019-10-11', 129, 'Pemantauan Kegiatan Konsinyering Penyusunan Rancangan Peraturan Badan Nasional Penanggulangan Terorisme tentang Organisasi dan Tata Kerja BNPT di Solo', 'Bogor', 40, '2019-10-14', '2019-10-18', 'PW.01.01.00/        /2019', '2019-10-11', 4, 65, '5729.965.052.524111', 'Dalam Negeri', '', 'SEKRETARIS UTAMA', 'C', 3, '136', '', '129,136', 4, 'inspek1'),
(133, 'SPD-1033/PPK.1/10/2019', '2019-10-14', 190, 'Mendampingi Direktur Deradikalisasi dalam Kegiatan Konsinyering Penyusunan Peraturan Badan Nasional Penanggulangan Terorisme tentang Organisasi dan Tata Kerja BNPT di Solo', 'Bogor', 40, '2019-10-15', '2019-10-18', 'DT.02.03/3363./2019', '2019-10-14', 1, 62, '5096.010.002.056.524111', 'Dalam Negeri', '', 'SEKRETARIS UTAMA', 'C', 3, '', '', '190', 1, 'binmas1'),
(134, 'SPD-1009/PPK.3/10/2019', '2019-10-17', 552, 'Menghadiri Undangan Rapat Koordianasi Penyusunan Statement Menko Polhukam pada 19th APSC Council di Bandung, Jawa Barat.', 'Jakarta', 7, '2019-10-17', '2019-10-18', 'Sprint: ......................./................./2019', '2019-10-14', 3, 64, '5098.00.....05.....52..............', 'Be;anja Perjalanan Dinas', '', 'KEPALA BNPT', 'C', 1, '', '', '552', 3, 'multi1'),
(135, 'SPD-1010/PPK.3/10/2019', '2019-10-17', 363, 'Menghadiri Undangan Kegiatan Workshop on Counter-Terrorism between China and its Neighboring Countries in 2019 di Beijing dan Xinjiang, RRT.', 'Jakarta', 54, '2019-10-20', '2019-10-26', 'Sprint- KB.01.00/3337/2019', '2019-10-14', 3, 64, '5098.001.051A.524219', 'Belanja Perjalanan Lainnya- Luar Negeri', '', 'KEPALA BNPT', 'C', 3, '', '', '363', 3, 'aspasaf1'),
(136, 'SPD-1044/PPK.4/09/2019', '2019-09-16', 76, 'Menghadiri Undangan Sosialisasi Penyusunan Rencana Strategis Kementerian/Lembaga (Renstra K/L) tahun 2020-2024 melalui sistem Krisna di Jakarta', 'Bogor', 8, '2019-09-17', '2019-09-17', 'PR.00.04/3019/2019', '2019-09-16', 4, 65, '5099.952.052.B.524111', 'Dalam Negeri', '', 'Kepala Badan Nasional Penanggulangan Terorisme', 'C', 1, '82,24', '', '76,82,24', 4, 'ren1'),
(137, 'SPD-1011/PPK.3/10/2019', '2019-10-17', 551, 'Menghadiri Undangan Pelaksanaan Sesi TahunanAsian-African Legal Consultative Organization (AALCO) ke-58 di Tanzania', 'Jakarta', 71, '2019-10-19', '2019-10-27', 'HI.01.00/3326/2019', '2019-10-10', 3, 64, '5098.006.052B.524211', 'Luar Negeri', '', 'KEPALA BNPT', 'C', 3, '389,390,384', '', '551,389,390,384', 3, 'pwni1'),
(138, 'SPD-1045/PPK.4/09/2019', '2019-09-18', 74, 'Koordinasi Inventarisasi Pengadaan BNPT Tahun 2026 sampai dengan Tahun 2019 di Jakarta', 'Bogor', 8, '2019-09-19', '2019-09-19', '', '0000-00-00', 4, 65, '5099.952.052', 'Dalam Negeri', '', 'Kepala Badan Nasional Penanggulangan Terorisme', 'C', 1, '76,80,81,83', '', '74,76,80,81,83', 4, 'ren1'),
(139, 'SPD-1046/PPK.4/09/2019', '2019-09-12', 74, 'Koordinasi Penyusunan Kelengkapan Dokumen Usulan Tambahan Anggaran Belanja Pegawai BNPT TA 2019dengan Direktorat Jenderal Anggaran di Jakarta.', 'Bogor', 8, '2019-09-13', '2019-09-13', 'PR.04.01/3018/2019', '2019-09-12', 4, 65, '5099.952.052.B.524111', 'Dalam Negeri', '', 'Kepala Badan Nasional Penanggulangan Terorisme', 'C', 1, '78,82,24', '', '74,78,82,24', 4, 'ren1'),
(140, 'SPD-1034/PPK.1/10/2019', '2019-10-15', 406, '1.	Menjadi narasumber pada acara seminar  wawasan kebangsaan  yang diprakarsai oleh Duta Damai Yogyakarta bekerjasama dengan Universitas Atmajaya Yogyakarta di gd. Bonaventura lt. 2 Universitas atmajaya Yogyakarta', 'Bogor', 35, '2019-10-18', '2019-10-19', 'PT.02.02/........ /2019', '0000-00-00', 1, 62, '5096.007.51B.521219', 'Dalam Negeri', '', 'SEKRETARIS UTAMA BNPT', 'D', 3, '', '', '406', 1, 'kontra1'),
(141, 'SPD-1029/PPK.2/10/2019', '2019-10-17', 329, 'MELAKUKAN KEGIATAN ANALISA, EVALUASI DAN IDENTIFIKASI TAHANAN TERORISME', 'Bogor', 8, '2019-10-23', '2019-10-23', 'PH.03.00/2932/2019', '2019-09-23', 2, 63, '5097.007.052.524119', 'DALAM NEGERI', '', 'SEKRETARIS UTAMA BNPT', 'C', 1, '347,330,351,343,334,277', '', '329,347,330,351,343,334,277', 2, 'anev1'),
(142, 'SPD-1035/PPK.1/10/2019', '2019-10-15', 196, 'Melaksanakan survey kegiatan Pemberdayaan Duta Damai Dunia Maya di 13 Provinsi melalui Kampanye Damai Anti Radikalisme dan Terorisme dalam rangka Memperingati Sumpah Pemuda Bulan Oktober T.A. 2019 di Padang Sumatera Barat', 'Bogor', 63, '2019-10-18', '2019-10-20', 'PT.02.02/........ /2019', '0000-00-00', 1, 62, '5096.007.51B.521219', 'Dalam Negeri', '', 'SEKRETARIS UTAMA BNPT', 'C', 1, '199,421', '', '196,199,421', 1, 'kontra1'),
(143, 'SPD-1030/PPK.2/10/2019', '2019-10-24', 274, 'Melakukan Pertemuan Rutin Antar Aparat Penegak Hukum Dalam Penanganan Perkara Tindak Pidana Terorisme di Jakarta', 'Bogor', 8, '2019-10-30', '2019-10-30', 'PH.02.00/3304/2019', '2019-10-07', 2, 63, '5097.004.051B 521219', 'Dalam Negeri', '', 'Sekretaris Utama BNPT', 'B', 1, '339,340,275,341,344,333,335,337,338,67,426', '', '274,339,340,275,341,344,333,335,337,338,67,426', 2, 'hubal1'),
(144, 'SPD-1036/PPK.1/10/2019', '2019-10-15', 363, 'Melaksanakan kegiatan Rapat Koordinasi Kegiatan Pelatihan Duta Damai Dunia Maya Global Dalam Rangka Pencegahan Terorisme T.A. 2020 di Hotel Royal Kuningan, Jakarta', 'Bogor', 8, '2019-10-18', '2019-10-18', 'PT.02.02/........ /2019', '0000-00-00', 1, 62, '5096.007.52B.521219', 'Dalam Negeri', '', 'SEKRETARIS UTAMA BNPT', 'C', 1, '552,197,198,424,204,425', '', '363,552,197,198,424,204,425', 1, 'kontra1'),
(145, 'SPD-1037/PPK.1/10/2019', '2019-10-15', 203, 'Melaksanakan kegiatan Rapat Koordinasi Kegiatan Pelatihan Duta Damai Dunia Maya Global Dalam Rangka Pencegahan Terorisme T.A. 2020 di Hotel Royal Kuningan, Jakarta', 'Bogor', 8, '2019-10-18', '2019-10-18', 'PT.02.02/........ /2019', '0000-00-00', 1, 62, '5096.007.52B.521219', 'Dalam Negeri', '', 'SEKRETARIS UTAMA BNPT', 'D', 1, '404,408,410,417,415,416', '', '203,404,408,410,417,415,416', 1, 'kontra1'),
(146, 'SPD-1038/PPK.1/10/2019', '2019-10-17', 198, 'Melaksanakan survey kegiatan Pemberdayaan Duta Damai Dunia Maya di 13 Provinsi melalui Kampanye Damai Anti Radikalisme dan Terorisme dalam rangka Memperingati Sumpah Pemuda Bulan Oktober T.A. 2019 di Makasar Sulawesi Selatan', 'Bogor', 4, '2019-10-21', '2019-10-23', 'PT.02.02/........ /2019', '0000-00-00', 1, 62, '5096.007.51B.521219', 'Dalam Negeri', '', 'SEKRETARIS UTAMA BNPT', 'D', 3, '405,421', '', '198,405,421', 1, 'kontra1'),
(147, 'SPD-1039/PPK.1/10/2019', '2019-10-11', 157, 'Menghadiri Undangan Kegiatan Workshop on Counter-Terrorism between China and Its Neighboring Countries in 2019', 'Bogor', 54, '2019-10-20', '2019-10-26', 'KB.01.00/3337/2019', '2019-10-14', 1, 62, '5096.010001.059.B', 'Perjalanan Dinas Luar Negeri', '', 'Kepala BNPT', 'C', 3, '', '', '157', 1, 'dalpas1'),
(148, 'SPD-1047/PPK.4/10/2019', '2019-10-16', 151, 'Identifikasi Peta Jabatan Sesuai SOTK Baru', 'Bogor', 40, '2019-10-18', '2019-10-19', 'KP.05.01/............/2019', '2019-10-15', 4, 65, '5099.960.052', 'LSB', '', 'Dr. A. Adang Supriyadi', '', 3, '49,50', '', '151,49,50', 4, 'kepeg1'),
(149, 'SPD-1048/PPK.4/10/2019', '2019-10-16', 47, 'Identifikasi Peta Jabatan Sesuai SOTK Baru', 'Bogor', 40, '2019-10-17', '2019-10-19', 'KP.05.01/............/2019', '2019-10-15', 4, 65, '5099.960.052', 'LSB', '', 'Dr. A. Adang Supriyadi', '', 3, '48,51,52,53,54,55,56,553,155,423,112,147', '', '47,48,51,52,53,54,55,56,553,155,423,112,147', 4, 'kepeg1'),
(150, 'SPD-1049/PPK.4/10/2019', '2019-10-18', 57, 'Menghadiri Rapat Internal Staf di Gedung BUMN', 'Bogor', 8, '2019-10-21', '2019-10-21', 'KU.03.02/       /2019', '2019-10-18', 4, 65, '5099.955.051B.524111', 'Dalam Negeri', '', 'SEKRETARIS UTAMA BNPT', 'C', 1, '58,59,62,66,72', '', '57,58,59,62,66,72', 4, 'keu1'),
(151, 'SPD-1050/PPK.4/10/2019', '2019-10-14', 143, 'Menghadiri the 18th Meeting of heads of Special Services, Security Agencies and Law - Enforcement Organizations, Pertemuan Bilateral antara BNPT dan FIB Rusia, dan Penggalangan serta Pengembangan Jejaring Negara Mitra di Rusia ', 'Sentul', 52, '2019-10-15', '2019-10-19', 'KB.02.00/3284/2019', '2019-10-03', 4, 65, '5099.994.002.G.524211', 'LUAR NEGERI', '', 'KEPALA BNPT', 'A', 3, '', '', '143', 4, 'tuka'),
(152, 'SPD-1031/PPK.2/10/2019', '2019-10-21', 274, 'Kegiatan FGD Tim Penyususn Draft Pelindungan Terhadap Penyidik, Penuntut Umum, Hakim, dan Petugas Pemasyarakatan', 'Bogor', 8, '2019-10-22', '2019-10-22', 'PH.01.00/3332/2019', '2019-10-10', 2, 63, '5097.005.051.B.521219', 'Dalam Negeri', '', 'Sekretaris Utama Badan Nasional Penanggulangan Terorisme', 'C', 1, '346,348,585,350,332,331,343,91,73', '', '274,346,348,585,350,332,331,343,91,73', 2, 'linkum1'),
(153, 'SPD-1032/PPK.2/10/2019', '2019-10-21', 273, 'Melaksanakan Kegiatan Focus Group Discussion (FGD) Analisa dan Evaluasi Pengerahan Kekuatan TNI/POLRI dan Instansi Terkait dalam Rangka Penanganan Aksi Terorisme Sepanjang Tahun 2019 ', 'Bogor', 8, '2019-10-23', '2019-10-25', 'PK.03.02/3339/2019', '2019-10-14', 2, 63, '5097.006.052.B 524119', 'Dalam Negeri', '', 'Sekretaris Utama BNPT', 'B', 1, '315,306,308,307,316,309,311,310,317,279', '', '273,315,306,308,307,316,309,311,310,317,279', 2, 'gunkuat1'),
(154, 'SPD-1033/PPK.2/10/2019', '2019-10-21', 322, 'Melaksanakan Kegiatan Focus Group Discussion (FGD) Analisa dan Evaluasi Pengerahan Kekuatan TNI/POLRI dan Instansi Terkait dalam Rangka Penanganan Aksi Terorisme Sepanjang Tahun 2019 ', 'Bogor', 8, '2019-10-23', '2019-10-25', 'PK.03.02/3339/2019', '2019-10-14', 2, 63, '5097.006.052.B 524119', 'Dalam Negeri', '', 'Sekretaris Utama BNPT', 'C', 1, '312,320,318,319,313,325,327,328,326,515', '', '322,312,320,318,319,313,325,327,328,326,515', 2, 'gunkuat1'),
(155, 'SPD-1051/PPK.4/10/2019', '2019-10-14', 143, 'Menghadiri the 18th Meeting of heads of Special Services, Security Agencies and Law - Enforcement Organizations, Pertemuan Bilateral antara BNPT dan FIB Rusia, dan Penggalangan serta Pengembangan Jejaring Negara Mitra di Rusia ', 'SENTUL', 52, '2019-10-15', '2019-10-19', 'KB.02.00/3284/2019', '2019-10-03', 4, 65, '5099.994.002.G.524211', 'LUAR NEGERI', '', 'KEPALA BNPT', 'A', 3, '', '', '143', 4, 'tuka'),
(156, 'SPD-1052/PPK.4/10/2019', '2019-10-21', 150, 'Rapat Focus Group Discussion (FGD) Penyusunan Standar Kinerja BNPT Tahun 2020-2024 di Bandung', 'Bogor', 7, '2019-10-22', '2019-10-23', 'PR.00.04/3388/2019', '2019-10-21', 4, 65, '5099.952.057.524111', 'Dalam Negeri', '', 'KEPALA BNPT', 'C', 1, '156,587', '', '150,156,587', 4, 'ren1');
INSERT INTO `tb_spd` (`id_spd`, `nomor`, `tgl`, `pegawai`, `keperluan`, `asal`, `tujuan`, `tgl_berangkat`, `tgl_kembali`, `no_sprin`, `tgl_sprin`, `satker`, `ta`, `ma`, `jenis_pengeluaran`, `kelengkapan`, `pejabat`, `tingkat_biaya`, `transport`, `pengikut`, `ket`, `semua_peg`, `id_satker`, `id_user`) VALUES
(157, 'SPD-1053/PPK.4/10/2019', '2019-10-21', 152, 'Rapat Focus Group Discussion (FGD) Penyusunan Standar Kinerja BNPT Tahun 2020-2024 di Bandung', 'Bogor', 7, '2019-10-22', '2019-10-24', 'PR.00.04/3388/2019', '2019-10-21', 4, 65, '5099.952.057.524111', 'Dalam Negeri', '', 'KEPALA BNPT', 'C', 1, '35,57,84,296,130,363,239,377,49,174', '', '152,35,57,84,296,130,363,239,377,49,174', 4, 'ren1'),
(158, 'SPD-1054/PPK.4/10/2019', '2019-10-18', 152, 'Menghadiri Undangan Rapat Pembahasan Monitoring Evaluasi Kegiatan Tahun Anggaran 2019 dan Pembahasan Rencana Kerja Kedeputian Bidang Kerja Sama Internasional Tahun 2020 di Jakarta', 'Bogor', 8, '2019-10-21', '2019-10-21', 'SPRINT PR.05.02/............../2019', '2019-10-18', 4, 65, '5099.963.054.B.524111.', 'Dalam Negeri', '', 'SEKRETARIS UTAMA', 'C', 1, '5', '', '152,5', 4, 'dapel1'),
(160, 'SPD-1040/PPK.1/10/2019', '2019-10-21', 188, 'Melaksanakan Kegiatan Identifikasi Mantan Narapidana Kasus Terorisme Provinsi Jawa Tengah Tahun 2019', 'Sentul', 6, '2019-10-22', '2019-10-25', 'DT.02.02/3377/2019', '2019-10-16', 1, 62, '5096.010.002.056.52411 ', 'Dalam Negeri', '', 'Sekretaris Utama', 'C', 3, '451,453,447,456', '', '188,451,453,447,456', 1, 'binmas1'),
(161, 'SPD-1041/PPK.1/10/2019', '2019-10-21', 186, 'Melaksanakan Kegiatan Identifikasi Mantan Narapidana Kasus Terorisme Provinsi Jawa Tengah Tahun 2019', 'Sentul', 6, '2019-10-22', '2019-10-23', 'DT.02.02/3377/2019', '2019-10-16', 1, 62, '5096.010.002.056.52411 ', 'Dalam Negeri', '', 'Sekretaris Utama', 'C', 3, '192,193,191,195,194', '', '186,192,193,191,195,194', 1, 'binmas1'),
(162, 'SPD-1042/PPK.1/10/2019', '2019-10-21', 186, 'Melaksanakan Kegiatan Identifikasi Mantan Narapidana Kasus Terorisme Provinsi Jawa Tengah Tahun 2019', 'Sentul', 40, '2019-10-24', '2019-10-25', 'DT.02.02/3377/2019', '2019-10-16', 1, 62, '5096.010.002.056.52411 ', 'Dalam Negeri', '', 'Sekretaris Utama', 'C', 3, '192,193,191,195,194', '', '186,192,193,191,195,194', 1, 'binmas1'),
(163, 'SPD-1043/PPK.1/10/2019', '2019-10-21', 185, 'Melaksanakan Kegiatan Monitoring dan Pembinaan Kewirausahaan Kepada Sasaran Deradikalisasi Subdit Bina Masyarakat di Provinsi Jawa Tengah Tahun 2019', 'Sentul', 6, '2019-10-22', '2019-10-25', 'DT.02.03/3376/2019', '2019-10-16', 1, 62, '5096.010.002.053.52411 ', 'Dalam Negeri', '', 'Sekretaris Utama', 'C', 3, '187,189,458,455', '', '185,187,189,458,455', 1, 'binmas1'),
(164, 'SPD-1044/PPK.1/10/2019', '2019-10-21', 252, 'Menjadi Narasumber pada Kegiatan Monitoring dan Pembinaan Kewirausahaan Kepada Sasaran Deradikalisasi Subdit Bina Masyarakat di Provinsi Jawa Tengah Tahun 2019', 'Sentul', 6, '2019-10-22', '2019-10-23', 'DT.02.03/3383/2019', '2019-10-18', 1, 62, '5096.010.002.053.52411 ', 'Dalam Negeri', '', 'Sekretaris Utama', 'C', 3, '', '', '252', 1, 'binmas1'),
(165, 'SPD-1045/PPK.1/10/2019', '2019-10-21', 243, 'Menghadiri undangan Rapat Focus Group Discussion (FGD) Penyusunan Standar Kinerja BNPT 2020-2024 di Bandung', 'Bogor', 7, '2019-10-22', '2019-10-24', 'PT.01.01/........../2019', '0000-00-00', 1, 62, '5096.005.052.A.524111', 'DALAM NEGERI', '', 'SEKRETARIS UTAMA BNPT', 'C', 1, '', '', '243', 1, 'pengawasan1'),
(166, 'SPD-1056/PPK.4/10/2019', '2019-10-21', 58, 'Melaksanakan Pendampingan Kegiatan Pelibatan Perempuan sebagai Agen Perdamaian dalam Pencegahan Radikalisme dan Terorisme melalui FKPT D.I. Yogyakarta di Yogyakarta', 'Bogor', 35, '2019-10-22', '2019-10-25', 'KU.03.02/............/2019', '2019-10-21', 4, 65, '5099.955.051.B.524111', 'Dalam Negeri', '', 'SEKRETARIS UTAMA BNPT', 'C', 3, '65', '', '58,65', 4, 'keu2'),
(167, 'SPD-1046/PPK.1/10/2019', '2019-10-21', 237, 'mendampingi Kasubdit Pengamanan Objek Vital dan Transportasi dalam Kegiatan Rapat Focus Group Discussion (FGD) Penyusunan Standar Kinerja BNPT Tahun 2020-2024 di Bandung', 'Bogor', 7, '2019-10-22', '2019-10-24', 'PA.01.02/ ..... /2019', '0000-00-00', 1, 62, '5096.003.058.A', 'DALAM NEGERI', '', 'SEKRETARIS UTAMA BNPT', 'C', 1, '', '', '237', 1, 'obvit1'),
(169, 'SPD-1047/PPK.1/10/2019', '2019-10-21', 251, 'Melaksanakan Kegiatan Temu Mitra Program Deradikalisasi di Kairo, Mesir Tahun 2019', 'Sentul', 53, '2019-10-28', '2019-11-02', 'DT.02.02/3279/2019', '2019-10-01', 1, 62, '5096.010.002.057.524211', 'Luar Negeri', '', 'Sekretaris Utama', 'A', 3, '252,185,187,365,190', '', '251,252,185,187,365,190', 1, 'binmas1'),
(170, 'SPD-1057/PPK.4/10/2019', '2019-10-21', 196, 'Rapat Focus Group Discussion (FGD) Penyusunan Standar Kinerja BNPT Tahun 2020-2024 di Bandung', 'Bogor', 7, '2019-10-22', '2019-10-24', 'PR.00.04/3388/2019', '2019-10-21', 4, 65, '5099.952.057.524111', 'Dalam Negeri', '', 'KEPALA BNPT', 'C', 1, '197,209,368,387,223,232,290,322,346,4', '', '196,197,209,368,387,223,232,290,322,346,4', 4, 'ren1'),
(171, 'SPD-1058/PPK.4/10/2019', '2019-10-21', 309, 'Rapat Focus Group Discussion (FGD) Penyusunan Standar Kinerja BNPT Tahun 2020-2024 di Bandung', 'Bogor', 7, '2019-10-22', '2019-10-24', 'PR.00.04/3388/2019', '2019-10-21', 4, 65, '5099.952.057.524111', 'Dalam Negeri', '', 'KEPALA BNPT', 'C', 1, '190,207,355,219,340,283,8,11', '', '309,190,207,355,219,340,283,8,11', 4, 'ren1'),
(172, 'SPD-1059/PPK.4/10/2019', '2019-10-21', 74, 'Rapat Focus Group Discussion (FGD) Penyusunan Standar Kinerja BNPT Tahun 2020-2024 di Bandung', 'Bogor', 7, '2019-10-22', '2019-10-25', 'PR.00.04/3388/2019', '2019-10-21', 4, 65, '5099.952.057.524111', 'Dalam Negeri', '', 'KEPALA BNPT', 'C', 1, '76,78,79,80,82,81,24,83', '', '74,76,78,79,80,82,81,24,83', 4, 'ren1'),
(173, 'SPD-1048/PPK.1/10/2019', '2019-10-18', 185, 'Menjadi Narasumber Seminar Deradikalisasi dengan tema Membangun Wawasan Keagamaan dan Kebangsaan yang Seimbang di Serpong', 'Sentul', 72, '2019-10-19', '2019-10-19', 'DT.02.01/3386/2019', '2019-10-18', 1, 62, '5096.010.002.052.524111 ', 'Dalam Negeri', '', 'Sekretaris Utama', 'C', 1, '', '', '185', 1, 'binmas1'),
(175, 'SPD-1060/PPK.4/10/2019', '2019-10-22', 59, 'Rapat Focus Group Discussion (FGD) Penyusunan Standar Kinerja BNPT Tahun 2020-2024 di Bandung', 'Bogor', 7, '2019-10-22', '2019-10-23', 'KU.03.02/................/2019', '2019-10-21', 4, 62, '5099.955.051B.524111', 'Dalam Negeri', '', 'SEKRETARIS UTAMA BNPT', 'C', 1, '', '', '59', 4, 'keu2'),
(176, 'SPD-1050/PPK.1/10/2019', '2019-10-22', 254, 'Menjadi Narasumber dan Moderator dalam Kegitan Konsinyering Hasil Monitoring dan Evaluasi SOP Penanganan Aksi Terorisme di Satuan Pendidikan Kerjasama/ Sekolah Internasional TA. 2019 di Jakarta', 'Bogor', 8, '2019-10-24', '2019-10-24', 'PA.02.02/3373/2019', '2019-10-15', 1, 62, '5096.003.059 B.521219', 'LS', '', 'SEKRETARIS UTAMA', 'B', 1, '223,225,497', '', '254,223,225,497', 1, 'pamling1'),
(177, 'SPD-1061/PPK.4/10/2019', '2019-10-21', 5, 'Monitoring dan Evaluasi Rapat Focus Group Discussion (FGD) Penyusunan Standar Kinerja BNPT Tahun 2020-2024 di Bandung', 'Bogor', 7, '2019-10-22', '2019-10-25', 'PR.05.02/............./2019', '2019-10-21', 4, 65, '5099.963.054.B.524111', 'Dalam Negeri', '', 'Sekretaris Utama BNPT', 'C', 1, '7', '', '5,7', 4, 'dapel1'),
(178, 'SPD-1051/PPK.1/10/2019', '2019-10-22', 224, 'Menjadi Panitia dalam Kegiatan Konsinyering Hasil Monitoring dan Evaluasi Penanganan Aksi Terorisme di Satuan Pendidikan Kerjasama/ Sekolah Internasional TA. 2019 di Jakarta', 'Bogor', 8, '2019-10-24', '2019-10-25', 'PA.02.02/3374/2019', '2019-10-15', 1, 62, '5096.003.059 B.521219', 'LS', '', 'SEKRETARIS UTAMA', 'C', 1, '228,231', '', '224,228,231', 1, 'pamling1'),
(180, 'SPD-1013/PPK.3/10/2019', '2019-10-22', 388, '	Menghadiri Global Counter Terrorism Forum (GCTF) Expert Meeting on the Criminal Justice Responses to the Linkages between Terrorism, the Financing of Terrorism, Corruption and Other Financial Crimes, di London tanggal 27 Oktober s/d 1 November 2019', 'Jakarta', 51, '2019-10-27', '2019-11-01', 'HI.01.00/3324/2019', '2019-10-10', 3, 64, '5098.003.052.521219', 'Luar Negeri', '', 'KEPALA BNPT', 'D', 3, '383', '', '388,383', 3, 'pwni1'),
(181, 'SPD-1052/PPK.1/10/2019', '2019-10-22', 254, 'Menjadi Pelaksana dalam Kegiatan Kemitraan dengan Pemerintah Negara Vietnam dalam Menghadapi Ancaman dan Serangan Terorisme di Hanoi Vietnam', 'Bogor', 56, '2019-10-29', '2019-11-02', 'PA.02.02/3267/2019', '2019-10-01', 1, 62, '5096.002.054 B.524219', 'LS', '', 'KEPALA BNPT', 'B', 3, '223,551,225,229', '', '254,223,551,225,229', 1, 'pamling1'),
(182, 'SPD-1014/PPK.3/10/2019', '2019-10-22', 394, 'Melaksanakan kegiatan pertemuan Second Needs Assessment Visit Hedayah on Needs Assessment Report Supporting Families in CVE di Jakarta;', 'Jakarta', 8, '2019-10-22', '2019-10-22', 'KR.02.00/            /2019', '2019-10-22', 3, 64, '5098.005.052.(521211,522151,524114)', 'Dalam Negeri', '', 'KEPALA BNPT', 'A', 1, '550,552,376,369,378,370', '', '394,550,552,376,369,378,370', 3, 'pwni1'),
(183, 'SPD-1015/PPK.3/10/2019', '2019-10-22', 371, 'Melaksanakan kegiatan pertemuan Second Needs Assessment Visit Hedayah on Needs Assessment Report Supporting Families in CVE di Jakarta;', 'Jakarta', 8, '2019-10-22', '2019-10-22', 'Sprint- KB.02.00/                /2019', '2019-10-22', 3, 64, '5098.005.052.(521211,522151,524114)', 'Dalam Negeri', '', 'KEPALA BNPT', 'C', 1, '379,380,372,398,373,401', '', '371,379,380,372,398,373,401', 3, 'pwni1'),
(184, 'SPD-1053/PPK.1/10/2019', '2019-10-21', 408, 'Melaksanakan Peliputan Kegiatan Deputi Bidang Pencegahan, Perlindungan dan Deradikalisasi BNPT pada acara Rembuk Aparatur Kelurahan dan Desa tentang Literasi Informasi melalui FKPT Provinsi Kalimantan Selatan.', 'Bogor', 43, '2019-10-23', '2019-10-25', 'PT.02.02/........ /2019', '0000-00-00', 1, 62, '5096.007.51B.521219', 'Dalam Negeri', '', 'SEKRETARIS UTAMA BNPT', 'D', 3, '424', '', '408,424', 1, 'kontra1'),
(185, 'SPD-1054/PPK.1/10/2019', '2019-10-22', 233, 'Menghadiri Undangan Rapat Pembahasan Perjanjian Kerjasama (PKS) antara BNPT dengan BMKG', 'Bogor', 8, '2019-10-23', '2019-10-23', 'PA.01.02/........../2019', '2019-10-22', 1, 62, '5096.003.058.A.524111', 'Dalam Negeri', '', 'Sekretaris Utama BNPT', 'C', 1, '', '', '233', 1, 'obvit1'),
(186, 'SPD-1055/PPK.1/10/2019', '2019-10-18', 251, 'Menhadiri dan Mendampingi Deputi Bidang Pencegahan, Perlindungan, dan Deradikalisasi Kegiatan Rapat Terbatas Pimpinan Tinggi BPIP di Jakarta', 'Sentul', 8, '2019-10-19', '2019-10-19', 'DT.02.01/3397/2019', '2019-10-18', 1, 62, '5096.010.002.052.524111', 'Dalam Negeri', '', 'Sekretaris Utama', 'A', 1, '268,269,264', '', '251,268,269,264', 1, 'binmas1'),
(188, 'SPD-1057/PPK.1/10/2019', '2019-10-21', 196, 'Menghadiri Rapat Pembahasan Perjanjian Kerja Sama (PKS) antara BNPT dengan BMKG di Hotel Royal Kuningan Jakarta', 'Bogor', 8, '2019-10-23', '2019-10-23', 'PT.02.02/........ /2019', '0000-00-00', 1, 62, '5096.007.051.B.521219', 'Dalam Negeri', '', 'SEKRETARIS UTAMA BNPT', 'C', 1, '200', '', '196,200', 1, 'kontra1'),
(189, 'SPD-1062/PPK.4/10/2019', '2019-10-02', 92, 'Melaksanakan Tugas Pengurusan STNK Kendaraan Dinas di Jakarta', 'Bogor', 8, '2019-10-03', '2019-10-04', 'RT.01.01/3287/2019', '2019-10-02', 4, 65, '5099.994.002.B.524111', 'Belanja Perjalanan Dinas Biasa', '', 'Sekretaris Utama', 'C', 1, '124', '', '92,124', 4, 'rumga1'),
(190, 'SPD-1058/PPK.1/10/2019', '2019-10-22', 158, 'Melaksanakan Kegiatan Sinergitas Penanganan dan Identifikasi Korban Terorisme Serta Persiapan Pelibatan Korban Terorisme Dalam Program Deradikalisasi Dalam Lapas di Kota Batu, Provinsi Jawa Timur', 'Bogor', 41, '2019-10-23', '2019-10-25', 'DT.01.02/3402/2019', '2019-10-22', 1, 62, '5096.010001', 'Perjalanan Dinas Dalam Negeri', '', 'Sekretaris Utama BNPT', 'D', 3, '159,173', '', '158,159,173', 1, 'dalpas1'),
(191, 'SPD-1059/PPK.1/10/2019', '2019-10-22', 254, 'Menjadi Narasumber Kegiatan Sinergitas Penanganan dan Identifikasi Korban Terorisme serta Persiapan Pelibatan Korban Terorisme dalam Program Deradikalisasi Dalam Lapas di Kota Batu, Provinsi Jawa Timur', 'Bogor', 41, '2019-10-23', '2019-10-25', 'DT.01.02/3404/2019', '2019-10-22', 1, 62, '5096.010001', 'Perjalanan Dinas Dalam Negeri', '', 'Sekretaris Utama BNPT', 'B', 3, '252,217', '', '254,252,217', 1, 'dalpas1'),
(192, 'SPD-1060/PPK.1/10/2019', '2019-10-23', 459, 'Melaksanakan Kegiatan Monitoring Pembinaan Kewirausahaan Pada Program Deradikalisasi Subdit Bina Masyarakat  Di Provinsi Banten', 'Sentul', 72, '2019-10-24', '2019-10-25', 'DT.02.02/3416/2019', '1900-11-23', 1, 62, '5096.010.002.053.524111 ', 'Dalam Negeri', '', 'Sekretaris Utama', 'C', 1, '448,449', '', '459,448,449', 1, 'binmas1'),
(193, 'SPD-1061/PPK.1/10/2019', '2019-10-18', 186, 'Melaksanakan Koordinasi Penyusunan Materi Deradikalisasi dengan Badan Pengembangan Sumber Daya Manusia Kemenkumham Jakarta', 'Sentul', 8, '2019-10-21', '2019-10-21', '3375', '2019-10-16', 1, 62, '5096.010.002.052.524111 ', 'Dalam Negeri', '', 'Sekretaris Utama', 'C', 1, '190,449', '', '186,190,449', 1, 'binmas1'),
(194, 'SPD-1062/PPK.1/10/2019', '2019-10-25', 186, 'Melaksanakan Koordinasi Penyusunan Materi Deradikalisasi dengan Badan Pengembangan Sumber Daya Manusia Kemenkumham Jakarta', 'Sentul', 8, '2019-10-28', '2019-10-29', '3378', '2019-10-16', 1, 62, '5096.010.002.052.524111 ', 'Dalam Negeri', '', 'Sekretaris Utama', 'C', 1, '449', '', '186,449', 1, 'binmas1'),
(195, 'SPD-1063/PPK.1/10/2019', '2019-10-23', 253, 'Melaksanakan Kegiatan Diseminasi Hasil Survei Nasional dan Penelitian Eksplorasi Kearifan Lokal Melalui FKPT Bali di Dendapasar', 'Bogor', 1, '2019-10-23', '2019-10-25', '3405', '2019-10-22', 1, 62, '5096.009.051.B.521219', 'DALAM NEGERI', '', 'SEKRETARIS UTAMA BNPT', 'B', 3, '270,427', '', '253,270,427', 1, 'fkpt'),
(196, 'SPD-1063/PPK.4/09/2019', '2019-09-30', 129, 'Menghadiri Undangan Peringatan Hari Kesaktian Pancasila di Jakarta', 'Bogor', 8, '2019-10-01', '2019-10-01', '', '0000-00-00', 4, 65, '5729.965.055B.524111', 'Belanja Perjalanan Biasa', '', 'Sekretaris Utama BNPT', 'C', 1, '', '', '129', 4, 'inspek1'),
(197, 'SPD-1064/PPK.1/10/2019', '2019-10-23', 684, 'Melaksanakan Kegiatan Diseminasi Hasil Survei Nasional dan Penelitian Eksplorasi Kearifan Lokal Melalui FKPT Bali di Denpasar', 'Bogor', 1, '2019-10-23', '2019-10-24', '3405', '2019-10-22', 1, 62, '5096.009.051.B.521219', 'DALAM NEGERI', '', 'SEKRETARIS UTAMA BNPT', 'C', 3, '', '', '684', 1, 'fkpt'),
(198, 'SPD-1034/PPK.2/10/2019', '2019-10-23', 273, 'Melaksanakan Kegiatan Pelatihan Sistem Informasi Crisis Center Di Jakarta', 'Bogor', 8, '2019-10-28', '2019-11-01', 'PK.01.02/3412/2019', '2019-10-23', 2, 63, '5097.002.052.521219', 'Dalam Negeri', '', 'SEKRETARIS UTAMA BNPT', 'C', 1, '322,85,311,319,320,70,326,353', '', '273,322,85,311,319,320,70,326,353', 2, 'latih1'),
(199, 'SPD-1035/PPK.2/10/2019', '2019-10-23', 306, 'Melaksanakan Kegiatan Pelatihan Sistem Informasi Crisis Center Di Jakarta', 'Bogor', 8, '2019-10-28', '2019-11-01', 'PK.01.02/3412/2019', '2019-10-23', 2, 63, '5097.002.052.521219', 'Dalam Negeri', '', 'SEKRETARIS UTAMA BNPT', 'C', 1, '308,307,310,317,324,328,501,502,515', '', '306,308,307,310,317,324,328,501,502,515', 2, 'latih1'),
(200, 'SPD-1064/PPK.4/10/2019', '2019-10-21', 85, 'Melaksanakan Konsinyasi Evaluasi Pedoman dan Kinerja Penatausahaan Aset BNPT dalam Proses Penyusunan Laporan Barang Milik Negara Unaudited Tahun 2019 di Jakarta', 'Bogor', 8, '2019-10-22', '2019-10-23', 'PL.03.05/        /2019', '2019-10-21', 4, 65, '5099.956.051', 'DALAM NEGERI', '', 'SEKRETARIS UTAMA', 'C', 1, '86,87,94,101,93,92,260,121,120,108', '', '85,86,87,94,101,93,92,260,121,120,108', 4, 'rumga1'),
(201, 'SPD-1065/PPK.4/10/2019', '2019-10-23', 26, 'Melaksanakan Tugas Kehumasan Meliput Kegiatan Sekretaris Utama BNPT Menjadi Narasumber pada Rapat Koordinasi Penguatan Wawasan Kebangsaan ASN Kementerian Pendayagunaan Aparatur Negara dan Reformasi Birokrasi RI di Jakarta', 'Bogor', 8, '2019-10-24', '2019-10-24', 'HM.00.04/............/2019', '2019-10-23', 4, 65, '5099.958.055', 'Dalam Negeri', '', 'Sekretaris Utama', 'C', 1, '124,695', '', '26,124,695', 4, 'humas1'),
(202, 'SPD-1036/PPK.2/10/2019', '2019-10-23', 282, 'Melaksanakan Kegiatan Pelatihan  Sistem Informasi Crisis Center Di Jakarta', 'Bogor', 8, '2019-10-28', '2019-11-01', 'PK.01.02/3412/2019', '2019-10-23', 2, 63, '5097.002.052.521219', 'Dalam Negeri', '', 'SEKRETARIS UTAMA BNPT', 'C', 1, '88,700,699,705', '', '282,88,700,699,705', 2, 'latih1'),
(203, 'SPD-1066/PPK.4/10/2019', '2019-10-04', 98, 'Menghadiri Konferensi Ilmiah "The 2nd Bandung International Conference on Collaborative Health Research"', 'Bogor', 7, '2019-10-06', '2019-10-09', 'RT.01.01/3013/2019', '2019-09-30', 4, 65, '5009.962.055.B.524113', 'Belanja Perjalanan Dinas Dalam Kota ', '', 'Sekretaris Utama', 'C', 1, '698,100,99', '', '98,698,100,99', 4, 'rumga1'),
(204, 'SPD-1065/PPK.1/10/2019', '2019-10-21', 196, 'Menghadiri rapat koordinasi membahas optimalisasi fungsi bimbingan masyarakat sebagai upaya pencegahan radikalisme anak di Rupat NKRI Wantannas Gd.A Kemenko Polhukam RI, Jakarta', 'Bogor', 8, '2019-10-24', '2019-10-24', 'PT.02.02/........ /2019', '0000-00-00', 1, 62, '5096.007.51B.521219', 'Dalam Negeri', '', 'SEKRETARIS UTAMA BNPT', 'C', 1, '200', '', '196,200', 1, 'kontra1'),
(205, 'SPD-1066/PPK.1/10/2019', '2019-10-21', 409, 'Melaksanakan Peliputan kegiatan Kepala BNPT menjadi narasumber pada Rapat Koordinasi Penguatan Wawasan Kebangsaan ASN di Kemenpan RB Jakarta', 'Bogor', 8, '2019-10-24', '2019-10-24', 'PT.02.02/........ /2019', '0000-00-00', 1, 62, '5096.007.51B.521219', 'Dalam Negeri', '', 'SEKRETARIS UTAMA BNPT', 'D', 1, '415', '', '409,415', 1, 'kontra1'),
(206, 'SPD-1067/PPK.4/10/2019', '2019-10-30', 84, 'Menghadiri Undangan Forum Penelaahan Rencana Kebutuhan  Barang Milik Negara (RKBMN) Tahun 2021 di Direktorat Jenderal Kekayaan Negara Jakarta', 'Bogor', 8, '2019-10-31', '2019-11-01', 'PL.00.00/           /2019', '2019-10-30', 4, 65, '5099.956.051.524111', 'DALAM NEGERI', '', 'SEKRETARIS UTAMA', 'C', 1, '85,87,132,94,78,121,120,81', '', '84,85,87,132,94,78,121,120,81', 4, 'rumga2'),
(207, 'SPD-1067/PPK.1/10/2019', '2019-10-17', 208, 'Melaksanakan Kegiatan Rapat III Penyusunan Buku Pedoman Materi Sosialisasi Pencegahan Terorisme Tahun Anggaran 2019 di Sentul, Bogor', 'Bogor', 58, '2019-10-21', '2019-10-23', 'PT.02.02/........ /2019', '0000-00-00', 1, 62, '5096.007.51B.521219', 'Dalam Negeri', '', 'SEKRETARIS UTAMA BNPT', 'D', 1, '240,204', '', '208,240,204', 1, 'kontra1'),
(208, 'SPD-1068/PPK.4/10/2019', '2019-10-23', 84, 'Melaksanakan Evaluasi Safari Arsip BNPT di Jakarta', 'Bogor', 8, '2019-10-24', '2019-10-25', 'KA.01.01/3398/2019', '2019-10-21', 4, 65, '5099.962.052', 'Belanja Perjalanan Dinas Biasa', '', 'Sekretaris Utama', 'C', 1, '85,86,92,93,260,91,87', '', '84,85,86,92,93,260,91,87', 4, 'rumga1'),
(209, 'SPD-1069/PPK.4/10/2019', '2019-10-23', 94, 'Melaksanakan Evaluasi Safari Arsip BNPT di Jakarta', 'Bogor', 8, '2019-10-24', '2019-10-25', 'KA.01.01/3398/2019', '2019-10-21', 4, 65, '5099.962.052', 'Belanja Perjalanan Dinas Biasa', '', 'Sekretaris Utama', 'C', 1, '101,121,120,108,122,155,125', '', '94,101,121,120,108,122,155,125', 4, 'rumga1'),
(210, 'SPD-1070/PPK.4/10/2019', '2019-10-24', 152, 'MENGHADIRI UNDANGAN KEPALA BIRO HUKUM KEMENTERIAN PERTANIAN SEKRETARIAT JENDRAL DI BOGOR', 'BOGOR', 58, '2019-10-25', '2019-10-25', 'HM.02.00/.........../2019', '2019-10-24', 4, 65, '5099.008.051.E.524111.', 'DALAM NEGERI', '', 'SEKRETARIS UTAMA BNPT', 'B', 1, '4,8', '', '152,4,8', 4, 'dapel1'),
(211, 'SPD-1071/PPK.4/09/2019', '2019-09-30', 138, 'PEMANTAUAN KEGIATAN REEDUKASI NARAPIDANA TINDAK PIDANA TERORISME DI DALAM LEMBAGA PEMASYARAKATAN/ RUMAH TAHANAN NEGARA TAHUN 2019 DI TEGAL, JAWA TENGAH', 'Bogor', 6, '2019-10-01', '2019-10-04', 'PW.01.01.00/3036/2019', '2019-09-30', 4, 65, '5729.965.052.524111', 'Dalam Negeri', '', 'SEKRETARIS UTAMA', 'C', 1, '139', '', '138,139', 4, 'inspek1'),
(212, 'SPD-1072/PPK.4/10/2019', '2019-10-24', 129, 'Menghadiri Undangan Konsinyering Pengelolaan Pengaduan Pelayanan Publik Nasional SP4N-LAPOR di Jakarta', 'Bogor', 8, '2019-10-25', '2019-10-25', '', '0000-00-00', 4, 65, '5729.965.055A.524111', 'Belanja Perjalanan Biasa', '', 'Sekretaris Utama BNPT', 'C', 1, '', '', '129', 4, 'inspek1'),
(213, 'SPD-1073/PPK.4/10/2019', '2019-10-25', 64, 'Pendampingan Pelibatan Perempuan sebagai Agen Perdamaian dalam Pencegahan Radikalisme dan Terorisme melalui FKPT Kalimantan Barat di Pontianak', 'Bogor', 12, '2019-10-27', '2019-10-29', 'KU.00.02/........../2019', '2019-10-25', 4, 65, '5099.955.051.B.524111', 'Dalam Negeri', '', 'SEKRETARIS UTAMA BNPT', 'C', 3, '', '', '64', 4, 'keu2'),
(214, 'SPD-1074/PPK.4/10/2019', '2019-10-24', 59, 'Sosialisasi Surat Edaran Direktur Jenderal Perbendaharaan Nomor SE-74/PB/2019 di KPPN Jakarta IV', 'Bogor', 8, '2019-10-24', '2019-10-24', 'KU.03.02/................/2019', '2019-10-24', 4, 65, '5099.955.051B.524111', 'Dalam Negeri', '', 'SEKRETARIS UTAMA BNPT', 'C', 1, '63', '', '59,63', 4, 'keu2'),
(215, 'SPD-1068/PPK.1/10/2019', '2019-10-18', 174, 'Rapat Pengolahan Data Instrumen Hasil Verifikasi Kandidat WBP Angkatan IV Pusat Deradikalisasi', 'Bogor', 68, '2019-10-18', '2019-10-18', 'DT.03.01/3389/2019', '2019-10-17', 1, 62, '5096.008.056', 'Dalam Negeri', '', 'Sekretaris Utama', 'C', 1, '175,160,184,181,178', '', '174,175,160,184,181,178', 1, 'binlapsus1'),
(216, 'SPD-1069/PPK.1/10/2019', '2019-10-24', 174, 'Rapat Pembahasan Hasil Verifikasi Kandidat WBP Angkatan IV di Pusat Deradikalisasi', 'Bogor', 8, '2019-10-24', '2019-10-25', 'DT.03.01/3390/2019', '2019-10-21', 1, 62, '5096.008.056', 'Dalam Negeri', '', 'Sekretaris Utama', 'C', 1, '175,160,181,184,178', '', '174,175,160,181,184,178', 1, 'binlapsus1'),
(217, 'SPD-1016/PPK.3/10/2019', '2019-10-01', 357, 'Melaksanakan Kegiatan Administrasi dan Pengelolaan Keuangan Direktorat Kerjasama Bilateral periode Oktober 2019 di Sentul, Bogor', 'Jakarta', 58, '2019-10-01', '2019-10-01', 'Sprint- KB.01.00/3340/2019', '2019-10-14', 3, 64, '5098.001.052B.524111', 'Belanja Perjalanan Dinas Biasa', '', 'KEPALA BNPT', 'C', 1, '352,362', '', '357,352,362', 3, 'aspasaf1'),
(218, 'SPD-1017/PPK.3/10/2019', '2019-10-04', 357, 'Melaksanakan Kegiatan Administrasi dan Pengelolaan Keuangan Direktorat Kerjasama Bilateral periode Oktober 2019 di Sentul, Bogor', 'Jakarta', 58, '2019-10-04', '2019-10-04', 'Sprint- KB.01.00/3340/2019	', '2019-10-14', 3, 64, '5098.001.052B.524111', 'Belanja Perjalanan Dinas Biasa', '', 'KEPALA BNPT', 'C', 1, '352,362', '', '357,352,362', 3, 'aspasaf1'),
(219, 'SPD-1018/PPK.3/10/2019', '2019-10-10', 357, 'Melaksanakan Kegiatan Administrasi dan Pengelolaan Keuangan Direktorat Kerjasama Bilateral periode Oktober 2019 di Sentul, Bogor\r\n', 'Jakarta', 58, '2019-10-10', '2019-10-10', 'Sprint- KB.01.00/3340/2019', '2019-10-14', 3, 64, '5098.001.052B.524111', 'Belanja Perjalanan Dinas Biasa', '', 'KEPALA BNPT', 'C', 1, '352,362', '', '357,352,362', 3, 'aspasaf1'),
(220, 'SPD-1019/PPK.3/10/2019', '2019-10-14', 357, 'Melaksanakan Kegiatan Administrasi dan Pengelolaan Keuangan Direktorat Kerjasama Bilateral periode Oktober 2019 di Sentul, Bogor', 'Jakarta', 58, '2019-10-14', '2019-10-14', 'Sprint- KB.01.00/3340/2019	', '2019-10-14', 3, 64, '5098.001.052B.524111', 'Belanja Perjalanan Dinas Biasa', '', 'KEPALA BNPT', 'C', 1, '352,362', '', '357,352,362', 3, 'aspasaf1'),
(221, 'SPD-1020/PPK.3/10/2019', '2019-10-21', 394, 'Melaksanakan kegiatan pertemuan Second Needs Assessment Visit Hedayah on Needs Assessment Report Supporting Families in CVE  di Jakarta;', 'JAKARTA', 8, '2019-10-22', '2019-10-22', 'KR.02.00/          /2019', '2019-10-21', 3, 64, '5098.005.052', 'Belanja Perjalanan Dinas Lainnya Luar Negeri', '', 'KEPALA BNPT', 'A', 1, '550,552,376,369,378,370,371,380,379,372,398,373,401', '', '394,550,552,376,369,378,370,371,380,379,372,398,373,401', 3, 'multi1'),
(222, 'SPD-1070/PPK.1/10/2019', '2019-10-24', 454, 'Mengahdiri Undangan FGD ke-3 Penyusunan Kajian Perlindungan Anak Korban Konflik di Jakarta', 'Sentul', 8, '2019-10-25', '2019-10-25', '', '0000-00-00', 1, 62, '', 'Dalam Negeri', '', 'Sekretaris Utama', 'C', 1, '', '', '454', 1, 'binmas1'),
(223, 'SPD-1037/PPK.2/10/2019', '2019-10-28', 567, 'Melaksanakan Monitoring Sidang Perkara Tindak Pidana Terorisme', 'Bogor', 8, '2019-10-29', '2019-10-29', 'PH.02.00/2975/2019', '2019-09-27', 2, 63, '5097.004.054.B.524111', 'Dalam Negeri', '', 'Dr. A. Adang Supriyadi', 'C', 1, '571,572,575,576,573,574,578,581,582,579,580', '', '567,571,572,575,576,573,574,578,581,582,579,580', 2, 'hubal1'),
(224, 'SPD-1038/PPK.2/10/2019', '2019-10-17', 568, 'Melaksanakan Monitoring Sidang Perkara Tindak Pidana Terorisme', 'Bogor', 8, '2019-10-18', '2019-10-18', 'PH.02.00/2975/2019', '2019-09-27', 2, 63, '5097.004.054.B.521219', 'Dalam Negeri', '', 'Dr. A. Adang Supriyadi', 'C', 1, '569,570,575,576,573,574,577,579,580,581,582', '', '568,569,570,575,576,573,574,577,579,580,581,582', 2, 'hubal1'),
(225, 'SPD-1039/PPK.2/10/2019', '2019-10-21', 567, 'Melaksanakan Monitoring Sidang Perkara Tindak Pidana Terorisme', 'Bogor', 8, '2019-10-22', '2019-10-22', 'PH.02.00/2975/2019', '2019-09-27', 2, 63, '5097.004.054.B.521219', 'Dalam Negeri', '', 'Dr. A. Adang Supriyadi', 'C', 1, '571,572,573,574,575,576,578,582,581,580,579', '', '567,571,572,573,574,575,576,578,582,581,580,579', 2, 'hubal1'),
(226, 'SPD-1040/PPK.2/10/2019', '2019-10-23', 341, 'Melaksanakan Monitoring Sidang Perkara Tindak Pidana Terorisme', 'Bogor', 8, '2019-10-24', '2019-10-24', 'PH.02.00/2975/2019', '2019-09-27', 2, 63, '5097.004.054.B.521219', 'Dalam Negeri', '', 'Dr. A. Adang Supriyadi', 'C', 1, '344,333,335,426,568,570,571,574,575,578,580', '', '341,344,333,335,426,568,570,571,574,575,578,580', 2, 'hubal1'),
(227, 'SPD-1041/PPK.2/10/2019', '2019-10-24', 568, 'Melaksanakan Monitoring Sidang Perkara Tindak Pidana Terorisme', 'Bogor', 8, '2019-10-25', '2019-10-25', 'PH.02.00/2975/2019', '2019-09-27', 2, 63, 'PH.02.00/2975/2019', 'Dalam Negeri', '', 'Dr. A. Adang Supriyadi', 'C', 1, '569,570,573,574,575,576,577,579,580,581,582', '', '568,569,570,573,574,575,576,577,579,580,581,582', 2, 'hubal1'),
(228, 'SPD-1021/PPK.3/10/2019', '2019-10-25', 394, 'Melaksanakan Rapat Inter Kementerian Pembahasan Persiapan  Penandatanganan Memorandum of Understanding on Combatting International Terrorism antara Indonesia dengan Korea Selatan  di Bogor, Jawa Barat', 'Jakarta', 58, '2019-10-28', '2019-10-30', 'Sprint- KB.01.00/...................../2019	', '2019-10-25', 3, 64, '5098.001.052D.524211', 'Belanja Perjalanan Dinas Biasa', '', 'KEPALA BNPT', 'A', 1, '396,363,356,355,364,357,358,366', '', '394,396,363,356,355,364,357,358,366', 3, 'aspasaf1'),
(229, 'SPD-1022/PPK.3/10/2019', '2019-10-10', 377, 'Menghadiri Global Counter Terrorism Global (GCTF) Expert Meeting on The Criminal Justice Responses to The Linkages between Terrorism, Coruption and Other Financials Crimes di London Inggris.', 'JAKARTA', 73, '2019-10-27', '2019-11-01', 'HI.01.00/3324/2019', '2019-10-10', 3, 64, '5098.005.053.521219', 'Belanja Perjalanan Dinas Lainnya Luar Negeri', '', 'KEPALA BNPT', 'C', 3, '371', '', '377,371', 3, 'multi1'),
(230, 'SPD-1023/PPK.3/10/2019', '2019-10-25', 352, 'Melaksanakan Rapat Inter Kementerian Pembahasan Persiapan  Penandatanganan Memorandum of Understanding on Combatting International Terrorism antara Indonesia dengan Korea Selatan  di Bogor, Jawa Barat', 'Jakarta', 58, '2019-10-28', '2019-10-30', 'Sprint- KB.01.00/.................../2019', '0000-00-00', 3, 64, '5098.001.052D.524111', 'Belanja Perjalanan Dinas Biasa', '', 'KEPALA BNPT', 'C', 1, '360,359,367,361,399,362,555,401', '', '352,360,359,367,361,399,362,555,401', 3, 'aspasaf1'),
(231, 'SPD-1075/PPK.4/10/2019', '2019-10-22', 151, 'Pengembangan Aplikasi SIP Tahap Pertama', 'Bogor', 8, '2019-10-23', '2019-10-26', 'KP.12.00/         /2019', '2019-10-22', 4, 65, '5099.960.051', 'Dalam Negeri', '', 'Dr. A. Adang Supriyadi', '', 1, '48,50,60,51,52,70,553,56', '', '151,48,50,60,51,52,70,553,56', 4, 'kepeg1'),
(232, 'SPD-1076/PPK.4/10/2019', '2019-10-22', 47, 'Pengembangan Aplikasi SIP Tahap Pertama', 'Bogor', 8, '2019-10-23', '2019-10-26', 'KP.12.00/         /2019', '2019-10-22', 4, 65, '5099.960.051', 'Dalam Negeri', '', 'Dr. A. Adang Supriyadi', '', 1, '53,55,54,423,518,155,154', '', '47,53,55,54,423,518,155,154', 4, 'kepeg1'),
(233, 'SPD-1077/PPK.4/10/2019', '2019-10-22', 49, 'Pengembangan Aplikasi SIP Tahap Pertama', 'Bogor', 8, '2019-10-25', '2019-10-26', 'KP.12.00/         /2019', '2019-10-22', 4, 65, '5099.960.051', 'Dalam Negeri', '', 'Dr. A. Adang Supriyadi', '', 1, '', '', '49', 4, 'kepeg1'),
(234, 'SPD-1024/PPK.3/10/2019', '2019-10-25', 394, 'Melaksanakan Rapat Inter Kementerian Pembahasan Persiapan Pertemuan Joint Working Group RI-Spanyol di Bogor, Jawa Barat', 'Jakarta', 58, '2019-10-31', '2019-11-02', 'Sprint- KB.02.00/................../2019	', '2019-10-25', 3, 64, '5098.001.052D.524111', 'Belanja Perjalanan Dinas Biasa', '', 'KEPALA BNPT', 'A', 1, '396,363,356,355,364,357,358,366', '', '394,396,363,356,355,364,357,358,366', 3, 'amerop1'),
(235, 'SPD-1025/PPK.3/10/2019', '2019-10-25', 352, 'Melaksanakan Rapat Inter Kementerian Pembahasan Persiapan Pertemuan Joint Working Group RI-Spanyol di Bogor, Jawa Barat', 'Jakarta', 58, '2019-10-31', '2019-11-02', 'Sprint- KB.02.00/..................../2019', '2019-10-25', 3, 64, '5098.001.052D.524111', 'Belanja Perjalanan Dinas Biasa', '', 'KEPALA BNPT', 'C', 1, '360,359,367,361,399,362,555,401', '', '352,360,359,367,361,399,362,555,401', 3, 'amerop1'),
(237, 'SPD-1078/PPK.4/10/2019', '2019-10-15', 130, 'Menjadi Narasumber Pada Kegiatan Pelibatan Perempuan Sebagai Agen Perdamaian Dalam Pencegahan Radikalisme Dan Terorisme Melalui FKPT Prov. Jawa Barat, di Bandung, Jawa Barat', 'Bogor', 7, '2019-10-16', '2019-10-18', '', '0000-00-00', 4, 65, '5729.965.055A.524111', 'Belanja Perjalanan Biasa', '', 'Sekretaris Utama BNPT', 'C', 1, '', '', '130', 4, 'inspek1'),
(239, 'SPD-1072/PPK.1/10/2019', '2019-10-25', 646, 'Melaksanakan Kegiatan Pelibatan Perempuan Sebagai Agen Perdamaian Dalam Pencegahan Radikalisme dan Terorisme Melalui FKPT Kalimantan Tengah di Palangkaraya', 'Bogor', 31, '2019-10-30', '2019-11-01', '3420', '2019-10-25', 1, 62, '5096.009.051.B.521219', 'DALAM NEGERI', '', 'SEKRETARIS UTAMA BNPT', 'C', 2, '650,68,437,436', '', '646,650,68,437,436', 1, 'fkpt'),
(240, 'SPD-1073/PPK.1/10/2019', '2019-10-25', 208, 'Melaksanakan Kegiatan Pelibatan Perempuan Sebagai Agen Perdamaian Dalam Pencegahan Radikalisme dan Terorisme Melalui FKPT Kalimantan Tengah di Palangkaraya', 'Bogor', 31, '2019-10-30', '2019-11-01', '3420', '2019-10-25', 1, 62, '5096.009.051.B.521219', 'DALAM NEGERI', '', 'SEKRETARIS UTAMA BNPT', 'C', 3, '', '', '208', 1, 'fkpt'),
(241, 'SPD-1079/PPK.4/10/2019', '2019-10-25', 152, 'Melaksanakan Monitoring dan Evaluasi atas kegiatan Kemitraan dengan Pemerintah Negara Vietnam dalam menghadapi ancaman dan serangan terorisme di Vietnam', 'Bogor', 56, '2019-10-29', '2019-11-02', 'PR.05.00/3365/2019', '2019-10-15', 4, 65, '5099.963.054.B,524219', 'Luar Negeri', '', 'SEKRETARIS UTAMA', 'B', 3, '4', '', '152,4', 4, 'dapel1'),
(242, 'SPD-1074/PPK.1/10/2019', '2019-10-25', 409, 'Melaksanakan Peliputan Kegiatan Kepala BNPT menjadi Narasumber pada Kuliah bagi peserta didik Sespimti Polri Dikreg ke-28 T.A. 2019 di Gd. STIK Jakarta', 'Bogor', 8, '2019-10-28', '2019-10-28', 'PT.02.02/........ /2019', '0000-00-00', 1, 62, '5096.007.51B.521219', 'Dalam Negeri', '', 'SEKRETARIS UTAMA BNPT', 'D', 1, '412', '', '409,412', 1, 'kontra1'),
(243, 'SPD-1075/PPK.1/10/2019', '2019-10-25', 208, 'Melaksanakan Kegiatan Pelibatan Perempuan Sebagai Agen Perdamaian Dalam Pencegahan Radikalisme dan Terorisme Melalui FKPT Kalimantan Barat di Pontianak', 'Bogor', 12, '2019-10-27', '2019-10-29', '3419', '2019-10-25', 1, 62, '5096.009.051.B.521219', 'DALAM NEGERI', '', 'SEKRETARIS UTAMA BNPT', 'C', 3, '646,649,155,437,436', '', '208,646,649,155,437,436', 1, 'fkpt'),
(245, 'SPD-1080/PPK.4/10/2019', '2019-10-25', 74, 'Koordinasi Perubahan Catatan Halaman IV B DIPA dengan Drektorat Pelaksanaan Anggaran Kementerian Keuangan RI di Jakarta tanggal 28 Oktober 2019', 'Bogor', 8, '2019-10-28', '2019-10-28', 'PR.04.01/............./2019', '2019-10-25', 4, 65, '5099.952.052', 'Dalam Negeri', '', 'SEKRETARIS UTAMA BNPT', 'C', 1, '87,82,78,86', '', '74,87,82,78,86', 4, 'ren1'),
(246, 'SPD-1042/PPK.2/10/2019', '2019-10-28', 329, 'Melakukan Kegiatan Analisa, Evaluasi dan Identifikasi Tahanan Terorisme ', 'Bogor', 8, '2019-10-30', '2019-10-30', 'PH.03.00/2933/2019', '2019-09-23', 2, 63, '5097.007.052.524119', 'Dalam Negeri', '', 'SEKRETARIS UTAMA BNPT', 'C', 1, '347,330,343,91,336,334', '', '329,347,330,343,91,336,334', 2, 'anev1'),
(247, 'SPD-1081/PPK.4/10/2019', '2019-10-25', 57, 'Menghadiri Undangan Rapat Internal Staf di Gedung BUMN Jakarta', 'Bogor', 8, '2019-10-28', '2019-10-28', 'KU.03.02/................../2019', '2019-10-25', 4, 65, '5099.955.051.B.524111', 'Dalam Negeri', '', 'SEKRETARIS UTAMA BNPT', 'C', 1, '65,71,72', '', '57,65,71,72', 4, 'keu2'),
(248, 'SPD-1076/PPK.1/10/2019', '2019-10-25', 196, 'Menghadiri dan menjadi Narasumber pada Focus Group Discussion Program Sinergitas Penanganan Aksi Terorisme dan Program Deradikalisasi di Indonesia, Manado Sulawesi Utara', 'Bogor', 32, '2019-10-28', '2019-10-29', 'PT.02.02/........ /2019', '0000-00-00', 1, 62, '5096.007.51B.521219', 'Dalam Negeri', '', 'SEKRETARIS UTAMA BNPT', 'C', 3, '407', '', '196,407', 1, 'kontra1'),
(249, 'SPD-1077/PPK.1/10/2019', '2019-10-25', 203, 'Melaksanakan peliputan kegiatan Kepala BNPT pada acara Penandatanganan MoU dengan Pemerintah Maroko di Kemlu RI', 'Bogor', 8, '2019-10-28', '2019-10-28', 'PT.02.02/........ /2019', '0000-00-00', 1, 62, '5096.007.51B.521219', 'Dalam Negeri', '', 'SEKRETARIS UTAMA BNPT', 'D', 1, '424', '', '203,424', 1, 'kontra1'),
(250, 'SPD-1078/PPK.1/10/2019', '2019-10-28', 465, 'Reedukasi Narapidana Tindak Pidana Terorisme di dalam Lembaga Pemasyarakatan/Rumah Tahanan Negara di Jawa Tengah Tahun 2019', 'Bogor', 23, '2019-10-29', '2019-11-01', 'DT.01.02/3426/2019', '2019-10-28', 1, 62, '524.111', 'Perjalanan Dinas Dalam Negeri', '', 'Sekretaris Utama BNPT', 'D', 1, '242,171', '', '465,242,171', 1, 'dalpas1'),
(251, 'SPD-1079/PPK.1/10/2019', '2019-10-28', 158, 'Reedukasi Narapidana Tindak Pidana Terorisme di dalam Lembaga Pemasyarakatan/Rumah Tahanan Negara Tahun 2019', 'Bogor', 23, '2019-10-29', '2019-11-01', 'DT.01.02/3426/2019', '2019-10-28', 1, 62, '524.111', 'Perjalanan Dinas Dalam Negeri', '', 'Sekretaris Utama BNPT', 'D', 1, '256,166,164', '', '158,256,166,164', 1, 'dalpas1'),
(252, 'SPD-1043/PPK.2/10/2019', '2019-10-28', 274, 'FGD Tim Penyusun Draft Pelindungan Terhadap Penyidik, Penuntut Umum, Hakim, dan Petugas Pemasyarakatan VI', 'Bogor', 8, '2019-10-31', '2019-10-31', 'PH.01.00/3428/2019', '2019-10-28', 2, 63, '5097.005.051.B.521219', 'Dalam Negeri', '', 'Sekretaris Utama Badan Nasional Penanggulangan Terorisme', 'C', 1, '346,348,585,350,332,331,343,338,279', '', '274,346,348,585,350,332,331,343,338,279', 2, 'linkum1'),
(253, 'SPD-1080/PPK.1/10/2019', '2019-10-28', 162, 'Reedukasi Narapidana Tindak Pidana Terorisme di Dalam Lembaga Pemasyarakatan/ Rumah Tahanan Negara di Jawa Tengah Tahun 2019', 'Bogor', 23, '2019-10-29', '2019-11-01', 'DT.01.02/3426/2019', '2019-10-28', 1, 62, '524.111', 'Perjalanan Dinas Dalam Negeri', '', 'Sekretaris Utama BNPT', 'D', 1, '464,463,165', '', '162,464,463,165', 1, 'dalpas1'),
(254, 'SPD-1081/PPK.1/10/2019', '2019-10-28', 161, 'Reedukasi Narapidana Tindak Pidana Terorisme di Dalam Lembaga Pemasyarakatan/ Rumah Tahanan Negara di Jawa Tengah Tahun 2019', 'Bogor', 23, '2019-10-29', '2019-11-01', 'DT.01.02/3426/2019', '2019-10-28', 1, 62, '524.111', 'Perjalanan Dinas Dalam Negeri', '', 'Sekretaris Utama BNPT', 'D', 1, '460,163,167,263', '', '161,460,163,167,263', 1, 'dalpas1'),
(256, 'SPD-1083/PPK.1/10/2019', '2019-10-28', 240, 'Menghadiri Undangan Rapat Inter Kementerian dalam Rangka Pembahasan Counter Draft MoU Kerjasama Penanggulangan Terorisme antara RI - Korea Selatan', 'Bogor', 58, '2019-10-29', '2019-10-29', 'PT.01.01/........../2019', '0000-00-00', 1, 62, '5096.005.052.A.524111', 'DALAM NEGERI', '', 'SEKRETARIS UTAMA BNPT', 'C', 1, '248', '', '240,248', 1, 'pengawasan1'),
(258, 'SPD-1085/PPK.1/10/2019', '2019-10-28', 239, 'Menjadi Narasumber beserta Pendamping pada kegiatan Rapat Koordinasi, Sinergitas dan Monev Hubungan Antar Lembaga Pemerintah dalam Rangka Peningkatan Kewaspadaan Nasional', 'Bogor', 74, '2019-10-29', '2019-10-29', 'PT.01.01/........../2019', '0000-00-00', 1, 62, '5096.005.052.A.524111', 'DALAM NEGERI', '', 'SEKRETARIS UTAMA BNPT', 'C', 1, '249', '', '239,249', 1, 'pengawasan1'),
(259, 'SPD-1086/PPK.1/10/2019', '2019-10-28', 159, 'Reedukasi Narapidana Tindak Pidana Terorisme di Dalam Lembaga Pemasyarakatan/ Rumah Tahanan Negara di Jawa Tengah Tahun 2019', 'Bogor', 23, '2019-10-29', '2019-11-01', 'DT.01.02/3426/2019', '2019-10-28', 1, 62, '524.111', 'Perjalanan Dinas Dalam Negeri', '', 'Sekretaris Utama BNPT', 'D', 1, '255,170,466,168', '', '159,255,170,466,168', 1, 'dalpas2'),
(260, 'SPD-1044/PPK.2/10/2019', '2019-10-29', 568, 'Melaksanakan Monitoring Sidang Perkara Tindak Pidana Terorisme', 'Bogor', 8, '2019-10-30', '2019-10-30', 'PH.02.00/2975/2019', '2019-09-27', 2, 63, '5097.004.054.B.524111', 'Dalam Negeri', '', 'Dr. A. Adang Supriyadi', 'C', 1, '569,570,573,574,575,576,577,579,580,581,582', '', '568,569,570,573,574,575,576,577,579,580,581,582', 2, 'hubal1'),
(261, 'SPD-1045/PPK.2/10/2019', '2019-10-30', 567, 'Melaksanakan Monitoring Sidang Perkara Tindak Pidana Terorisme', 'Bogor', 8, '2019-10-31', '2019-10-31', 'PH.02.00/2975/2019', '2019-09-27', 2, 63, '5097.004.054.B.524111', 'Dalam Negeri', '', 'Dr. A. Adang Supriyadi', 'C', 1, '571,572,575,576,573,574,578,581,582,579,580', '', '567,571,572,575,576,573,574,578,581,582,579,580', 2, 'hubal1'),
(262, 'SPD-1082/PPK.4/10/2019', '2019-10-09', 143, 'Menghadiri dan Menjadi Pembicara pada acara Leaders Forum di PT Pertamina (Persero) di Jakarta ', 'Sentul', 8, '2019-10-10', '2019-10-10', 'RT.01.01/3351/ 2019 ', '2019-10-09', 4, 65, '5099.994.02.G.524111', 'Dalam Negeri ', '', 'Kepala BNPT', 'A', 1, '562,561,563,146,566', '', '143,562,561,563,146,566', 4, 'tuka'),
(263, 'SPD-1087/PPK.1/10/2019', '2019-10-28', 209, 'Menghadiri Undangan FGD "Penguatan Moderasi Beragama Bagi Penyuluh Agama Islam di jakarta', 'Bogor', 8, '2019-10-31', '2019-10-31', '3444', '2019-10-28', 1, 62, '5096.009.051.B.521219', 'DALAM NEGERI', '', 'SEKRETARIS UTAMA BNPT', 'C', 1, '', '', '209', 1, 'fkpt'),
(264, 'SPD-1088/PPK.1/10/2019', '2019-10-28', 209, 'Mengikuti Kegiatan Pelatihan Crisis Center Aksi Terorisme di Jakarta', 'Bogor', 8, '2019-10-29', '2019-10-30', '3443', '2019-10-28', 1, 62, '5096.009.051.B.521219', 'DALAM NEGERI', '', 'SEKRETARIS UTAMA BNPT', 'C', 1, '', '', '209', 1, 'fkpt'),
(265, 'SPD-1089/PPK.1/10/2019', '2019-10-18', 440, 'Menghadiri Kegiatan Pelatihan Pengelolaan Website dan Media Sosial Kementerian dan lembaga Gelombang Pertama di Bogor, Jawa Barat', 'Bogor', 58, '2019-10-21', '2019-10-22', '3441', '2019-10-18', 1, 62, '5096.009.051.B.521219', 'DALAM NEGERI', '', 'SEKRETARIS UTAMA BNPT', 'C', 1, '', '', '440', 1, 'fkpt'),
(266, 'SPD-1090/PPK.1/10/2019', '2019-10-22', 440, 'Menghadiri Kegiatan Pelatihan Pengelolaan Website dan Media Sosial Kemnterian dan lembaga Gelombang Kedua di bogor, Jawa Barat', 'Bogor', 58, '2019-10-23', '2019-10-24', '3442', '2019-10-22', 1, 62, '5096.009.051.B.521219', 'DALAM NEGERI', '', 'SEKRETARIS UTAMA BNPT', 'C', 1, '', '', '440', 1, 'fkpt'),
(267, 'SPD-1091/PPK.1/10/2019', '2019-10-28', 157, 'Reedukasi Narapidana Tindak Pidana Terorisme di Dalam Lembaga Pemasyarakatan/ Rumah Tahanan Negara di Jawa Tengah Tahun 2019', 'Bogor', 23, '2019-10-29', '2019-11-01', 'DT.01.02/3426/2019', '2019-10-28', 1, 62, '524.111', 'Perjalanan Dinas Dalam Negeri', '', 'Sekretaris Utama BNPT', 'C', 1, '173,462,172,461', '', '157,173,462,172,461', 1, 'dalpas2'),
(268, 'SPD-1092/PPK.1/10/2019', '2019-10-28', 239, 'Melaksanakan Kegiatan Diseminasi Hasikl Survei Nasional dan Penelitian Eksplorasi Kearifan Lokal Melalui FKPT Jambi di Jambi', 'Bogor', 10, '2019-10-30', '2019-10-31', '3432', '2019-10-28', 1, 62, '5096.009.051.B.521219', 'DALAM NEGERI', '', 'SEKRETARIS UTAMA BNPT', 'C', 3, '', '', '239', 1, 'fkpt'),
(269, 'SPD-1093/PPK.1/10/2019', '2019-10-28', 253, 'Melaksanakan Kegiatan Integrasi Nilai-Nilai Agama dan Budaya di Sekolah dalam Menumbuhkan Harmoni Kebangsaan Melalui FKPT Jawa Tengah di Kota Semarang', 'Bogor', 6, '2019-10-30', '2019-10-30', '3431', '2019-10-28', 1, 62, '5096.009.051.B.521219', 'DALAM NEGERI', '', 'SEKRETARIS UTAMA BNPT', 'B', 3, '258', '', '253,258', 1, 'fkpt'),
(271, 'SPD-1095/PPK.1/10/2019', '2019-10-28', 257, 'Melaksanakan Kegiatan Integrasi Nilai-nilai Agama dan Budaya di Sekolah dalam Menumbuhkan Harmoni Kebangsaan Melalui FKPT Jawa Tengah di Kota Semarang', 'Bogor', 6, '2019-10-29', '2019-10-31', '3431', '2019-10-28', 1, 62, '5096.009.051.B.521219', 'DALAM NEGERI', '', 'SEKRETARIS UTAMA BNPT', 'C', 3, '431,408', '', '257,431,408', 1, 'fkpt'),
(272, 'SPD-1096/PPK.1/10/2019', '2019-10-28', 703, 'Melaksanakan Kegiatan Diseminasi hasil Survei Nasional dan Penelitian Eksplorasi Kearifan Lokal Melalui FKPT Jambi di Jambi', 'Bogor', 10, '2019-10-29', '2019-10-30', '3432', '2019-10-28', 1, 62, '5096.009.051.B.521219', 'DALAM NEGERI', '', 'SEKRETARIS UTAMA BNPT', 'C', 3, '', '', '703', 1, 'fkpt'),
(273, 'SPD-1097/PPK.1/10/2019', '2019-10-28', 266, 'Melaksanakan Kegiatan Diseminasi Hasil Survei Nasional dan penelitian Eksplorasi Kearifan Lokal Melalaui FKPT Jambidi Jambi', 'Bogor', 10, '2019-10-29', '2019-10-31', '3432', '2019-10-28', 1, 62, '5096.009.051.B.521219', 'DALAM NEGERI', '', 'SEKRETARIS UTAMA BNPT', 'C', 3, '427', '', '266,427', 1, 'fkpt'),
(274, 'SPD-1098/PPK.1/10/2019', '2019-10-28', 206, 'Melaksanakan Kegiatan Pelibatan Pelajar SMA dan sederajat Dalam Pencegahan Terorisme Melalui FKPT Sulawesi Selatan di maros', 'Bogor', 76, '2019-10-29', '2019-10-30', '3433', '2019-10-28', 1, 62, '5096.009.051.B.521219', 'DALAM NEGERI', '', 'SEKRETARIS UTAMA BNPT', 'C', 3, '633', '', '206,633', 1, 'fkpt'),
(275, 'SPD-1099/PPK.1/10/2019', '2019-10-28', 432, 'Melaksanakan Kegiatan Pelibatan Pelajar SMA dan sederajat dalam Pncegahan Terorisme Melalui FKPT Sulawesi Selatan di Maros', 'Bogor', 76, '2019-10-29', '2019-10-31', '3433', '2019-10-28', 1, 62, '5096.009.051.B.521219', 'DALAM NEGERI', '', 'SEKRETARIS UTAMA BNPT', 'C', 3, '434,435', '', '432,434,435', 1, 'fkpt'),
(276, 'SPD-1100/PPK.1/10/2019', '2019-10-28', 217, 'Melaksanakan kegiatan Rembuk Aparatur Kelurahan dan desa tentang Literasi Informasi Melalui FKPT kalimantan Barat di Kabupaten Kubu Raya', 'Bogor', 75, '2019-10-30', '2019-11-01', '3434', '2019-10-28', 1, 62, '5096.009.051.B.521219', 'DALAM NEGERI', '', 'SEKRETARIS UTAMA BNPT', 'C', 3, '620,215,433,441', '', '217,620,215,433,441', 1, 'fkpt'),
(277, 'SPD-1101/PPK.1/10/2019', '2019-10-28', 207, 'Melaksanakan Kegiatan Diseminasi hasil Survei Nasional dan Penelitian Ekplorasi Kearifan Lokal Melalui FKPT Jawa Barat di bandung', 'Bogor', 7, '2019-10-29', '2019-10-30', '3432', '2019-10-28', 1, 62, '5096.009.051.B.521219', 'DALAM NEGERI', '', 'SEKRETARIS UTAMA BNPT', 'C', 1, '704', '', '207,704', 1, 'fkpt'),
(278, 'SPD-1102/PPK.1/10/2019', '2019-10-28', 429, 'Melaksanakan Kegiatan Diseminasi Hasil Survei Nasional dan penelitian Eksplorasi Kearifan Lokal Melalui FKPT Jawa Barat di Bandung', 'Bogor', 7, '2019-10-29', '2019-10-31', '3432', '2019-10-28', 1, 62, '5096.009.051.B.521219', 'DALAM NEGERI', '', 'SEKRETARIS UTAMA BNPT', 'C', 3, '428', '', '429,428', 1, 'fkpt'),
(279, 'SPD-1083/PPK.4/10/2019', '2019-10-28', 554, 'Menghadiri Undangan dalam Rangka Penginputan Data Tindak Lanjut Rekomendasi Hasil Pemeriksaan BPK ke dalam Sistem Informasi Pemantauan Tinjak Lanjut (SIPTL) di Jakarta', 'Bogor', 8, '2019-10-28', '2019-10-28', '', '2019-10-28', 4, 65, '5729.965.055A.524111', 'Dalam Negeri', '', 'SEKRETARIS UTAMA', 'B', 1, '130,132,134', '', '554,130,132,134', 4, 'inspek1'),
(280, 'SPD-1103/PPK.1/10/2019', '2019-10-28', 607, 'Melaksanakan Kegiatan Integrasi Nilai-Nilai Agama dan budaya di Sekolah dalam menumbuhkan harmoni kebangsaan melalui FKPT Jawa Tengah di Kota Semarang', 'Bogor', 6, '2019-10-29', '2019-10-30', '3431', '2019-10-28', 1, 62, '5096.009.051.B.521219', 'DALAM NEGERI', '', 'SEKRETARIS UTAMA BNPT', 'C', 1, '', '', '607', 1, 'fkpt'),
(281, 'SPD-1084/PPK.4/10/2019', '2019-10-28', 517, 'Melaksanakan Tugas Keprotokolan Kepala BNPT di Universitas Syiah Kuala Aceh', 'Bogor', 30, '2019-10-29', '2019-10-31', 'HM.00.01/3288/2019', '2019-10-02', 4, 65, '5099.994.002.G', 'Belanja Perjalanan Dinas Biasa', '', 'Sekretaris Utama', 'C', 1, '548,549,92,118', '', '517,548,549,92,118', 4, 'rumga1'),
(282, 'SPD-1104/PPK.1/10/2019', '2019-10-28', 253, 'Menghadiri Undangan Sebagai Narasumber dan Pendamping Narasumber pada Rangkaian Kegiatan Pangdam VI/Mlw tentang Dampak Negatif Radikalisme', 'Bogor', 70, '2019-10-29', '2019-10-29', 'PT.02.02/............/2019', '2019-10-28', 1, 62, '5096.007.51B.521219', 'Belanja Perjalanan Dinas', '', 'Sekretaris Utama BNPT', 'B', 3, '258', '', '253,258', 1, 'kontra1'),
(283, 'SPD-1105/PPK.1/10/2019', '2019-10-30', 253, 'Menghadiri Undangan Sebagai Narasumber dan Pendamping Narasumber pada Kegiatan Lokakarya Peningkatan Peran dan Fungsi Imam Tetap Masjid', 'Bogor', 8, '2019-10-31', '2019-10-31', 'PT.03.02/............/2019', '2019-10-30', 1, 62, '5096.009.51B.521219', 'Belanja Perjalanan Dinas', '', 'Sekretaris Utama BNPT', 'B', 1, '258', '', '253,258', 1, 'kontra1'),
(284, 'SPD-1085/PPK.4/09/2019', '2019-09-30', 86, 'Melaksanakan Tugas Keprotokolan Pada Undangan Kepala BNPT Ceramah Di IPDN dan Audiensi Ke Gubernur Jawa Barat 2019', 'Bogor', 7, '2019-10-01', '2019-10-04', 'HM.00.01/3023/2019', '2019-09-30', 4, 65, '5099.994.002.G', 'Belanja Perjalanan Dinas Biasa', '', 'Sekretaris Utama', 'C', 1, '517,547,118,108', '', '86,517,547,118,108', 4, 'rumga1'),
(285, 'SPD-1046/PPK.2/10/2019', '2019-10-23', 315, 'Melaksanakan Kegiatan Pelatihan Sistem Informasi Crisis Center di Jakarta', 'Bogor', 8, '2019-10-28', '2019-10-29', 'PK.01.02/3412/2019', '2019-10-23', 2, 63, '5097.002.052.521219', 'Dalam Negeri', '', 'SEKRETARIS UTAMA BNPT', 'C', 1, '', '', '315', 2, 'latih1'),
(286, 'SPD-1086/PPK.4/09/2019', '2019-09-30', 135, 'PEMANTAUAN KEGIATAN REEDUKASI NAPITER DI DALAM LAPAS/ RUMAH TAHANAN NEGARA TAHUN 2019 DI KLATEN, JAWA TENGAH', 'Bogor', 40, '2019-10-01', '2019-10-04', 'PW.01.01.00/3064/2019', '2019-09-30', 4, 65, '5729.965.052.524111', 'Dalam Negeri', '', 'SEKRETARIS UTAMA', 'C', 3, '137', '', '135,137', 4, 'inspek1'),
(287, 'SPD-1106/PPK.1/10/2019', '2019-10-29', 186, 'Melaksanakan Kegiatan Pendampingan dan Pembinaan Kewirausahaan Kepada Sasaran Deradikalisasi Dalam Program Deradikalisasi Bina Masyarakat di Provinsi Kalimantan Timur 2019', 'Sentul', 11, '2019-10-30', '2019-11-01', 'DT.02.02/3430/2019', '2019-10-28', 1, 62, '5096.010.002.053.524111', 'Dalam Negeri', '', 'Sekretaris Utama', 'C', 3, '193,194,191', '', '186,193,194,191', 1, 'binmas1'),
(288, 'SPD-1087/PPK.4/10/2019', '2019-10-29', 26, 'Tugas Kehumasan Meliput Sekretaris Utama BNPT Menjadi Narasumber pada Seminar Kebangsaan PPATK di Depok, Provinsi Jawa Barat', 'Bogor', 68, '2019-10-30', '2019-10-31', 'HM.00.04/............/2019', '2019-10-29', 4, 65, '5099.958.055', 'Dalam Negeri', '', 'Sekretaris Utama', 'C', 1, '696,695', '', '26,696,695', 4, 'humas1'),
(289, 'SPD-1088/PPK.4/10/2019', '2019-10-29', 25, 'Meliput Kepala BNPT Menjadi Narasumber Kuliah Umum Universitas Syiah Kuala, di Banda Aceh Provinsi Aceh', 'Bogor', 30, '2019-10-30', '2019-11-01', 'HM.00.04/............./2019', '2019-10-29', 4, 65, '5099.958.055', 'Dalam Negeri', '', 'Sekretaris Utama', 'C', 3, '694', '', '25,694', 4, 'humas1'),
(290, 'SPD-1047/PPK.2/10/2019', '2019-10-25', 315, 'Pratinjau Kegiatan Pengembangan Sistem Pengamanan Aparat Penegak Hukum, Petugas Lapas, Saksi, dan Korban dalam Penanganan Perkara Tindak Pidana Terorisme di Palembang', 'Bogor', 59, '2019-10-30', '2019-11-01', 'PK.02.01/3421/2019', '2019-10-25', 2, 63, '5097.003.054', 'Jalan Dinas', '', 'SEKRETARIS UTAMA BNPT', 'C', 3, '316,91,321,81', '', '315,316,91,321,81', 2, 'sisop1'),
(291, 'SPD-1089/PPK.4/09/2019', '2019-09-30', 129, '	PEMANTAUAN KEGIATAN SURVEI NASIONAL POLA PENDIDIKAN PADA ANAK DAN DISEMINASI MEDIA SOSIAL TERHADAP NILAI-NILAI KEAGAMAAN, MORAL, KEBHINEKAAN, DAN KEARIFAN LOKAL MELALUI FKPT KALIMANTAN TIMUR DI SAMARINDA', 'Bogor', 11, '2019-10-02', '2019-10-04', 'PW.01.01.00/3038/2019', '2019-09-30', 4, 65, '5729.965.052.524111', 'Dalam Negeri', '', 'SEKRETARIS UTAMA', 'C', 3, '141', '', '129,141', 4, 'inspek1'),
(292, 'SPD-1090/PPK.4/11/2019', '2019-11-01', 3, 'Menghadiri Undangan Kepala Biro Perencanaan Kementerian Pertanian', 'Sentul', 58, '2019-11-01', '2019-11-01', 'SPRINT HM.02.00/............../2019', '2019-10-31', 4, 65, '5099.008.051.E.524111.', 'Dalam Negeri', '', 'SEKRETARIS UTAMA', 'C', 1, '150', '', '3,150', 4, 'dapel1'),
(293, 'SPD-1091/PPK.4/11/2019', '2019-11-04', 150, 'MELAKSANAKAN RAPAT KOORDINASI VERIFIKASI PENYUSUNAN RENCANA AKSI KEMENTERIAN/LEMBAGA PROGRAM PENANGGULANGAN TERORISME DI WILAYAH PROVINSI SULAWESI TENGAH, PROVINSI NUSA TENGGARA BARAT, DAN PROVINSI JAWA TIMUR TAHUN 2020 DI JAKARTA', 'Bogor', 8, '2019-11-06', '2019-11-07', 'HM.02.00/3448/2019', '2019-10-29', 4, 65, '5099.008.051.A.521211.E.52119,522151.', 'Dalam Negeri', '', 'BADAN NASIONAL PENANGGULANGAN TERORISME', 'A', 1, '152,134,8,156,10,12,13,706,707,709', '', '150,152,134,8,156,10,12,13,706,707,709', 4, 'dapel1');
INSERT INTO `tb_spd` (`id_spd`, `nomor`, `tgl`, `pegawai`, `keperluan`, `asal`, `tujuan`, `tgl_berangkat`, `tgl_kembali`, `no_sprin`, `tgl_sprin`, `satker`, `ta`, `ma`, `jenis_pengeluaran`, `kelengkapan`, `pejabat`, `tingkat_biaya`, `transport`, `pengikut`, `ket`, `semua_peg`, `id_satker`, `id_user`) VALUES
(295, 'SPD-1093/PPK.4/10/2019', '2019-10-28', 143, 'Menghadiri dan Menjadi Narasumber pada Kuliah Umum Universitas Syiah Kuala di Banda Aceh Provinsi Aceh ', 'Sentul', 30, '2019-10-29', '2019-10-31', 'RT.01.01/3352/2019', '2019-10-14', 4, 65, '5099.992.002.G.524111', 'Dalam Negeri ', '', 'Kepala BNPT ', 'A', 3, '560,564,565,566,147', '', '143,560,564,565,566,147', 4, 'tuka'),
(296, 'SPD-1107/PPK.1/10/2019', '2019-10-29', 410, 'Melaksanakan Peliputan Kegiatan Kepala BNPT pada Kuliah Umum Civitas Akademika di Lingkungan Universitas Syiah Kuala, Aceh ', 'Bogor', 30, '2019-10-30', '2019-11-01', 'PT.02.02/........ /2019', '0000-00-00', 1, 62, '5096.007.51B.521219', 'Dalam Negeri', '', 'SEKRETARIS UTAMA BNPT', 'D', 3, '420', '', '410,420', 1, 'kontra1'),
(297, 'SPD-1094/PPK.4/10/2019', '2019-10-11', 275, 'Kegiatan Workshop Penyusunan Peta Risiko di Lingkungan Badan Nasional Penanggulangan Terorisme Tahun 2019 di Jakarta', 'Bogor', 8, '2019-10-15', '2019-10-16', 'PW.01.03.00/      /2019', '2019-10-11', 4, 65, '5729.965.055C.524111', 'Dalam Negeri', '', 'SEKRETARIS UTAMA ', 'C', 1, '87,399', '', '275,87,399', 4, 'inspek1'),
(298, 'SPD-1095/PPK.4/10/2019', '2019-10-11', 138, 'Kegiatan Workshop Penyusunan Peta Risiko di Lingkungan Badan Nasional Penanggulangan Terorisme Tahun 2019 di Jakarta', 'Bogor', 8, '2019-10-14', '2019-10-16', 'PW.01.03.00/      /2019', '2019-10-11', 4, 65, '5729.965.055C.524111', 'Dalam Negeri', '', 'SEKRETARIS UTAMA ', 'C', 1, '', '', '138', 4, 'inspek1'),
(299, 'SPD-1108/PPK.1/10/2019', '2019-10-29', 240, 'Menjadi Tenaga Pengajar dan Pendamping di Pusdiklat Bela Negara Badiklat Kemhan Bogor', 'Bogor', 58, '2019-10-30', '2019-10-30', 'PT.01.01/......../2019', '0000-00-00', 1, 62, '5096.005.052.A.524111', 'DALAM NEGERI', '', 'SEKRETARIS UTAMA BNPT', 'C', 1, '450', '', '240,450', 1, 'pengawasan1'),
(300, 'SPD-1109/PPK.1/10/2019', '2019-10-29', 240, 'Menghadiri Undangan Diseminasi Hasil Pelatihan "Derajat Radikalisme di Masjid di 10 Perguruan Tinggi Negeri (PTN) Indonesia"', 'Bogor', 8, '2019-10-31', '2019-10-31', 'PT.01.01/......../2019', '0000-00-00', 1, 62, '5096.005.052.A.524111', 'DALAM NEGERI', '', 'SEKRETARIS UTAMA BNPT', 'C', 1, '450', '', '240,450', 1, 'pengawasan1'),
(301, 'SPD-1110/PPK.1/10/2019', '2019-10-28', 196, 'Menghadiri dan menjadi penceramah pada pembekalan Dandim T.A. 2019 di Pusdikter Pusterad Kab. Bandung', 'Bogor', 7, '2019-10-30', '2019-10-31', 'PT.02.02/........ /2019', '0000-00-00', 1, 62, '5096.007.51B.521219', 'Dalam Negeri', '', 'SEKRETARIS UTAMA BNPT', 'C', 1, '200', '', '196,200', 1, 'kontra1'),
(302, 'SPD-1111/PPK.1/10/2019', '2019-10-28', 409, 'Menghadiri Focus Group Discussion (FGD) Direktorat Binmas Polda Metro Jaya di Hotel Diradja, Jakarta', 'Bogor', 8, '2019-10-30', '2019-10-30', 'PT.02.02/........ /2019', '0000-00-00', 1, 62, '5096.007.51B.521219', 'Dalam Negeri', '', 'SEKRETARIS UTAMA BNPT', 'D', 1, '', '', '409', 1, 'kontra1'),
(303, 'SPD-1096/PPK.4/09/2019', '2019-09-20', 108, 'Melaksanakan Persiapan Pelaksanaan Kegiatan Penandatanganan Nota Kesepahaman (MoU) Antara BNPT dengan Badan Ekonomi Kreatif di Gedung BUMN Jakarta', 'Bogor', 8, '2019-09-23', '2019-09-24', 'KP.08.06/3031/2019', '2019-09-20', 4, 65, '5099.994.002.G.524111', 'Perjalanan Dinas Dalam Negeri', '', 'SEKRETARIS UTAMA', 'C', 1, '123,103', '', '108,123,103', 4, 'rumga1'),
(304, 'SPD-1097/PPK.4/10/2019', '2019-10-25', 84, 'Rapat Pendokumentasian Dokumen Pengadaan Peralatan Balai Latihan Kerja (BLK) di Jakarta ', 'Bogor', 8, '2019-10-28', '2019-10-31', 'PL.01.08/............ / 2019', '2019-10-25', 4, 65, '5099.962.053.B.524111', 'Dalam Negeri', '', 'BADAN NASIONAL PENANGGULANGAN TERORISME', 'C', 1, '85,58,59,5,81,76,38', '', '84,85,58,59,5,81,76,38', 4, 'dapel1'),
(305, 'SPD-1098/PPK.4/10/2019', '2019-10-29', 74, 'Koordinasi Perubahan Catatan Halaman IV B DIPA BNPT Tahun Anggaran 2019 dengan Drektorat Pelaksanaan Anggaran Kementerian Keuangan RI di Jakarta pada tanggal 30 Oktober 2019', 'Bogor', 8, '2019-10-30', '2019-10-30', 'PR.04.01/.........../2019', '2019-10-29', 4, 65, '5099.952.052', 'Dalam Negeri', '', 'SEKRETARIS UTAMA', 'C', 1, '86,87,78,82', '', '74,86,87,78,82', 4, 'ren1'),
(306, 'SPD-1112/PPK.1/10/2019', '2019-10-30', 206, 'Meklaksanakan Kegiatan Monitoring Pelibatan Masyarakat dalam Pencegahan Terorisme Melalui FKPT Kalimantan Tengah di palangkaraya', 'BOGOR', 31, '2019-10-31', '2019-11-03', '3452', '2019-10-30', 1, 62, '5096.006.054.B.521219', 'DALAM NEGERI', '', 'SEKRETARIS UTAMA BNPT', 'C', 3, '207,211,440,213', '', '206,207,211,440,213', 1, 'fkpt'),
(307, 'SPD-1099/PPK.4/10/2019', '2019-10-04', 3, 'Melaksanakan Kegiatan Rapat Pembahasan Rencana Integrasi Aplikasi Simolek Dengan Aplikasi E-Monev dan Aplikasi SPAN di Jakarta', 'BOGOR', 8, '2019-10-07', '2019-10-07', 'PR.05.02/3371/2019', '2019-10-04', 4, 65, '5099.963.054.', 'DALAM NEGERI', '', 'SEKRETARIS UTAMA BNPT', 'C', 1, '4,710,5,7,39,43,9', '', '3,4,710,5,7,39,43,9', 4, 'dapel1'),
(308, 'SPD-1100/PPK.4/10/2019', '2019-10-08', 152, 'Melaksanakan Rapat Pembahasan Capaian RKP Triwulan III Tahun 2019 di Lingkungan BNPT.', 'Bogor', 8, '2019-10-09', '2019-10-11', 'PR.05.02/3369/2019', '2019-10-08', 4, 65, '5099.962.053.B.524111', 'Dalam Negeri', '', 'BADAN NASIONAL PENANGGULANGAN TERORISME', 'B', 1, '3,74,4,77,153,255,275,397,224,59', '', '152,3,74,4,77,153,255,275,397,224,59', 4, 'dapel1'),
(309, 'SPD-1101/PPK.4/10/2019', '2019-10-08', 85, 'Melaksanakan Rapat Pembahasan Capaian RKP Triwulan III Tahun 2019 di Lingkungan BNPT.', 'Bogor', 8, '2019-10-09', '2019-10-11', 'PR.05.02/3369/2019', '2019-10-08', 4, 65, '5096.963.052.A.524119', 'Dalam Negeri', '', 'BADAN NASIONAL PENANGGULANGAN TERORISME', 'C', 1, '341,364,369,48,309,383,710,188,378,131', '', '85,341,364,369,48,309,383,710,188,378,131', 4, 'dapel1'),
(310, 'SPD-1102/PPK.4/10/2019', '2019-10-08', 5, 'Melaksanakan Rapat Pembahasan Capaian RKP Triwulan III Tahun 2019 di Lingkungan BNPT.', 'Bogor', 8, '2019-10-09', '2019-10-11', 'PR.05.02/3369/2019', '2019-10-08', 4, 65, '5096.963.052.A.524119', 'Dalam Negeri', '', 'BADAN NASIONAL PENANGGULANGAN TERORISME', 'C', 1, '60,87,199,257,259,176,398,343,390,333', '', '5,60,87,199,257,259,176,398,343,390,333', 4, 'dapel1'),
(311, 'SPD-1103/PPK.4/10/2019', '2019-10-08', 39, 'Melaksanakan Rapat Pembahasan Capaian RKP Triwulan III Tahun 2019 di Lingkungan BNPT.', 'Bogor', 8, '2019-10-09', '2019-10-11', 'PR.05.02/3369/2019', '2019-10-08', 4, 65, '5096.963.052.A.524119', 'Dalam Negeri', '', 'BADAN NASIONAL PENANGGULANGAN TERORISME', 'C', 1, '7,78,358,332,258,312,43,286,172,244', '', '39,7,78,358,332,258,312,43,286,172,244', 4, 'dapel1'),
(312, 'SPD-1104/PPK.4/10/2019', '2019-10-08', 154, 'Melaksanakan Rapat Pembahasan Capaian RKP Triwulan III Tahun 2019 di Lingkungan BNPT.', 'Bogor', 8, '2019-10-09', '2019-10-11', 'PR.05.02/3369/2019', '2019-10-08', 4, 65, '5096.963.052.A.524119', 'Dalam Negeri', '', 'BADAN NASIONAL PENANGGULANGAN TERORISME', 'D', 1, '8,81,9,119', '', '154,8,81,9,119', 4, 'dapel1'),
(313, 'SPD-1113/PPK.1/10/2019', '2019-10-25', 196, 'Melaksanakan Kegiatan Penggalangan Organisasi Mahasiswa Islam Moderat dalam rangka Pencegahan Terorisme Bulan Oktober T.A. 2019 di Al-Rabbani Islamic College, Jakarta', 'Bogor', 8, '2019-10-26', '2019-10-27', 'PT.02.02/........ /2019', '0000-00-00', 1, 62, '5096.007.51B.521219', 'Dalam Negeri', '', 'SEKRETARIS UTAMA BNPT', 'C', 1, '404,407,410', '', '196,404,407,410', 1, 'kontra1'),
(314, 'SPD-1114/PPK.1/10/2019', '2019-10-30', 232, 'Menjadi Narasumber & Moderator Rapat Koordinasi V Penyusunan Petunjuk Teknis Pelaksanaan Perjanjian Kerjasama Antara Kedeputian I BNPT dan Unit Kerja Eselon I Kementerian ESDM', 'Bogor', 8, '2019-10-31', '2019-10-31', 'PA.01.02/3414/2019', '2019-10-23', 1, 62, '5096.003.051.B.521219', 'Dalam Negeri', '', 'Sekretaris Utama BNPT', 'C', 1, '234,233,711', '', '232,234,233,711', 1, 'obvit1'),
(315, 'SPD-1115/PPK.1/10/2019', '2019-10-30', 236, 'Menjadi Panitia Rapat Koordinasi V Penyusunan Petunjuk Teknis Pelaksanaan Perjanjian Kerjasama Antara Kedeputian I BNPT dan Unit Kerja Eselon I Kementerian ESDM', 'Bogor', 8, '2019-10-31', '2019-10-31', 'PA.01.02/3415/2019', '2019-10-23', 1, 62, '5096.003.051.B.521219', 'Dalam Negeri', '', 'Sekretaris Utama BNPT', 'C', 1, '238', '', '236,238', 1, 'obvit1'),
(316, 'SPD-1105/PPK.4/10/2019', '2019-10-30', 3, 'Menghadiri Undangan Direktorat Sistem Penganggaran Kementerian Keuangan Republik Indonesia', 'Bogor', 8, '2019-10-31', '2019-10-31', 'PR.05.02/............./2019', '2019-10-30', 4, 65, '5099.963.053.B.524111', 'Dalam Negeri', '', 'Sekretaris Utama BNPT', 'C', 1, '7,43', '', '3,7,43', 4, 'dapel1'),
(317, 'SPD-1106/PPK.4/10/2019', '2019-10-14', 710, 'Melaksanakan Monitoring dan Evaluasi pada Kegiatan Focus Group Discussion (FGD) dan Wawancara Mendalam dalam rangka "Review Pelaksanaan Sinergisitas AntarKementerian/Lembaga dalam Program Penanggulangan Terorisme" di Provinsi Jawa Timur Tahun 2019.', 'Bogor', 3, '2019-10-15', '2019-10-18', 'HM.02.00/3370/2019', '2019-10-14', 4, 65, '5099.008.051.E.524111.', 'Dalam Negeri', '', 'BADAN NASIONAL PENANGGULANGAN TERORISME', 'C', 1, '24,707', '', '710,24,707', 4, 'dapel1');

-- --------------------------------------------------------

--
-- Table structure for table `tb_ta`
--

CREATE TABLE `tb_ta` (
  `id_ta` int(11) NOT NULL,
  `tahun` varchar(4) NOT NULL,
  `pagu_ln` double NOT NULL,
  `pagu_dn` double NOT NULL,
  `pagu_dk` double NOT NULL,
  `id_satker` int(11) DEFAULT NULL
) ENGINE=InnoDB DEFAULT CHARSET=latin1;

--
-- Dumping data for table `tb_ta`
--

INSERT INTO `tb_ta` (`id_ta`, `tahun`, `pagu_ln`, `pagu_dn`, `pagu_dk`, `id_satker`) VALUES
(62, '2019', 1000000000, 1000000000, 1000000000, 1),
(63, '2019', 1000000000, 1000000000, 1000000000, 2),
(64, '2019', 1000000000, 1000000000, 1000000000, 3),
(65, '2019', 1000000000, 1000000000, 1000000000, 4);

-- --------------------------------------------------------

--
-- Table structure for table `tb_transport`
--

CREATE TABLE `tb_transport` (
  `id_transport` int(11) NOT NULL,
  `transport` varchar(32) NOT NULL
) ENGINE=InnoDB DEFAULT CHARSET=latin1;

--
-- Dumping data for table `tb_transport`
--

INSERT INTO `tb_transport` (`id_transport`, `transport`) VALUES
(1, 'Darat'),
(2, 'Laut'),
(3, 'Udara');

-- --------------------------------------------------------

--
-- Table structure for table `tb_ttdkwitansi`
--

CREATE TABLE `tb_ttdkwitansi` (
  `id_ttdkwitansi` int(11) NOT NULL,
  `teks1` text NOT NULL,
  `id_peg1` int(11) NOT NULL,
  `teks2` text NOT NULL,
  `id_peg2` int(11) NOT NULL,
  `id_satker` int(11) NOT NULL
) ENGINE=InnoDB DEFAULT CHARSET=latin1;

--
-- Dumping data for table `tb_ttdkwitansi`
--

INSERT INTO `tb_ttdkwitansi` (`id_ttdkwitansi`, `teks1`, `id_peg1`, `teks2`, `id_peg2`, `id_satker`) VALUES
(73, 'a.n. KUASA PENGGUNA ANGGARAN<br />\r\nPEJABAT PEMBUAT KOMITMEN', 217, 'BENDAHARA PENGELUARAN SATKER', 60, 1),
(74, 'a.n. KUASA PENGGUNA ANGGARAN<br />\r\nPEJABAT PEMBUAT KOMITMEN', 339, 'BENDAHARA PENGELUARAN SATKER', 60, 2),
(75, 'a.n. KUASA PENGGUNA ANGGARAN<br />\r\nPEJABAT PEMBUAT KOMITMEN', 354, 'BENDAHARA PENGELUARAN SATKER', 60, 3),
(76, 'a.n. KUASA PENGGUNA ANGGARAN<br />\r\nPEJABAT PEMBUAT KOMITMEN', 74, 'BENDAHARA PENGELUARAN SATKER', 60, 4),
(77, 'a.n. KUASA PENGGUNA ANGGARAN<br />\r\nPEJABAT PEMBUAT KOMITMEN', 74, 'BENDAHARA PENGELUARAN SATKER', 60, 5);

-- --------------------------------------------------------

--
-- Table structure for table `tb_ttdnominatif`
--

CREATE TABLE `tb_ttdnominatif` (
  `id_ttdnominatif` int(11) NOT NULL,
  `teks1` text NOT NULL,
  `id_peg1` int(11) NOT NULL,
  `teks2` text NOT NULL,
  `id_peg2` int(11) NOT NULL,
  `id_satker` int(11) NOT NULL
) ENGINE=InnoDB DEFAULT CHARSET=latin1;

--
-- Dumping data for table `tb_ttdnominatif`
--

INSERT INTO `tb_ttdnominatif` (`id_ttdnominatif`, `teks1`, `id_peg1`, `teks2`, `id_peg2`, `id_satker`) VALUES
(63, 'a.n. KUASA PENGGUNA ANGGARAN<br />\r\nPEJABAT PEMBUAT KOMITMEN', 217, 'BENDAHARA PENGELUARAN SATKER', 60, 1),
(64, 'a.n. KUASA PENGGUNA ANGGARAN<br />\r\nPEJABAT PEMBUAT KOMITMEN', 339, 'BENDAHARA PENGELUARAN SATKER', 60, 2),
(65, 'a.n. KUASA PENGGUNA ANGGARAN<br />\r\nPEJABAT PEMBUAT KOMITMEN', 354, 'BENDAHARA PENGELUARAN SATKER', 60, 3),
(66, 'a.n. KUASA PENGGUNA ANGGARAN<br />\r\nPEJABAT PEMBUAT KOMITMEN', 74, 'BENDAHARA PENGELUARAN SATKER', 60, 4),
(67, 'a.n. KUASA PENGGUNA ANGGARAN<br />\r\nPEJABAT PEMBUAT KOMITMEN', 74, 'BENDAHARA PENGELUARAN SATKER', 60, 5);

-- --------------------------------------------------------

--
-- Table structure for table `tb_ttdriil`
--

CREATE TABLE `tb_ttdriil` (
  `id_ttdriil` int(11) NOT NULL,
  `teks` text NOT NULL,
  `id_peg` int(11) NOT NULL,
  `id_satker` int(11) DEFAULT NULL
) ENGINE=InnoDB DEFAULT CHARSET=latin1;

--
-- Dumping data for table `tb_ttdriil`
--

INSERT INTO `tb_ttdriil` (`id_ttdriil`, `teks`, `id_peg`, `id_satker`) VALUES
(63, 'a.n. KUASA PENGGUNA ANGGARAN<br />\r\nPEJABAT PEMBUAT KOMITMEN', 217, 1),
(64, 'a.n. KUASA PENGGUNA ANGGARAN<br />\r\nPEJABAT PEMBUAT KOMITMEN', 339, 2),
(65, 'a.n. KUASA PENGGUNA ANGGARAN<br />\r\nPEJABAT PEMBUAT KOMITMEN', 354, 3),
(66, 'a.n. KUASA PENGGUNA ANGGARAN<br />\r\nPEJABAT PEMBUAT KOMITMEN', 74, 4),
(67, 'a.n. KUASA PENGGUNA ANGGARAN<br />\r\nPEJABAT PEMBUAT KOMITMEN', 74, 5);

-- --------------------------------------------------------

--
-- Table structure for table `tb_ttdrincian`
--

CREATE TABLE `tb_ttdrincian` (
  `id_ttdrincian` int(11) NOT NULL,
  `teks1` text NOT NULL,
  `id_peg1` int(11) NOT NULL,
  `teks2` text NOT NULL,
  `id_peg2` int(11) NOT NULL,
  `id_satker` int(11) NOT NULL
) ENGINE=InnoDB DEFAULT CHARSET=latin1;

--
-- Dumping data for table `tb_ttdrincian`
--

INSERT INTO `tb_ttdrincian` (`id_ttdrincian`, `teks1`, `id_peg1`, `teks2`, `id_peg2`, `id_satker`) VALUES
(63, 'a.n. KUASA PENGGUNA ANGGARAN<br />\r\nPEJABAT PEMBUAT KOMITMEN', 217, 'BENDAHARA PENGELUARAN SATKER', 60, 1),
(64, 'a.n. KUASA PENGGUNA ANGGARAN<br />\r\nPEJABAT PEMBUAT KOMITMEN', 339, 'BENDAHARA PENGELUARAN SATKER', 60, 2),
(65, 'a.n. KUASA PENGGUNA ANGGARAN<br />\r\nPEJABAT PEMBUAT KOMITMEN', 354, 'BENDAHARA PENGELUARAN SATKER', 60, 3),
(66, 'a.n. KUASA PENGGUNA ANGGARAN<br />\r\nPEJABAT PEMBUAT KOMITMEN', 74, 'BENDAHARA PENGELUARAN SATKER', 60, 4),
(67, 'a.n. KUASA PENGGUNA ANGGARAN<br />\r\nPEJABAT PEMBUAT KOMITMEN', 74, 'BENDAHARA PENGELUARAN SATKER', 60, 5);

-- --------------------------------------------------------

--
-- Table structure for table `tb_ttdspd`
--

CREATE TABLE `tb_ttdspd` (
  `id_ttdspd` int(11) NOT NULL,
  `teks` text NOT NULL,
  `id_peg` int(11) NOT NULL,
  `id_satker` int(11) NOT NULL
) ENGINE=InnoDB DEFAULT CHARSET=latin1;

--
-- Dumping data for table `tb_ttdspd`
--

INSERT INTO `tb_ttdspd` (`id_ttdspd`, `teks`, `id_peg`, `id_satker`) VALUES
(63, 'a.n. KUASA PENGGUNA ANGGARAN<br />\r\nPEJABAT PEMBUAT KOMITMEN', 217, 1),
(64, 'a.n. KUASA PENGGUNA ANGGARAN<br />\r\nPEJABAT PEMBUAT KOMITMEN', 339, 2),
(65, 'a.n. KUASA PENGGUNA ANGGARAN<br />\r\nPEJABAT PEMBUAT KOMITMEN', 354, 3),
(66, 'a.n. KUASA PENGGUNA ANGGARAN<br />\r\nPEJABAT PEMBUAT KOMITMEN', 74, 4),
(67, 'a.n. KUASA PENGGUNA ANGGARAN<br />\r\nPEJABAT PEMBUAT KOMITMEN', 74, 5);

-- --------------------------------------------------------

--
-- Table structure for table `tb_ttdspd2`
--

CREATE TABLE `tb_ttdspd2` (
  `id_ttdspd2` int(11) NOT NULL,
  `teks1` text NOT NULL,
  `id_peg1` int(11) NOT NULL,
  `teks2` text NOT NULL,
  `id_peg2` int(11) NOT NULL,
  `id_satker` int(11) NOT NULL
) ENGINE=InnoDB DEFAULT CHARSET=latin1;

--
-- Dumping data for table `tb_ttdspd2`
--

INSERT INTO `tb_ttdspd2` (`id_ttdspd2`, `teks1`, `id_peg1`, `teks2`, `id_peg2`, `id_satker`) VALUES
(63, 'a.n. KUASA PENGGUNA ANGGARAN<br />\r\nPEJABAT PEMBUAT KOMITMEN', 217, 'a.n. KUASA PENGGUNA ANGGARAN<br />\r\nPEJABAT PEMBUAT KOMITMEN', 217, 1),
(64, 'a.n. KUASA PENGGUNA ANGGARAN<br />\r\nPEJABAT PEMBUAT KOMITMEN', 339, 'a.n. KUASA PENGGUNA ANGGARAN<br />\r\nPEJABAT PEMBUAT KOMITMEN', 339, 2),
(65, 'a.n. KUASA PENGGUNA ANGGARAN<br />\r\nPEJABAT PEMBUAT KOMITMEN', 354, 'a.n. KUASA PENGGUNA ANGGARAN<br />\r\nPEJABAT PEMBUAT KOMITMEN', 354, 3),
(66, 'a.n. KUASA PENGGUNA ANGGARAN<br />\r\nPEJABAT PEMBUAT KOMITMEN', 74, 'a.n. KUASA PENGGUNA ANGGARAN<br />\r\nPEJABAT PEMBUAT KOMITMEN', 74, 4),
(67, 'a.n. KUASA PENGGUNA ANGGARAN<br />\r\nPEJABAT PEMBUAT KOMITMEN', 74, 'a.n. KUASA PENGGUNA ANGGARAN<br />\r\nPEJABAT PEMBUAT KOMITMEN', 74, 5);

-- --------------------------------------------------------

--
-- Table structure for table `tb_tujuan`
--

CREATE TABLE `tb_tujuan` (
  `id_tujuan` int(11) NOT NULL,
  `tujuan` varchar(64) NOT NULL,
  `jenis` varchar(64) NOT NULL,
  `harian` double NOT NULL,
  `saku` double NOT NULL,
  `inap` double NOT NULL,
  `meeting` double NOT NULL,
  `taksi` double NOT NULL,
  `transport` double NOT NULL,
  `lain` double NOT NULL
) ENGINE=InnoDB DEFAULT CHARSET=latin1;

--
-- Dumping data for table `tb_tujuan`
--

INSERT INTO `tb_tujuan` (`id_tujuan`, `tujuan`, `jenis`, `harian`, `saku`, `inap`, `meeting`, `taksi`, `transport`, `lain`) VALUES
(1, 'Denpasar', 'Dalam Negeri', 480000, 450000, 910000, 160000, 159000, 3262000, 0),
(3, 'Surabaya', 'Dalam Negeri', 410000, 140000, 664000, 1352000, 194000, 2674000, 0),
(4, 'Makassar', 'Dalam Negeri', 430000, 150000, 665000, 1127000, 145000, 3829000, 0),
(6, 'Semarang', 'Dalam Negeri', 370000, 130000, 486000, 675000, 75000, 2182000, 0),
(7, 'Bandung', 'Dalam Negeri', 430000, 150000, 570000, 822000, 166000, 500000, 0),
(8, 'Jakarta', 'Dalam Negeri', 530000, 180000, 610000, 1197000, 650000, 4500000, 550000),
(9, 'Medan', 'Dalam Negeri', 370000, 130000, 530000, 746000, 232000, 3808000, 0),
(10, 'Jambi', 'Dalam Negeri', 370000, 130000, 520000, 840000, 147000, 2460000, 0),
(11, 'Samarinda', 'Dalam Negeri', 430000, 150000, 804000, 750000, 450000, 2995000, 0),
(12, 'Pontianak', 'Dalam Negeri', 380000, 130000, 538000, 664000, 135000, 2781000, 0),
(13, 'Jayapura', 'Dalam Negeri', 580000, 160000, 829000, 990000, 431000, 8193000, 0),
(17, 'Lombok', 'Dalam Negeri', 440000, 150000, 580000, 764000, 231000, 3230000, 0),
(18, 'Ambon', 'Dalam Negeri', 380000, 120000, 667000, 724000, 240000, 7081000, 0),
(19, 'Malaysia', 'Luar Negeri', 1380000, 0, 4250000, 0, 0, 7500000, 600000),
(20, 'Filipina', 'Luar Negeri', 1080000, 0, 0, 0, 0, 7500000, 0),
(21, 'Jepang', 'Luar Negeri', 2250000, 0, 0, 0, 0, 7500000, 0),
(22, 'Thailand', 'Luar Negeri', 2250000, 0, 5000000, 0, 0, 7500000, 600000),
(23, 'Cilacap', 'Dalam Negeri', 430000, 150000, 570000, 822000, 166000, 500000, 0),
(24, 'India', 'Luar Negeri', 550000, 0, 2500000, 0, 0, 4000000, 600000),
(26, 'Serang', 'Dalam Negeri', 370000, 120000, 718000, 837000, 446000, 500000, 0),
(27, 'Semarang - Solo', 'Dalam Negeri', 370000, 130000, 486000, 675000, 75000, 2182000, 0),
(28, 'Palu', 'Dalam Negeri', 360000, 130000, 951000, 738000, 0, 0, 0),
(29, 'Pakanbaru', 'Dalam Negeri', 380000, 150000, 650000, 600000, 150000, 2800000, 0),
(30, 'Aceh', 'Dalam Negeri', 0, 0, 0, 0, 0, 0, 0),
(31, 'Palangkaraya', 'Dalam Negeri', 0, 0, 0, 0, 0, 0, 0),
(32, 'Manado', 'Dalam Negeri', 0, 0, 0, 0, 0, 0, 0),
(33, 'Ternate', 'Dalam Negeri', 0, 0, 0, 0, 0, 0, 0),
(34, 'Gorontalo', 'Dalam Negeri', 0, 0, 0, 0, 0, 0, 0),
(35, 'Yogyakarta', 'Dalam Negeri', 0, 0, 0, 0, 0, 0, 0),
(36, 'Kendari', 'Dalam Negeri', 0, 0, 0, 0, 0, 0, 0),
(37, 'Manokwari', 'Dalam Negeri', 0, 0, 0, 0, 0, 0, 0),
(38, 'Bandar Lampung', 'Dalam Negeri', 0, 0, 0, 0, 0, 0, 0),
(39, 'Kupang', 'Dalam Negeri', 0, 0, 0, 0, 0, 0, 0),
(40, 'Solo', 'Dalam Negeri', 370000, 130000, 0, 0, 650000, 0, 0),
(41, 'Malang', 'Dalam Negeri', 0, 0, 0, 0, 0, 0, 0),
(42, 'Cirebon', 'Dalam Negeri', 0, 0, 0, 0, 0, 0, 0),
(43, 'Banjarmasin', 'Dalam Negeri', 0, 0, 0, 0, 0, 0, 0),
(44, 'Uni Emirat Arab', 'Luar Negeri', 0, 0, 0, 0, 0, 0, 0),
(45, 'Singapura', 'Luar Negeri', 0, 0, 0, 0, 0, 0, 0),
(46, 'Amerika Serikat', 'Luar Negeri', 0, 0, 0, 0, 0, 0, 0),
(47, 'Kanada', 'Luar Negeri', 0, 0, 0, 0, 0, 0, 0),
(48, 'Belanda', 'Luar Negeri', 0, 0, 0, 0, 0, 0, 0),
(49, 'Jerman', 'Luar Negeri', 0, 0, 0, 0, 0, 0, 0),
(50, 'Perancis', 'Luar Negeri', 0, 0, 0, 0, 0, 0, 0),
(51, 'Inggris', 'Luar Negeri', 0, 0, 0, 0, 0, 0, 0),
(52, 'Rusia', 'Luar Negeri', 0, 0, 0, 0, 0, 0, 0),
(53, 'Mesir', 'Luar Negeri', 0, 0, 0, 0, 0, 0, 0),
(54, 'Tiongkok', 'Luar Negeri', 0, 0, 0, 0, 0, 0, 0),
(55, 'Myanmar', 'Luar Negeri', 0, 0, 0, 0, 0, 0, 0),
(56, 'Vietnam', 'Luar Negeri', 0, 0, 0, 0, 0, 0, 0),
(57, 'Brunei Darussalam', 'Luar Negeri', 0, 0, 0, 0, 0, 0, 0),
(58, 'Bogor', 'Dalam Negeri', 150000, 0, 0, 0, 150000, 0, 0),
(59, 'Palembang', 'Dalam Negeri', 380000, 180000, 650000, 550000, 345000, 1500000, 0),
(60, 'Batam', 'Dalam Negeri', 380000, 250000, 750000, 750000, 300000, 2000000, 0),
(61, 'Bengkulu', 'Dalam Negeri', 380000, 300000, 750000, 800000, 350000, 1800000, 0),
(62, 'Pangkalpinang', 'Dalam Negeri', 380000, 300000, 700000, 800000, 345000, 1500000, 0),
(63, 'Padang', 'Dalam Negeri', 380000, 250000, 700000, 800000, 345000, 2500000, 0),
(64, 'Tanjungpinang', 'Dalam Negeri', 380000, 250000, 750000, 800000, 345000, 2500000, 0),
(65, 'Brazil', 'Luar Negeri', 15000000, 0, 0, 0, 0, 0, 0),
(66, 'Spanyol', 'Luar Negeri', 0, 0, 0, 0, 0, 0, 0),
(67, 'Poso', 'Dalam Negeri', 370000, 130000, 951000, 738000, 330000, 5113000, 0),
(68, 'Depok', 'Dalam Negeri', 166000, 150000, 570000, 822000, 0, 0, 0),
(69, 'Bekasi', 'Dalam Negeri', 0, 0, 0, 0, 0, 0, 0),
(70, 'Balikpapan', 'Dalam Negeri', 430000, 0, 804000, 0, 900000, 0, 0),
(71, 'Tanzania', 'Luar Negeri', 0, 0, 0, 0, 0, 0, 0),
(72, 'Serpong', 'Dalam Negeri', 0, 0, 0, 0, 0, 0, 0),
(73, 'London', 'Luar Negeri', 0, 0, 0, 0, 0, 0, 0),
(74, 'Tangerang Selatan', 'Dalam Negeri', 0, 0, 0, 0, 0, 0, 0),
(75, 'Kubu Raya', 'Dalam Negeri', 0, 0, 0, 0, 0, 0, 0),
(76, 'Sulawesi Selatan', 'Dalam Negeri', 0, 0, 0, 0, 0, 0, 0);

-- --------------------------------------------------------

--
-- Table structure for table `tb_user`
--

CREATE TABLE `tb_user` (
  `id_user` varchar(32) NOT NULL,
  `id_satker` int(11) NOT NULL,
  `nama_user` varchar(64) NOT NULL,
  `password` varchar(255) NOT NULL,
  `hak_akses` varchar(16) NOT NULL,
  `avatar` varchar(255) NOT NULL
) ENGINE=InnoDB DEFAULT CHARSET=latin1;

--
-- Dumping data for table `tb_user`
--

INSERT INTO `tb_user` (`id_user`, `id_satker`, `nama_user`, `password`, `hak_akses`, `avatar`) VALUES
('amerop1', 3, 'amerop1', 'b609e33f3928e2cdfbfb8bc502fbf8e2', 'Admin', ''),
('amerop2', 3, 'amerop2', 'b9703ebfc5f375a1f03332d0907d6ecc', 'Admin', ''),
('anev1', 2, 'anev1', '39aff8bae50f92cb1c79afb05177fc36', 'Admin', ''),
('anev2', 2, 'anev2', 'e52521738ee1440c2596780ffa782326', 'Admin', ''),
('aspasaf1', 3, 'aspasaf1', '366c6596cd064c4ca05099a7b6cbb8aa', 'Admin', ''),
('aspasaf2', 3, 'aspasaf2', '5f067d80c409afece392f4aa430f8de8', 'Admin', ''),
('binlapsus1', 1, 'binlapsus1', '65019b630b365b1ad93ef1c809b9b974', 'Admin', ''),
('binlapsus2', 1, 'binlapsus2', '37b1705f5a41b02be8a1ee6677693696', 'Admin', ''),
('binmas1', 1, 'binmas1', 'd0c17d1235f8e0d29df0d532b816ac4c', 'Admin', ''),
('binmas2', 1, 'binmas2', '0e2faaadf691861d26852797f02d7e9b', 'Admin', ''),
('dalpas1', 1, 'dalpas1', '58d6a839383292362ad6bd9f10afc11a', 'Admin', ''),
('dalpas2', 1, 'dalpas2', 'a4336599bcf34f9d95aa3f6c6cf8cecb', 'Admin', ''),
('dapel1', 4, 'dapel1', '60216cd447acf3e058ce544d073285da', 'Admin', ''),
('dapel2', 4, 'dapel2', '6f0de323e577feb2aaa258f3de9a182f', 'Admin', ''),
('fkpt', 1, 'fkpt', '64da8f8c51f4f3706afc23f6c9a95eb1', 'Admin', ''),
('gunkuat1', 2, 'gunkuat1', '1cf5ff546ddcabc720ceb86f32effb67', 'Admin', ''),
('gunkuat2', 2, 'gunkuat2', 'f1f74a5cb1bb9267e39d8a3e8c903163', 'Admin', ''),
('hubal1', 2, 'hubal1', 'cb00c60e9e385cb77b1040d645319a36', 'Admin', ''),
('hubal2', 2, 'hubal2', '77f4425d06902d382751e0f82180d177', 'Admin', ''),
('humas1', 4, 'humas1', '466d5509d2c838e8134d5a8fc76e2012', 'Admin', ''),
('humas2', 4, 'humas2', 'b182ff84acb590050e63c5c4b528c284', 'Admin', ''),
('inspek1', 4, 'inspek1', 'e82f7387a5f5ab19d758869f9db05899', 'Admin', ''),
('inspek2', 4, 'inspek2', '981d03e3345a79535007882d21dbd56c', 'Admin', ''),
('intel1', 2, 'intel1', '71352efa0205387452f474db71bac1b6', 'Admin', ''),
('intel2', 2, 'intel2', 'fd4e090300e37948fa8232a5118d4496', 'Admin', ''),
('kepeg1', 4, 'kepeg1', '1d10d87459a9940a4ab4c1e54c7c7a62', 'Admin', ''),
('kepeg2', 4, 'kepeg2', 'c4ef62c15fac841210e8134d9d0923d5', 'Admin', ''),
('keu1', 4, 'keu1', '5770e45fbf5e96d5d67459b8b985a816', 'Admin', ''),
('keu2', 4, 'keu2', 'e26749bc7b1869f52c4d8f6cfb6d269b', 'Admin', ''),
('kontra1', 1, 'kontra1', '6cd5f87eea1922eb2e50c3f2d5f4cc82', 'Admin', ''),
('kontra2', 1, 'kontra2', 'dabd2e81cde1693502ba0e9d0b4e4704', 'Admin', ''),
('konvensi1', 3, 'konvensi1', '1db1911c1f6365574608b8959d88e7c5', 'Admin', ''),
('konvensi2', 3, 'konvensi2', '790c5259673504053db96bd6c97b06ed', 'Admin', ''),
('korban1', 1, 'korban1', '57bbfe6fddce8ee96f248b0341de4e72', 'Admin', ''),
('korban2', 1, 'korban2', '2d4a8632b60ad1817a158f4d4a8fd897', 'Admin', ''),
('latih1', 2, 'latih1', 'c8a2e98ec4c936127d5dd8851012cb73', 'Admin', ''),
('latih2', 2, 'latih2', 'dfb568330e20dc21f278d5f3d9314910', 'Admin', ''),
('linkum1', 2, 'linkum1', '7cbef744cca52db28f08cf94d69cf47d', 'Admin', ''),
('linkum2', 2, 'linkum2', 'b50ffdaac4365056fdb88f6eb611e8c5', 'Admin', ''),
('multi1', 3, 'multi1', '95497fe25ed35dbd8075a48858a1ecdd', 'Admin', ''),
('multi2', 3, 'multi2', '5bc6ed268ab6488270e496d3183a1a27', 'Admin', ''),
('obvit1', 1, 'obvit1', '84c2adadac8d630cf59d8546b3083f0e', 'Admin', ''),
('obvit2', 1, 'obvit2', '1d21bddecc58df09081caa9835a53e72', 'Admin', ''),
('pamling1', 1, 'pamling1', '8ec47a1a974c567df1cc5f7c5aa2eff9', 'Admin', ''),
('pamling2', 1, 'pamling2', '39ca682151cdb91321d30ff24250a674', 'Admin', ''),
('pemkat1', 1, 'pemkat1', '386fb5ff82ab73f60ac66f4231f1743d', 'Admin', ''),
('pemkat2', 1, 'pemkat2', '68c372da7039b874f1f9fbd6917f7fd2', 'Admin', ''),
('pengawasan1', 1, 'pengawasan1', '5845f6918771a2d1251089559568d980', 'Admin', ''),
('pengawasan2', 1, 'pengawasan2', '1cf0a34734a38764c372d3cd905811eb', 'Admin', ''),
('pwni1', 3, 'pwni1', 'f4339e153adf2f529872ae11e82e9278', 'Admin', ''),
('pwni2', 3, 'pwni2', '419e84668b9be0992ee2582398d13c67', 'Admin', ''),
('regional1', 3, 'regional1', 'deab73b953f7e13e35f9fc5a95e70ef7', 'Admin', ''),
('regional2', 3, 'regional2', '51c09e1234507262efdf756c5a1ad60a', 'Admin', ''),
('ren1', 4, 'ren1', '553a6b235f34942cb94875bba4e01017', 'Admin', ''),
('ren2', 4, 'ren2', 'f6228df5fc4fc6683b1e9612311866d7', 'Admin', ''),
('roum', 4, 'roum', 'd97fff4ef3aabd2397d918025e516f3e', 'Admin', ''),
('rumga1', 4, 'rumga1', '610bb17e7e7e01deca286ba285a5ab61', 'Admin', ''),
('rumga2', 4, 'rumga2', 'f3575c6d1825b57bba6d9fd94aa357f6', 'Admin', ''),
('siaga1', 2, 'siaga1', '6b8f1c6f0692e5d70bc518e6e5e05fa9', 'Admin', ''),
('siaga2', 2, 'siaga2', '56149e43a2e909a6d307b8ed67cabac4', 'Admin', ''),
('sisop1', 2, 'sisop1', '8c450b4a8740b77bf3c2e48b4bb74534', 'Admin', ''),
('sisop2', 2, 'sisop2', '1e4fb4b87286f6fe1180912281ff4054', 'Admin', ''),
('stafppk1', 1, 'stafppk1', '37154e28eb1d23458da53bb3f9f9b4cb', 'Admin', ''),
('stafppk2', 2, 'stafppk2', '6dc45fb7e4b5868921588a794b1f482e', 'Admin', ''),
('stafppk3', 3, 'stafppk3', 'd0aeb481c573c358d95fe90ded15dfe1', 'Admin', ''),
('stafppk4', 4, 'stafppk4', '04a57dece1e989faeb6394b528fb20bf', 'Admin', ''),
('superadmin', 4, 'Edi Setiawan', '629ab14fab772d78a58eea752bdfc0dc', 'Superadmin', ''),
('ti1', 2, 'ti1', 'c7cac60d751e5a8bab5a6b9890da731d', 'Admin', ''),
('ti2', 2, 'ti2', '1c3a26dcbd4fab5da9c8d0a0baa399ab', 'Admin', ''),
('tuka', 4, 'tuka', '2291c4d8c5dac3597013b71a7ad7ec48', 'Admin', '');

--
-- Indexes for dumped tables
--

--
-- Indexes for table `tb_gol`
--
ALTER TABLE `tb_gol`
  ADD PRIMARY KEY (`id_gol`);

--
-- Indexes for table `tb_kelengkapan`
--
ALTER TABLE `tb_kelengkapan`
  ADD PRIMARY KEY (`id_kelengkapan`);

--
-- Indexes for table `tb_kwitansi`
--
ALTER TABLE `tb_kwitansi`
  ADD PRIMARY KEY (`id_kwitansi`),
  ADD KEY `FK_tb_kwitansi_tb_spd` (`id_spd`);

--
-- Indexes for table `tb_logo`
--
ALTER TABLE `tb_logo`
  ADD PRIMARY KEY (`id_logo`);

--
-- Indexes for table `tb_nominatif`
--
ALTER TABLE `tb_nominatif`
  ADD PRIMARY KEY (`id_nominatif`),
  ADD KEY `FK_tb_nominatif_tb_spd` (`id_spd`);

--
-- Indexes for table `tb_pegawai`
--
ALTER TABLE `tb_pegawai`
  ADD PRIMARY KEY (`id_peg`);

--
-- Indexes for table `tb_riil`
--
ALTER TABLE `tb_riil`
  ADD PRIMARY KEY (`id_riil`),
  ADD KEY `FK_tb_riil_tb_spd` (`id_spd`);

--
-- Indexes for table `tb_rincian`
--
ALTER TABLE `tb_rincian`
  ADD PRIMARY KEY (`id_rincian`),
  ADD KEY `FK_tb_rincian_tb_spd` (`id_spd`);

--
-- Indexes for table `tb_satker`
--
ALTER TABLE `tb_satker`
  ADD PRIMARY KEY (`id_satker`);

--
-- Indexes for table `tb_setup`
--
ALTER TABLE `tb_setup`
  ADD PRIMARY KEY (`id_setup`);

--
-- Indexes for table `tb_spd`
--
ALTER TABLE `tb_spd`
  ADD PRIMARY KEY (`id_spd`);

--
-- Indexes for table `tb_ta`
--
ALTER TABLE `tb_ta`
  ADD PRIMARY KEY (`id_ta`),
  ADD KEY `FK_tb_ta_tb_satker` (`id_satker`);

--
-- Indexes for table `tb_transport`
--
ALTER TABLE `tb_transport`
  ADD PRIMARY KEY (`id_transport`);

--
-- Indexes for table `tb_ttdkwitansi`
--
ALTER TABLE `tb_ttdkwitansi`
  ADD PRIMARY KEY (`id_ttdkwitansi`);

--
-- Indexes for table `tb_ttdnominatif`
--
ALTER TABLE `tb_ttdnominatif`
  ADD PRIMARY KEY (`id_ttdnominatif`);

--
-- Indexes for table `tb_ttdriil`
--
ALTER TABLE `tb_ttdriil`
  ADD PRIMARY KEY (`id_ttdriil`);

--
-- Indexes for table `tb_ttdrincian`
--
ALTER TABLE `tb_ttdrincian`
  ADD PRIMARY KEY (`id_ttdrincian`);

--
-- Indexes for table `tb_ttdspd`
--
ALTER TABLE `tb_ttdspd`
  ADD PRIMARY KEY (`id_ttdspd`);

--
-- Indexes for table `tb_ttdspd2`
--
ALTER TABLE `tb_ttdspd2`
  ADD PRIMARY KEY (`id_ttdspd2`);

--
-- Indexes for table `tb_tujuan`
--
ALTER TABLE `tb_tujuan`
  ADD PRIMARY KEY (`id_tujuan`);

--
-- Indexes for table `tb_user`
--
ALTER TABLE `tb_user`
  ADD PRIMARY KEY (`id_user`);

--
-- AUTO_INCREMENT for dumped tables
--

--
-- AUTO_INCREMENT for table `tb_nominatif`
--
ALTER TABLE `tb_nominatif`
  MODIFY `id_nominatif` int(11) NOT NULL AUTO_INCREMENT, AUTO_INCREMENT=5285;
--
-- AUTO_INCREMENT for table `tb_pegawai`
--
ALTER TABLE `tb_pegawai`
  MODIFY `id_peg` int(11) NOT NULL AUTO_INCREMENT, AUTO_INCREMENT=712;
--
-- AUTO_INCREMENT for table `tb_satker`
--
ALTER TABLE `tb_satker`
  MODIFY `id_satker` int(11) NOT NULL AUTO_INCREMENT, AUTO_INCREMENT=5;
--
-- AUTO_INCREMENT for table `tb_spd`
--
ALTER TABLE `tb_spd`
  MODIFY `id_spd` int(11) NOT NULL AUTO_INCREMENT, AUTO_INCREMENT=318;
--
-- AUTO_INCREMENT for table `tb_ta`
--
ALTER TABLE `tb_ta`
  MODIFY `id_ta` int(11) NOT NULL AUTO_INCREMENT, AUTO_INCREMENT=66;
--
-- AUTO_INCREMENT for table `tb_ttdkwitansi`
--
ALTER TABLE `tb_ttdkwitansi`
  MODIFY `id_ttdkwitansi` int(11) NOT NULL AUTO_INCREMENT, AUTO_INCREMENT=78;
--
-- AUTO_INCREMENT for table `tb_ttdnominatif`
--
ALTER TABLE `tb_ttdnominatif`
  MODIFY `id_ttdnominatif` int(11) NOT NULL AUTO_INCREMENT, AUTO_INCREMENT=68;
--
-- AUTO_INCREMENT for table `tb_ttdriil`
--
ALTER TABLE `tb_ttdriil`
  MODIFY `id_ttdriil` int(11) NOT NULL AUTO_INCREMENT, AUTO_INCREMENT=68;
--
-- AUTO_INCREMENT for table `tb_ttdrincian`
--
ALTER TABLE `tb_ttdrincian`
  MODIFY `id_ttdrincian` int(11) NOT NULL AUTO_INCREMENT, AUTO_INCREMENT=68;
--
-- AUTO_INCREMENT for table `tb_ttdspd`
--
ALTER TABLE `tb_ttdspd`
  MODIFY `id_ttdspd` int(11) NOT NULL AUTO_INCREMENT, AUTO_INCREMENT=68;
--
-- AUTO_INCREMENT for table `tb_ttdspd2`
--
ALTER TABLE `tb_ttdspd2`
  MODIFY `id_ttdspd2` int(11) NOT NULL AUTO_INCREMENT, AUTO_INCREMENT=68;
--
-- Constraints for dumped tables
--

--
-- Constraints for table `tb_kwitansi`
--
ALTER TABLE `tb_kwitansi`
  ADD CONSTRAINT `FK_tb_kwitansi_tb_spd` FOREIGN KEY (`id_spd`) REFERENCES `tb_spd` (`id_spd`) ON DELETE CASCADE ON UPDATE CASCADE;

--
-- Constraints for table `tb_nominatif`
--
ALTER TABLE `tb_nominatif`
  ADD CONSTRAINT `FK_tb_nominatif_tb_spd` FOREIGN KEY (`id_spd`) REFERENCES `tb_spd` (`id_spd`) ON DELETE CASCADE ON UPDATE CASCADE;

--
-- Constraints for table `tb_riil`
--
ALTER TABLE `tb_riil`
  ADD CONSTRAINT `FK_tb_riil_tb_spd` FOREIGN KEY (`id_spd`) REFERENCES `tb_spd` (`id_spd`) ON DELETE CASCADE ON UPDATE CASCADE;

--
-- Constraints for table `tb_rincian`
--
ALTER TABLE `tb_rincian`
  ADD CONSTRAINT `FK_tb_rincian_tb_spd` FOREIGN KEY (`id_spd`) REFERENCES `tb_spd` (`id_spd`) ON DELETE CASCADE ON UPDATE CASCADE;

--
-- Constraints for table `tb_ta`
--
ALTER TABLE `tb_ta`
  ADD CONSTRAINT `FK_tb_ta_tb_satker` FOREIGN KEY (`id_satker`) REFERENCES `tb_satker` (`id_satker`) ON DELETE CASCADE ON UPDATE CASCADE;

/*!40101 SET CHARACTER_SET_CLIENT=@OLD_CHARACTER_SET_CLIENT */;
/*!40101 SET CHARACTER_SET_RESULTS=@OLD_CHARACTER_SET_RESULTS */;
/*!40101 SET COLLATION_CONNECTION=@OLD_COLLATION_CONNECTION */;
